held_out_trial,normalized_phase,actual_lateral_right_m,training_mean_lateral_right_m,polynomial_ridge_lateral_right_m,actual_vertical_headward_m,training_mean_vertical_headward_m,polynomial_ridge_vertical_headward_m,actual_forward_nose_proxy_m,training_mean_forward_nose_proxy_m,polynomial_ridge_forward_nose_proxy_m
S43A13T01,0.0,0.0,0.0,0.0,0.0,0.0,0.0,0.0,0.0,0.0
S43A13T01,0.01,0.003166426517066872,0.009784259716381579,0.007870355138801959,-0.000489613781504381,-0.004648435337387926,-0.01282199930564068,-0.00043178711825164653,9.52448096941775e-05,0.0012610034983833037
S43A13T01,0.02,0.006332853034133744,0.01942450746590014,0.016308574799845273,-0.000979227563008762,-0.009638124995801524,-0.024864056314128868,-0.0008635742365032931,0.0003551438717067054,0.002229174779725027
S43A13T01,0.03,0.009499279551200616,0.028236686405956345,0.02525264310745912,-0.001468841344513143,-0.016590027000112733,-0.03616247258892164,-0.0012953613547549395,0.0015618048845497466,0.0029238653315334004
S43A13T01,0.04,0.012665706068267488,0.03721722644658631,0.034643645579651806,-0.001958455126017524,-0.023214142724232317,-0.046753044096265295,-0.0017271484730065861,0.0023415829310033565,0.003363717318945536
S43A13T01,0.05,0.01673991460217781,0.04659762410107893,0.04442570202010607,-0.003179278631962463,-0.029059766032896773,-0.0566710491874588,-0.0018660577153357023,0.002107513932282068,0.0035666759607088042
S43A13T01,0.06,0.0212982735450713,0.055897622159128774,0.05454589941017426,-0.00479008065760903,-0.036469524127777514,-0.06595123658111711,-0.0018487654238394686,0.0026919803176851786,0.0035500019051622283
S43A13T01,0.07,0.025856632487964798,0.06509712072162517,0.06495422480087375,-0.0064008826832556,-0.04583445070542861,-0.07462781334543457,-0.001831473132343235,0.00429961593324379,0.0033302836062178683
S43A13T01,0.08,0.03041499143085829,0.07343085536363825,0.07560349820488198,-0.008011684708902168,-0.05349925726528229,-0.08273443288044835,-0.0018141808408470013,0.0024386315008305065,0.0029234496993422007
S43A13T01,0.09,0.034893772476505144,0.08116937731031905,0.08644930548853196,-0.009843984005356979,-0.059995231312900243,-0.0903041829003018,-0.0020314003377608914,-0.0018070292145634435,0.002344781377537511
S43A13T01,0.1,0.039190661185588255,0.09010903018527866,0.09744993126380737,-0.012182562777944918,-0.06863824855331695,-0.09736957341550781,-0.0027846467796122077,-0.002662408949046561,0.0016089247673232734
S43A13T01,0.11,0.04348754989467136,0.0994690788851358,0.10856629178033787,-0.014521141550532855,-0.0780327309112132,-0.10396252471521224,-0.003537893221463523,-0.0023311903402108898,0.0007299033047175466
S43A13T01,0.12,0.04778443860375446,0.11089718917749236,0.11976186781739444,-0.016859720323120792,-0.08935094500444764,-0.11011435534945727,-0.004291139663314838,-0.002831842005585568,-0.0002788698887816607
S43A13T01,0.13,0.05208132731283757,0.12301287027822626,0.13100263757588446,-0.019198299095708735,-0.10118444078320593,-0.11585577011144482,-0.005044386105166155,-0.0033312493210723147,-0.001404579630214976
S43A13T01,0.14,0.05574140285223374,0.14628419222114664,0.14225700957034715,-0.021299136619426957,-0.12016313224573483,-0.12121684801979996,-0.005336528670380475,-0.0010947251482893324,-0.002634996299180305
S43A13T01,0.15,0.0593725323384623,0.166127650138403,0.15349575552094877,-0.02338916772274201,-0.13712400726552557,-0.12622703030083413,-0.005607711968474933,0.0002853544980404756,-0.003958463461851427
S43A13T01,0.16,0.06300366182469086,0.17088850634273808,0.16469194324547792,-0.025479198826057068,-0.14520648993726878,-0.13091510837080883,-0.005878895266569391,-0.0021029217720236505,-0.005363885494996623
S43A13T01,0.17,0.06663479131091944,0.17782569557338088,0.17582086955134069,-0.027569229929372125,-0.15357932554400258,-0.13530921181819872,-0.0061500785646638485,-0.00461994833472306,-0.006840715209997272
S43A13T01,0.18,0.07096062004359613,0.18911555085663903,0.18685999312755594,-0.02975924588427166,-0.1625328670207175,-0.13943679638595516,-0.006689826629220465,-0.0073944754826930255,-0.008378941476866483
S43A13T01,0.19,0.07573304114898947,0.19980447555642977,0.1977888674367509,-0.0320135378151898,-0.16972894288035068,-0.1433246319537696,-0.0074022234722170436,-0.009694824984141906,-0.009969076848267712
S43A13T01,0.2,0.08050546225438282,0.20984624424325551,0.20858907360715587,-0.03426782974610794,-0.1750323634600497,-0.14699879052033676,-0.00811462031521362,-0.011484521635491152,-0.01160214518353336
S43A13T01,0.21,0.08527788335977615,0.22104048331816542,0.21924415332459987,-0.03652212167702607,-0.17853008155552416,-0.15048463418561844,-0.008827017158210196,-0.013156274070691846,-0.013269669272683372
S43A13T01,0.22,0.0899333084502032,0.2329126461507719,0.22973954172450586,-0.038994771652795295,-0.18096562171910194,-0.15380680313310635,-0.009403545799491939,-0.014758647555216926,-0.014963658460443927
S43A13T01,0.23,0.09425724483155906,0.24010560857364405,0.24006250028388587,-0.04208610275564259,-0.18509352561343728,-0.15698920361208607,-0.00959511453591498,-0.015389117443003966,-0.016676596270265954
S43A13T01,0.24,0.0985811812129149,0.24596165659373495,0.25020204971333637,-0.04517743385848988,-0.18970496200227482,-0.16005499591989997,-0.00978668327233802,-0.015741900588865848,-0.018401428028343807
S43A13T01,0.25,0.10290511759427076,0.256982012378873,0.2601489028490335,-0.04826876496133717,-0.19388671923311296,-0.16302658238421097,-0.009978252008761061,-0.01595353128123881,-0.020131548487633863
S43A13T01,0.26,0.10722905397562663,0.2689224693644806,0.26989539754472847,-0.051360096064184464,-0.19667790844481783,-0.16592559534526546,-0.010169820745184101,-0.016601269238699288,-0.021860789451873162
S43A13T01,0.27,0.11431258806759918,0.2871998835909088,0.2794354295637424,-0.0557965904285965,-0.1825166765753574,-0.16877288513815739,-0.010365698530617019,-0.022841500463242476,-0.02358340739959794
S43A13T01,0.28,0.1216589409891543,0.302497450657559,0.2887643854709622,-0.06036119557982422,-0.1718555869216074,-0.17158850807509082,-0.010561986701669922,-0.02750860582884806,-0.025294071108162366
S43A13T01,0.29,0.12900529391070936,0.3073655526649865,0.2978790755248353,-0.06492580073105192,-0.17344499502284394,-0.1743917144276439,-0.010758274872722826,-0.026669770688172056,-0.026987849277757058
S43A13T01,0.3,0.13635164683226444,0.31174142535963445,0.3067776665693651,-0.06949040588227964,-0.17525742481266668,-0.17720093640903223,-0.010954563043775732,-0.026904011053604248,-0.02866019815542771
S43A13T01,0.31,0.14289145833080677,0.315280508222557,0.3154596149261065,-0.07327752105765573,-0.1774489914730859,-0.18003377615637187,-0.011867357093645961,-0.028962479779420378,-0.0303069491590938
S43A13T01,0.32,0.1488108533501085,0.3201164175933137,0.3239255992861607,-0.07646656702083826,-0.17904438588371743,-0.1829069937129431,-0.013331309511837214,-0.03153513166537607,-0.03192429650156705
S43A13T01,0.33,0.1547302483694102,0.32615652300705916,0.3321774536021709,-0.07965561298402078,-0.18008619177668897,-0.18583649501045368,-0.014795261930028466,-0.034585239342889915,-0.033508784814570154
S43A13T01,0.34,0.16064964338871193,0.3337771691864342,0.3402180999803169,-0.08284465894720332,-0.18140410723948616,-0.18883731985130198,-0.016259214348219718,-0.03697210158619166,-0.03505729677275539
S43A13T01,0.35000000000000003,0.1665142674611827,0.34218808574862397,0.3480514815723113,-0.0863452316880582,-0.18286007748719613,-0.191923629890841,-0.01759448742534807,-0.03902734111238735,-0.03656704071772316
S43A13T01,0.36,0.17218171612506195,0.3503192869536778,0.3556824954673939,-0.09096730082853358,-0.18433072093408287,-0.19510869661964103,-0.018466514874649988,-0.04046446325111447,-0.03803553828204065
S43A13T01,0.37,0.17784916478894125,0.3583869164866554,0.36311692558432795,-0.09558936996900896,-0.18580469919896433,-0.1984048893457535,-0.01933854232395191,-0.041761104165416923,-0.03946061201326051
S43A13T01,0.38,0.18351661345282053,0.366781392742967,0.3703613755633939,-0.10021143910948435,-0.1885199713258692,-0.20182366317697437,-0.020210569773253834,-0.04240938783224745,-0.040840372997939293
S43A13T01,0.39,0.18918406211669983,0.3749882031956138,0.37742320165838644,-0.10483350824995974,-0.1915039384634641,-0.20537554700310698,-0.021082597222555753,-0.0431171669610616,-0.042173208485656345
S43A13T01,0.4,0.1964031333858667,0.38159311899637854,0.38431044562860817,-0.10991574927856969,-0.19625552911364844,-0.20907013147822645,-0.0218267286161484,-0.04450040432342842,-0.04345776951303199
S43A13T01,0.41000000000000003,0.20385494804582668,0.3882266934720145,0.3910317676308664,-0.11506701609039982,-0.2012759263827387,-0.21291605700294197,-0.02255167560138465,-0.04573801874509395,-0.04469295852774672
S43A13T01,0.42,0.21130676270578663,0.3949421498758545,0.3975963791114665,-0.12021828290222993,-0.20706434256298842,-0.21692100170666098,-0.023276622586620898,-0.046559567621898584,-0.045877917012559236
S43A13T01,0.43,0.21875857736574664,0.40145834265869773,0.4040139756982091,-0.12536954971406006,-0.21245332119248792,-0.22109166942985178,-0.024001569571857152,-0.04725893202274046,-0.04701201310932545
S43A13T01,0.44,0.22657260732432682,0.4076846974473638,0.41029467009238463,-0.13103274468314288,-0.2172612997481688,-0.22543377770630807,-0.0254030731736229,-0.04778057354945467,-0.04809482924301703
S43A13T01,0.45,0.23471866797330884,0.413968866959135,0.41644892496076763,-0.13716520712970737,-0.22209180652309443,-0.2299520457454112,-0.02742475367387402,-0.04899571685669326,-0.04912614974573975
S43A13T01,0.46,0.24286472862229086,0.4202992882493903,0.42248748582761375,-0.14329766957627182,-0.22694033587341578,-0.234650182414394,-0.02944643417412514,-0.05076566158835133,-0.0501059484807526
S43A13T01,0.47000000000000003,0.25101078927127285,0.42751827831689443,0.4284213139666536,-0.1494301320228363,-0.23156620053193375,-0.2395308742206045,-0.031468114674376255,-0.05122049966699647,-0.05103437646648585
S43A13T01,0.48,0.25960452674835005,0.435111402606398,0.43426151929308865,-0.1560692936639019,-0.23609831163600803,-0.24459577329376878,-0.03326169965629202,-0.05112160862858354,-0.05191174950055998
S43A13T01,0.49,0.27032472915887956,0.44036144488223283,0.44001929325558603,-0.16511527647884816,-0.24254550766620464,-0.2498454853682546,-0.03397183092611489,-0.053275941798057114,-0.05273853578380438
S43A13T01,0.5,0.28104493156940913,0.44520399463395144,0.4457058417282749,-0.1741612592937944,-0.2493257619444225,-0.2552795577653348,-0.03468196219593775,-0.05582214004716312,-0.05351534354427573
S43A13T01,0.51,0.29176513397993864,0.4518110541537948,0.4513323179027403,-0.18320724210874062,-0.2557003545089363,-0.26089646737545075,-0.03539209346576062,-0.05498787558421506,-0.054242908661276686
S43A13T01,0.52,0.30248533639046815,0.45830847322204266,0.45690975518002014,-0.19225322492368685,-0.26202133037903313,-0.26669360864047487,-0.036102224735583485,-0.05438782040706797,-0.05492208228937469
S43A13T01,0.53,0.3124186640865244,0.46417545969361695,0.4624490000625972,-0.20108597401270092,-0.26803401025623197,-0.2726672815359762,-0.037594501657609095,-0.05513446862327653,-0.0555538184824201
S43A13T01,0.54,0.32218633394795476,0.4701613812328249,0.46796064504639845,-0.20987383179099245,-0.2742973713156299,-0.27881267955348144,-0.03925144082220369,-0.05593617887890604,-0.056139161817565245
S43A13T01,0.55,0.3319540038093851,0.47642977355766264,0.47345496151278776,-0.21866168956928395,-0.2811561001827509,-0.28512387768273917,-0.0409083799867983,-0.05686866147816041,-0.05667923501928305
S43A13T01,0.56,0.34172167367081546,0.48220262937090014,0.4789418326205628,-0.22744954734757547,-0.288358508878804,-0.2915938203939837,-0.042565319151392896,-0.05800625290163478,-0.05717522658338551
S43A13T01,0.5700000000000001,0.35060910276565804,0.4873560645446373,0.484430686197948,-0.23700199775159456,-0.29599051736102244,-0.29821430962019785,-0.04382737415017848,-0.05940023035538417,-0.057628378401042124
S43A13T01,0.58,0.35853626920604115,0.49287313224323465,0.4899304276345916,-0.24738854920186173,-0.30271156952891204,-0.304975992739377,-0.04465864642262696,-0.060220792679739454,-0.05803997338279878
S43A13T01,0.59,0.36646343564642436,0.49864019730267345,0.49544937277356005,-0.25777510065212905,-0.30880633923070067,-0.31186835055679174,-0.045489918695075446,-0.060647132102636274,-0.058411323082596146
S43A13T01,0.6,0.3743906020868076,0.5048866950949603,0.5009951808033357,-0.26816165210239634,-0.31615508191548153,-0.31887968528725136,-0.04632119096752393,-0.060989696249923696,-0.058743755321788785
S43A13T01,0.61,0.38216094958118824,0.511300994343744,0.5065747871498077,-0.27888654586133477,-0.3239427151443098,-0.325997108537368,-0.047400114255304875,-0.06130293905074783,-0.05903860181316311
S43A13T01,0.62,0.3888858374355519,0.5177902515502707,0.5121943363682712,-0.2918670550114141,-0.33317253423913634,-0.33320652928781874,-0.05013004431196893,-0.05942916162740214,-0.059297185784956415
S43A13T01,0.63,0.3956107252899156,0.5241656234824982,0.5178591150354194,-0.3048475641614934,-0.34256220737855436,-0.3404926418756109,-0.05285997436863298,-0.05733001862780684,-0.059520809604875165
S43A13T01,0.64,0.40233561314427924,0.527336364920279,0.5235734846413422,-0.3178280733115727,-0.351420981612857,-0.34783891397634265,-0.05558990442529704,-0.056479186374272954,-0.059710742404114114
S43A13T01,0.65,0.4090605009986429,0.5309703161549579,0.5293408144815192,-0.330808582461652,-0.36037721191804534,-0.3552275745864694,-0.0583198344819611,-0.05566437340425027,-0.05986820770137428
S43A13T01,0.66,0.4196129617859603,0.5366423904959884,0.5351634145488139,-0.34314287703092394,-0.36976224893513154,-0.36263960200556555,-0.060323974427981514,-0.0550080452816768,-0.05999437102688203
S43A13T01,0.67,0.431228637276876,0.5426431040836195,0.5410424684254735,-0.35529766754997166,-0.37848755162213926,-0.3700547118185873,-0.06212650600993426,-0.054890519406236134,-0.06009032754640802
S43A13T01,0.68,0.4428443127677917,0.5493010961644519,0.5469779661751187,-0.3674524580690194,-0.38589338564898973,-0.37745134487813764,-0.063929037591887,-0.05585059802506103,-0.060157089685284625
S43A13T01,0.6900000000000001,0.4544599882587073,0.5555940830325835,0.5529686372347423,-0.3796072485880671,-0.3929601629584963,-0.3848066552867291,-0.06573156917383975,-0.05757231885568581,-0.06019557475242537
S43A13T01,0.7000000000000001,0.46567116867569497,0.56149398736396,0.5590118833067057,-0.39296738307919304,-0.3996618022647092,-0.39209649837904553,-0.06777748149939505,-0.06011426976055659,-0.06020659256434446
S43A13T01,0.71,0.47635650549657615,0.5672677347364403,0.5651037112507277,-0.4078944647340205,-0.404508374962586,-0.39929541870420926,-0.07013978879163366,-0.05957961056786756,-0.060190833069172875
S43A13T01,0.72,0.4870418423174574,0.5729672721330997,0.5712386659758865,-0.4228215463888481,-0.40826373200850036,-0.4063766380080407,-0.07250209608387227,-0.0572351807295551,-0.06014885397067933
S43A13T01,0.73,0.49772717913833864,0.5758595761334048,0.5774097633326154,-0.43774862804367576,-0.4146928833744439,-0.413312043215323,-0.0748644033761109,-0.05840929905070016,-0.060081068352288325
S43A13T01,0.74,0.5088646664303398,0.5779498134490373,0.5836084230046903,-0.45213274444429596,-0.4218859759746814,-0.4200721744120665,-0.07735364905598742,-0.06058871684597594,-0.05998773230109778
S43A13T01,0.75,0.5247497336690996,0.5828368881458915,0.5898244014012328,-0.460815725675739,-0.4399435768332369,-0.4266262128277707,-0.08117574780606189,-0.06002185339240501,-0.05986893253189886
S43A13T01,0.76,0.5406348009078594,0.5879230490687019,0.5960457245487015,-0.46949870690718193,-0.45784754857666754,-0.43294196881768865,-0.08499784655613635,-0.05963567877898659,-0.059724574011193764
S43A13T01,0.77,0.5565198681466192,0.5927009504347381,0.6022586209828917,-0.4781816881386249,-0.462966648122722,-0.43898586984508897,-0.0888199453062108,-0.06425439591632053,-0.05955436758121529
S43A13T01,0.78,0.5724049353853791,0.5980719630191088,0.6084474546409226,-0.48686466937006784,-0.4675504991030346,-0.44472294846352095,-0.09264204405628527,-0.0670531838596692,-0.05935781758394417
S43A13T01,0.79,0.598033251249068,0.6055188648676486,0.6145946577532386,-0.5073294911435995,-0.47026098010325096,-0.4501168302990777,-0.09677281114170598,-0.06348221962406993,-0.05913420948512823
S43A13T01,0.8,0.6271003607450847,0.6138385278267706,0.6206806637356046,-0.5319526095790444,-0.47219440554043696,-0.45512972203265817,-0.10101251999254302,-0.06083299070445695,-0.058882597498301506
S43A13T01,0.81,0.6561674702411014,0.6236418846738819,0.6266838400811011,-0.5565757280144895,-0.47280683652047095,-0.45972239938223025,-0.10525222884338005,-0.05975071182202064,-0.05860179220880303
S43A13T01,0.8200000000000001,0.6852345797371182,0.6285918434187876,0.6325804212521152,-0.5811988464499346,-0.47014526043583404,-0.46385419508509823,-0.10949193769421708,-0.058351831262012384,-0.0582903481977934
S43A13T01,0.8300000000000001,0.7075345755039177,0.6290350753545022,0.6383444415723387,-0.5867028833504511,-0.46444353493400287,-0.4674829868801609,-0.11767117376259822,-0.056658963429973064,-0.057946551666275825
S43A13T01,0.84,0.7193079499141574,0.6351766681103882,0.6439476681187687,-0.5624661267521909,-0.46167630023056505,-0.4705651854901763,-0.1319785632804921,-0.05604437552891641,-0.05756840805911453
S43A13T01,0.85,0.7310813243243972,0.6441674412763598,0.6493595336136916,-0.5382293701539304,-0.46037631092632375,-0.47305572260402917,-0.14628595279838613,-0.05596892759335103,-0.057153629689050814
S43A13T01,0.86,0.742854698734637,0.6546876133670535,0.6545470693166892,-0.5139926135556699,-0.4590678201414895,-0.47490803885898963,-0.16059334231628017,-0.056104767586594086,-0.056699623360724864
S43A13T01,0.87,0.753406299098165,0.6655553761224567,0.6594748379166266,-0.49132599283729467,-0.45775739720197484,-0.4760740718229767,-0.174073216939997,-0.05628862756365726,-0.05620347799469255
S43A13T01,0.88,0.7370788704340351,0.6783006191013131,0.6641048664236519,-0.5032023614763916,-0.4564020600125733,-0.4765042439768261,-0.16934776389181624,-0.058116930250434,-0.055661952251444796
S43A13T01,0.89,0.720751441769905,0.6894244058940906,0.6683965790611854,-0.5150787301154887,-0.4552216831763818,-0.476147450696549,-0.1646223108436355,-0.05937332091644535,-0.05507146215542453
S43A13T01,0.9,0.7044240131057751,0.6869988569756327,0.672306730157927,-0.5269550987545856,-0.45545480893506785,-0.4749510482355966,-0.15989685779545473,-0.05554843304411448,-0.0544280687190489
S43A13T01,0.91,0.6880965844416451,0.6848827805960994,0.6757893370398392,-0.5388314673936826,-0.4553541082946914,-0.47286084170712456,-0.15517140474727398,-0.05209524071662508,-0.05372746556672424
S43A13T01,0.92,0.6845483058256034,0.6836509114706365,0.6787956129221457,-0.5411181662966505,-0.4542996179427082,-0.46982107306625626,-0.15443737768680804,-0.049704035660111306,-0.05296496655886566
S43A13T01,0.93,0.6865909053556001,0.6825878884721038,0.6812738998013265,-0.5392093846900622,-0.45275393617833104,-0.4657744090923465,-0.15544959949596723,-0.04867447613777746,-0.05213549341591705
S43A13T01,0.9400000000000001,0.6886335048855968,0.681770459840015,0.6831696013471221,-0.5373006030834738,-0.45049379417774443,-0.46066192937124134,-0.15646182130512643,-0.04962549193788701,-0.05123356334236854
S43A13T01,0.9500000000000001,0.6906761044155936,0.6815156344424929,0.6844251157945113,-0.5353918214768855,-0.44854417511369055,-0.4544231142775477,-0.15747404311428562,-0.049866755100073955,-0.05025327665077416
S43A13T01,0.96,0.6959517436582132,0.6817108916326239,0.6849797688357261,-0.5305721052801532,-0.44684297439886295,-0.44699583295688944,-0.15487007858341706,-0.04954021615192283,-0.04918830438577376
S43A13T01,0.97,0.707289332362001,0.6809290564065633,0.6847697465122274,-0.5202943867269011,-0.4430928112040897,-0.43831633130818015,-0.14548576466499635,-0.04882921371909704,-0.048031875948107323
S43A13T01,0.98,0.7186269210657887,0.6797358138473694,0.6837280281067175,-0.5100166681736491,-0.4384799269651289,-0.4283192199658745,-0.13610145074657565,-0.04795633192430296,-0.04677676671863701
S43A13T01,0.99,0.7299645097695766,0.6783083476056913,0.6817843190351265,-0.499738949620397,-0.43470709866357277,-0.416937462282244,-0.12671713682815494,-0.04584411882749456,-0.04541528568236414
S43A13T01,1.0,0.7413020984733644,0.6768401468105377,0.6788649837386034,-0.4894612310671449,-0.4310803670467827,-0.4041023623096307,-0.11733282290973422,-0.043516369852074986,-0.043939263052447775
S43A13T02,0.0,0.0,0.0,0.0,0.0,0.0,0.0,0.0,0.0,0.0
S43A13T02,0.01,0.020810282384275375,0.003902974427312078,0.0028541565582789305,-0.010025847232259757,-0.0014696908538028009,-0.002756760114560789,-0.0014815331421772842,0.00044516015100272335,0.0009944260290595968
S43A13T02,0.02,0.04118852886796169,0.007805948854624156,0.006021067659077388,-0.02107545742759653,-0.0029393817076056017,-0.0053342208809064135,-0.002469103527399517,0.0008903203020054467,0.0018362717565197119
S43A13T02,0.03,0.05908256892326095,0.011708923281936234,0.009473015886495907,-0.03801170466062614,-0.0044090725614084015,-0.00775047842463215,-0.0006163880601302101,0.0013354804530081703,0.0025401396171337207
S43A13T02,0.04,0.0772186242473385,0.015699587053562638,0.013184119787720541,-0.0538791451051518,-0.005907246064520889,-0.010023461790665456,-7.96574941182549e-05,0.0017924192713739129,0.003119714916041384
S43A13T02,0.05,0.09592946583476446,0.020201107023550043,0.017130283197488282,-0.06720816942698059,-0.0077168024345574,-0.012170916692521683,-0.0026683910685925093,0.0023749583833676704,0.003587789890931565
S43A13T02,0.06,0.1143591341699447,0.024877335284170975,0.02128914456255251,-0.08532917494325898,-0.009623159365894201,-0.0142103892615598,-0.002560976360543255,0.0029293839632531077,0.003956287774204974
S43A13T02,0.07,0.13243733593981782,0.02957021957100749,0.025640026266148443,-0.1094401569525994,-0.011488025948980685,-0.01615920979623812,0.0009166237006603848,0.003383583655575916,0.0042362868551368785
S43A13T02,0.08,0.1487633969567104,0.03398138685502088,0.030163883952458562,-0.12825794288557552,-0.013417171206391174,-0.018034476511369982,-0.005246754468919257,0.0035828227101879252,0.004438044542039843
S43A13T02,0.09,0.16388486120592885,0.038172347733844494,0.03484325585107806,-0.1434366565160512,-0.015464340476002167,-0.019853039287379515,-0.018038305172162376,0.0035286057302370516,0.0045710214244264495
S43A13T02,0.1,0.18260971823998365,0.04230267783381353,0.03966221210148028,-0.16505649972492314,-0.017680269570990868,-0.02163148341955733,-0.020659012932673,0.0032957131019737025,0.004643905335172025
S43A13T02,0.11,0.20259576274873112,0.04643300793378256,0.04460630407748214,-0.18893073828623375,-0.019896198665979567,-0.023386113367316233,-0.019719925663227254,0.0030628204737103534,0.004664635412677377
S43A13T02,0.12,0.22533371360250187,0.05171409751124322,0.04966251371170962,-0.2195032925835601,-0.021803087584301203,-0.025132936503446945,-0.021911272615969313,0.003041535645299257,0.004640426163031504
S43A13T02,0.13,0.24970284207734525,0.05713903202339035,0.054819202820063175,-0.25173758200370816,-0.023671346480539455,-0.02688764686337385,-0.024178239443992177,0.0030467017918696924,0.004577791522174343
S43A13T02,0.14,0.30753889307874815,0.06235169547897516,0.06006606242618309,-0.30540745847516804,-0.02546035829382114,-0.028665608894410655,-0.01823741180720585,0.003205569230652459,0.004482568918059481
S43A13T02,0.15,0.35537651630045203,0.06745965548440643,0.06539406208591513,-0.3528112687726406,-0.027316640248892715,-0.03048184120501615,-0.014657888965514879,0.0033020801637204575,0.0043599433328168884
S43A13T02,0.16,0.3592210572914812,0.07214937452047464,0.0707953992117757,-0.37264438790456994,-0.029484760244431165,-0.03235100031404994,-0.02146810722224339,0.003093482213201016,0.004214471364915649
S43A13T02,0.17,0.3696862956678517,0.07680852745440346,0.07626344839741761,-0.3924210002505559,-0.03196206877027466,-0.03428736440002809,-0.029035530116625775,0.0030085355159309157,0.0040501052913266816
S43A13T02,0.18,0.3933929288149047,0.0816381145995362,0.08179271074209514,-0.41208459902465494,-0.035091082640589744,-0.03630481705037891,-0.03811736228631587,0.0030813697363387764,0.0038702171296854746
S43A13T02,0.19,0.4143368515433233,0.08693653875831851,0.08737876317512991,-0.42643231776253815,-0.03825601623123456,-0.03841683101069869,-0.04606874658112832,0.0031940160521618526,0.0036776227004548002
S43A13T02,0.2,0.4323055476670586,0.09257954910569692,0.09301820778037588,-0.4350552426152659,-0.04143655917033035,-0.04063645193400731,-0.05280272547222637,0.0034115134168464303,0.0034746056890874568
S43A13T02,0.21,0.4537316549550464,0.09822255945307534,0.09870862112068512,-0.43826106001532017,-0.044617102109426134,-0.042976282130004075,-0.05918287171487875,0.0036290107815310072,0.003262941708188996
S43A13T02,0.22,0.4771915335161239,0.10382657112879834,0.10444850356237313,-0.43828034361968427,-0.047870431063472295,-0.04544846431432335,-0.0653548811055043,0.0038917975467871956,0.0030439223596804236
S43A13T02,0.23,0.4870514834506329,0.10917419570061944,0.11023722859968425,-0.44393428012486696,-0.05114413315702918,-0.048064665357790366,-0.06895204233666251,0.004396525157245212,0.0028183792969609686
S43A13T02,0.24,0.49302573949183665,0.1144801371674277,0.1160749921792571,-0.451198117458855,-0.05436473413548646,-0.050836060035676804,-0.07181353266511575,0.004933715875393396,0.0025867082870707683
S43A13T02,0.25,0.5144929188281819,0.119786078634236,0.12196276202459017,-0.4571729173188448,-0.05758533511394374,-0.05377331477695667,-0.07425156563310223,0.005470906593541579,0.0023488932728536467
S43A13T02,0.26,0.5387611443192631,0.1250784392499351,0.12790222696050702,-0.4590729343187093,-0.060773629026642885,-0.056886571413561876,-0.07788982466832853,0.005972065402348852,0.0021045304351197686
S43A13T02,0.27,0.582549523449401,0.1311209051303082,0.13389574623762188,-0.411327203041008,-0.06400647237122024,-0.06018543092963803,-0.09695436690451883,0.006021388994724794,0.001852852254808461
S43A13T02,0.28,0.6176887522279821,0.13715418024461642,0.13994629885680504,-0.3733995548217266,-0.06750946717430663,-0.06367893721080015,-0.1107512454537229,0.005887813755169603,0.001592751575150835
S43A13T02,0.29,0.6225559547761149,0.14284866570985133,0.14605743289364845,-0.36983519730691483,-0.07180852949755633,-0.06737556079338831,-0.10611130109847533,0.00511457138707878,0.0013228056638325918
S43A13T02,0.3,0.6260726084059727,0.14850110483506504,0.15223321482293073,-0.3660554822895965,-0.07640239934356106,-0.07128318261372357,-0.1044567111569772,0.004263371650796243,0.0010413002751567442
S43A13T02,0.31,0.6272933288747627,0.15381321804123838,0.1584781788430832,-0.36190965951801696,-0.0812382786529655,-0.07540907775736336,-0.10787722371885317,0.0030408090956486875,0.0007462537122062995
S43A13T02,0.32,0.6324045288670551,0.1589185257543315,0.16479727620065476,-0.3559753199970743,-0.08587480155830542,-0.07975989920835747,-0.11284028576114781,0.0016345270843941267,0.0004354408890070133
S43A13T02,0.33,0.6411283169883139,0.16402383346742463,0.17119582451477777,-0.3483802149231517,-0.09051132446364535,-0.08434166159850369,-0.11923571517811692,0.0002282450731395646,0.00010641739269013194
S43A13T02,0.34,0.6498357009782602,0.1707151499899181,0.17767945710163321,-0.34241190851845227,-0.09488169071573649,-0.08915972495660344,-0.12496616146465342,-0.0007364525473804231,-0.00024345645434491737
S43A13T02,0.35000000000000003,0.6585348829025502,0.1781812139348348,0.1842540722989162,-0.3372570014483645,-0.09922282090042735,-0.0942187784577176,-0.13036411618597363,-0.001437464858845495,-0.0006169915322677684
S43A13T02,0.36,0.6663949187554324,0.18558155274355434,0.19092578279030148,-0.332146113975807,-0.10393778321832504,-0.0995228241724222,-0.13390771874488813,-0.001984061961035086,-0.0010171458616543743
S43A13T02,0.37,0.6740642395920858,0.19298189155227385,0.19770086492990885,-0.3270452309572337,-0.10865274553622274,-0.10507516081606413,-0.13702987763052865,-0.0025306590632246805,-0.0014470005413243577
S43A13T02,0.38,0.6783291508362133,0.20184388028183609,0.20458570806676862,-0.32395010399239643,-0.11394041636489854,-0.11087836749801683,-0.13858344011835685,-0.002951764383879773,-0.0019097356861781788
S43A13T02,0.39,0.6821536042265798,0.21066502249232055,0.211586763869287,-0.32129809713952234,-0.11934907550027658,-0.11693428747093597,-0.14023426424188,-0.00339994462128684,-0.0024086063650345193
S43A13T02,0.4,0.6835019054307134,0.21922686164809627,0.21871049564971132,-0.32157389547351173,-0.12570281371533445,-0.12324401188001535,-0.14314582649644356,-0.004060705029996708,-0.0029469185384674106
S43A13T02,0.41000000000000003,0.6859217703206685,0.22753775271373392,0.22596332768859617,-0.3227991960660809,-0.132031866390845,-0.12980786351224238,-0.1456972456291113,-0.004689495402518399,-0.0035280049966436807
S43A13T02,0.42,0.6914032457415418,0.2349099888639361,0.2333515945592678,-0.32673736025459216,-0.138224650112201,-0.136625380545654,-0.14721968441350536,-0.00524521367960377,-0.0041552012971600395
S43A13T02,0.43,0.6962869302994247,0.2422822250141384,0.24088149045229068,-0.3294772117908526,-0.14441743383355707,-0.1436953002985923,-0.1483755697700111,-0.005800931956689144,-0.004831821702880555
S43A13T02,0.44,0.7003011008747762,0.24977519959721403,0.24855901849993223,-0.33047406310565725,-0.15078086027399737,-0.15101554297896014,-0.14899828650413385,-0.006582169105951017,-0.005561135119773763
S43A13T02,0.45,0.7022819981313148,0.258114423573133,0.25638994010062816,-0.3315795789992867,-0.15728701589990132,-0.15858319543347713,-0.151146515900323,-0.007755129447876927,-0.006346341034749965
S43A13T02,0.46,0.702636276732803,0.26704210554588625,0.2643797242434485,-0.3327720265559761,-0.16378221688018105,-0.16639449489693503,-0.15451515542616523,-0.0090760878376713,-0.007190545453498632
S43A13T02,0.47000000000000003,0.7056562616660378,0.2759697875186395,0.2725334968325626,-0.333296480037255,-0.17027741786046083,-0.17444481274145368,-0.15393847499296864,-0.010397046227465673,-0.00809673683832552
S43A13T02,0.48,0.7097986492652709,0.2850466951007577,0.28085599001170447,-0.3335396728552032,-0.17694151857224094,-0.18272863822573682,-0.15170060720859788,-0.011641972777814924,-0.009067762045989951
S43A13T02,0.49,0.7077965951681713,0.2945374895458022,0.2893514914886389,-0.33797601209784534,-0.18492526245987226,-0.1912395622443275,-0.15539445854339187,-0.012801732592298122,-0.010106302265542143
S43A13T02,0.5,0.7047259425151877,0.3039769909853585,0.29802379385962624,-0.343141594196956,-0.19299898364336865,-0.19997026107686386,-0.160119913203258,-0.014009489711389704,-0.011214848956160664
S43A13T02,0.51,0.7054135466046187,0.31392824994556806,0.3068761439338876,-0.3425399830078265,-0.2025894408759077,-0.2089124801373351,-0.1573693290340005,-0.014328797061468427,-0.012395679784989209
S43A13T02,0.52,0.7057602306481188,0.3238835084694925,0.3159111920580719,-0.3417141532354611,-0.21220102094177504,-0.218057017723337,-0.15496982775438126,-0.014765286067468722,-0.01365083456497459
S43A13T02,0.53,0.7041466244275157,0.3335994729132865,0.32513094144071847,-0.33959906660948963,-0.22186297939063573,-0.2273937087653276,-0.15458905309018184,-0.016136284812418935,-0.014982091192703082
S43A13T02,0.54,0.7028898234098138,0.3432602180788719,0.3345366974767254,-0.3382360235301155,-0.23150997406925558,-0.23691140857588325,-0.1543734645442454,-0.01756217097155881,-0.01639094158623849
S43A13T02,0.55,0.7024804347490012,0.3529209632444572,0.34412901707181326,-0.3386590838739102,-0.24115696874787543,-0.24659797659895366,-0.15455019302918344,-0.018988057130698694,-0.01787856762295928
S43A13T02,0.56,0.7009065746893439,0.3624743290313906,0.35390765796699164,-0.3413596051854205,-0.2503884895995223,-0.25644026015911825,-0.15472673542346443,-0.0206191141442776,-0.019445817077395584
S43A13T02,0.5700000000000001,0.6978771253811307,0.3716000570061464,0.3638715280630229,-0.34690695270657546,-0.2593555323760288,-0.2664240782108416,-0.1549030452044241,-0.022375006670635633,-0.021093179559066533
S43A13T02,0.58,0.6959385736474979,0.3804056974294157,0.3740186347448894,-0.34972143128474403,-0.26860060883461795,-0.2765342050877292,-0.15335910959720148,-0.023987304954881272,-0.022820762450317576
S43A13T02,0.59,0.6947500139963892,0.38921133785268514,0.38434603420625796,-0.3506570624646095,-0.2778456852932072,-0.2867543542517834,-0.15063250528560346,-0.025599603239126936,-0.02462826684415786
S43A13T02,0.6,0.6939345716761997,0.39837203856516296,0.39484978077394617,-0.3514134968301062,-0.28840446700624495,-0.2970671620426586,-0.14795542131124198,-0.027111619468684345,-0.02651496348209763
S43A13T02,0.61,0.6932497204218316,0.4076047373968628,0.4055248762323861,-0.3521072123105739,-0.2995358263278968,-0.3074541714269174,-0.14529566945491332,-0.02867108731754502,-0.02847966869198486
S43A13T02,0.62,0.6884431727093874,0.41793780645899226,0.416365219148092,-0.35651558919385484,-0.31162302284498944,-0.3178958157472859,-0.1393259240726493,-0.029697201707175352,-0.03052072032584336
S43A13T02,0.63,0.6829309549020034,0.4283922136118022,0.42736355419412375,-0.3613417761307738,-0.32373080338879423,-0.32837140247191043,-0.13298448716021255,-0.030621847697280314,-0.032635953697709386
S43A13T02,0.64,0.6724668281149391,0.4372926265967257,0.4385114214745535,-0.3649583749031394,-0.33571088108233466,-0.33885909694361177,-0.12773654942257406,-0.03243030470851394,-0.034822677521469204
S43A13T02,0.65,0.6633923307185688,0.4461930395816493,0.449799105848931,-0.3688673418881627,-0.34769095877587514,-0.34933590612914195,-0.12259666953546917,-0.03423876171974758,-0.037077649848696485
S43A13T02,0.66,0.660432202641253,0.4563693102108907,0.4612155862567479,-0.3740627290088793,-0.3594556316091464,-0.3597776623684399,-0.11793224419071191,-0.035805288694100004,-0.03939705400648906
S43A13T02,0.67,0.656905205712167,0.46741758127185573,0.4727484850419056,-0.3787038260049853,-0.3706854988038013,-0.37015900712388633,-0.11382138089714733,-0.037658894443831775,-0.04177647453530722
S43A13T02,0.68,0.6522444710795406,0.47950104339386906,0.48438401727717767,-0.38223634275186985,-0.38096542408803963,-0.38045337472956064,-0.11081764170596803,-0.04022106332036735,-0.04421087312680983
S43A13T02,0.6900000000000001,0.646488720808811,0.49158450551588223,0.4961069400886773,-0.3847516893467222,-0.391245349372278,-0.39063297614049597,-0.1100988291501884,-0.042783232196902936,-0.046694564561691694
S43A13T02,0.7000000000000001,0.6395537229278164,0.5035331359465861,0.5079005019803235,-0.3861716219316939,-0.4019270559805423,-0.40066878268193423,-0.11184070681714675,-0.04542652798797269,-0.0492211926475226
S43A13T02,0.71,0.6339531586602242,0.5147355170152244,0.5197463921583032,-0.3835390421509023,-0.41262684915695874,-0.4105305097985836,-0.10091817078446536,-0.04932014990359032,-0.051783706156581844
S43A13T02,0.72,0.6291375553416921,0.5256020344583548,0.5316246898555393,-0.37852263156672045,-0.42303003694920965,-0.42018660080387293,-0.08254597963434865,-0.05388721954606298,-0.0543743347636971
S43A13T02,0.73,0.6242918672144364,0.5336713467747055,0.5435138136561575,-0.377511034292421,-0.4347720812915288,-0.42960421062920723,-0.07722907857266345,-0.057621073985182646,-0.05698456498408245
S43A13T02,0.74,0.6194375834275454,0.5410921744499687,0.5553904708199473,-0.37764366939237365,-0.4467156676586555,-0.4387491895732244,-0.07564226039338727,-0.06115917973350932,-0.05960511611117354
S43A13T02,0.75,0.6177330443890139,0.5518424512392536,0.5672296066068309,-0.4103806380647165,-0.45675527270357774,-0.4475860670510503,-0.0670268072025892,-0.06473816692689591,-0.062225916154466675
S43A13T02,0.76,0.6162065026367254,0.5627324818257464,0.5790043536013281,-0.44265758409547973,-0.4667945895139016,-0.45607803534355484,-0.05905023723105011,-0.06828488188734866,-0.06483607777735499
S43A13T02,0.77,0.6137551822141155,0.5736225124122395,0.5906859810370216,-0.43657991353411435,-0.4768339063242255,-0.46418693334660716,-0.06608834251176811,-0.07183159684780142,-0.0674238742349667
S43A13T02,0.78,0.611696407998018,0.5849748054815626,0.602243844121021,-0.4315967067247312,-0.4859731533181468,-0.47187323032033146,-0.07077530513767798,-0.0743420968325383,-0.0699767153120013
S43A13T02,0.79,0.6110115455047134,0.6011927667824336,0.6136453333584304,-0.43044412304728547,-0.4958894361353557,-0.47909600963836396,-0.06723326847175998,-0.07332873384738527,-0.07248112326056727
S43A13T02,0.8,0.612944966343155,0.6185569926274138,0.624855823876811,-0.42696037268074816,-0.507191817839869,-0.48581295253710644,-0.06645643775380088,-0.07235168478403765,-0.0749227087380198
S43A13T02,0.81,0.6193294688455651,0.6359212184723941,0.6358386247506531,-0.41951363894275534,-0.5184941995443823,-0.4919803218649833,-0.07038045714737176,-0.07137463572069007,-0.07728614674479795
S43A13T02,0.8200000000000001,0.6147885437159814,0.6520738554258333,0.6465549283258308,-0.41035848012810017,-0.5270920492097788,-0.4975529458316978,-0.06907280059744605,-0.07182487696093606,-0.07955515256226105
S43A13T02,0.8300000000000001,0.6001025786424039,0.6648457409750068,0.6569637595440773,-0.39961692659940146,-0.5268055205176861,-0.5024842017574866,-0.06290715924284515,-0.07491363493655744,-0.0817124576905262
S43A13T02,0.84,0.5945467184697045,0.6767637452585391,0.6670219252674462,-0.39519244917928475,-0.5174341927548671,-0.5067259998223754,-0.05921987047923308,-0.08029727312933609,-0.0837397857863079
S43A13T02,0.85,0.5935559107474438,0.6900092458020111,0.6766839636027748,-0.3939265098134589,-0.5084772643731476,-0.510228766815436,-0.05677175801111531,-0.0858069925224413,-0.08561782860075093
S43A13T02,0.86,0.5892546693299178,0.7058876231686265,0.6859020932261571,-0.3978693129015355,-0.497775587026201,-0.5129414298840409,-0.05306639470044256,-0.09194708345853997,-0.08732622191727175
S43A13T02,0.87,0.5842010566180132,0.7219571236158405,0.6946261627073975,-0.4029959210927717,-0.48720075445014926,-0.5148114002831193,-0.04907529256191641,-0.09795460235635078,-0.08884352148939337
S43A13T02,0.88,0.5847798845764691,0.729066947720502,0.7028035998344887,-0.4079877865343468,-0.48814025165992153,-0.5157845571244126,-0.05001751855253098,-0.09789367869686243,-0.09014717897858328
S43A13T02,0.89,0.5847436689985895,0.7347603301511958,0.7103793609380668,-0.4128533948859395,-0.48929679491956485,-0.5158052311257312,-0.050245502054860045,-0.09749892384603719,-0.09121351789209027
S43A13T02,0.9,0.5780540464622231,0.72912217919015,0.7172958802158852,-0.4167504058252615,-0.4921897065781758,-0.5148161883602084,-0.04324159853424679,-0.09443351946451711,-0.09201770952078435
S43A13T02,0.91,0.5722928415426308,0.7234840282291041,0.7234930190572739,-0.4196459375673963,-0.49508261823678684,-0.5127586140055571,-0.03735278164815801,-0.09136811508299707,-0.09253374887698958
S43A13T02,0.92,0.5691842583852496,0.7221055939507545,0.728908015367607,-0.41968010017471086,-0.49477897331668813,-0.5095720960933261,-0.0346499265749961,-0.08963318603071528,-0.09273443063232405
S43A13T02,0.93,0.5662325533798274,0.7227073391306948,0.7334754328927682,-0.41947848319699016,-0.4926642366760217,-0.5051946092581554,-0.032517879105284454,-0.08965171626800504,-0.09259132505553737
S43A13T02,0.9400000000000001,0.5635090347772543,0.7234786165427959,0.7371271105436195,-0.41893391409558195,-0.48994935717370836,-0.4995624984870312,-0.031216097240591323,-0.09137406662606538,-0.09207475395034771
S43A13T02,0.9500000000000001,0.5591479970685372,0.7253583368915115,0.7397921117204574,-0.41749916424166383,-0.48784172752543115,-0.49261046286854265,-0.029725888280035785,-0.09244947337815723,-0.09115376659327651
S43A13T02,0.96,0.553476944074905,0.7292024914937266,0.7413966736374906,-0.4153522697857378,-0.4852495862303347,-0.4842715393421353,-0.028084937642790343,-0.0918019297987984,-0.0897961156714914
S43A13T02,0.97,0.5493661061177202,0.7335701318213236,0.7418641566472955,-0.41278811028192436,-0.47892823668574863,-0.474477086447372,-0.027038423744192183,-0.08831166069269843,-0.08796823322063604
S43A13T02,0.98,0.5459122008074607,0.7373073872668122,0.7411149935652854,-0.41004826023163193,-0.4718027296124679,-0.4631567680731819,-0.02624219899870867,-0.08457608250692528,-0.08563520656267451
S43A13T02,0.99,0.5417556244497486,0.7410446427123006,0.7390666389941807,-0.40982857799355377,-0.46467722253918714,-0.45023853720712115,-0.021727980347182173,-0.08084050432115215,-0.08276075424372407
S43A13T02,1.0,0.5374768444316098,0.7447818981577892,0.735633518648461,-0.4100471858097737,-0.4575517154659064,-0.4356486196846274,-0.016567154059822148,-0.077104926135379,-0.07930720197189345
S43A13T03,0.0,0.0,0.0,0.0,0.0,0.0,0.0,0.0,0.0,0.0
S43A13T03,0.01,0.004924682468595101,0.009198174399205504,0.0065107544203218395,-0.003571685773423341,-0.003621078006748273,-0.010987293388980532,0.0009596409570712636,-0.00036856454874679257,0.001532834099691888
S43A13T03,0.02,0.009849364937190202,0.018252336831547988,0.013817736579739207,-0.007143371546846682,-0.007583410334522217,-0.02151257435744069,0.0019192819141425272,-0.0005724748451752346,0.0026375739718134074
S43A13T03,0.03,0.014774047405785301,0.026478430454428117,0.021834044004267517,-0.010715057320270022,-0.013507955008193774,-0.03157710565430229,0.0028789228712137907,0.00017037680922683658,0.003347508944437756
S43A13T03,0.04,0.019698729874380403,0.034872885177882,0.030477349566289474,-0.014286743093693363,-0.0191047134016737,-0.04118367640401545,0.0038385638282850544,0.0004863454972394766,0.003694489759267836
S43A13T03,0.05,0.024623412342975506,0.04396979152081303,0.039669797944538544,-0.017858428867116704,-0.024166715954512027,-0.05033654128144703,0.0047982047853563185,-0.00011390690128193868,0.0037089570982751408
S43A13T03,0.06,0.02958806927448801,0.05313435691598987,0.04933790208408237,-0.021330537804739286,-0.030956038412067427,-0.05904135968676914,0.005517303612277273,0.0002366239723129316,0.003419970110338654
S43A13T03,0.07,0.034602694284647274,0.06218176678939768,0.05941243965630628,-0.024678175697610917,-0.03974201970064351,-0.06730513492034755,0.00593572477651034,0.0017105499636259312,0.0028552349378837424
S43A13T03,0.08,0.03961731929480654,0.07036341274232218,0.0698283495188967,-0.02802581359048254,-0.046827880971422174,-0.07513615335763014,0.006354145940743409,-0.0002841440930329636,0.0020411332435210454
S43A13T03,0.09,0.044631944304965795,0.07792332003416551,0.08052462817582468,-0.03137345148335417,-0.052818742153567834,-0.08254392362403543,0.0067725671049764765,-0.004741685028809233,0.001002750736685374
S43A13T03,0.1,0.04964656931512506,0.08662372747543305,0.09144422623732927,-0.034721089376225804,-0.06112540635388997,-0.0895391157698409,0.007190988269209545,-0.005987620631987145,-0.00023609429972540498
S43A13T03,0.11,0.054661194325284324,0.09574453074159815,0.10253394487990102,-0.03806872726909743,-0.07018353567169168,-0.09613350044507167,0.007609409433442613,-0.006046957891846269,-0.0016528224827114576
S43A13T03,0.12,0.060379062133443816,0.10669898133426259,0.11374433230626542,-0.039888319534835084,-0.08167474526720954,-0.10233988807438868,0.007870397939771295,-0.006885687873280946,-0.0032260648025321205
S43A13T03,0.13,0.06618483529135334,0.11831170095205433,0.1250295802053665,-0.04151690609718099,-0.09374490511604851,-0.10817206803197743,0.008111707363861931,-0.007716613810748344,-0.0049356340960669725
S43A13T03,0.14,0.07199060844926287,0.14086779035547026,0.1363474202123499,-0.043145492659526906,-0.11288101356570152,-0.11364474781643616,0.008353016787952566,-0.0056579069677336795,-0.006762496520176951
S43A13T03,0.15,0.0777963816071724,0.15998636704883298,0.14765902036854686,-0.044774079221872806,-0.12999570343248198,-0.11877349222566456,0.0085943262120432,-0.004448658228798902,-0.008688743025065492
S43A13T03,0.16,0.08360215476508193,0.16402234202927438,0.15892888158145724,-0.04640266578421872,-0.1382320009512149,-0.12357466253175207,0.008835635636133836,-0.0070077654062580584,-0.010697560827639582
S43A13T03,0.17,0.08931622961657329,0.17026521613816292,0.1701247340847333,-0.04895881793747979,-0.14644946287463334,-0.12806535565586644,0.009447898819972496,-0.00981927412960184,-0.012773204884870907
S43A13T03,0.18,0.09484690785522833,0.18115345491942828,0.18121743389816283,-0.05337010127257115,-0.15466258189128435,-0.13226334334314196,0.010802069523307195,-0.013225107533535577,-0.014900969367156933
S43A13T03,0.19,0.10037758609388338,0.19158962724146514,0.19218085928765277,-0.05778138460766252,-0.1611396606161931,-0.1361870113375683,0.012156240226641898,-0.016214312883761555,-0.017067159131682042
S43A13T03,0.2,0.10590826433253843,0.20137864355053695,0.202991807225213,-0.062192667942753896,-0.16572408406116768,-0.13985529855687878,0.013510410929976603,-0.018692865383887893,-0.019259061195778616
S43A13T03,0.21,0.11143894257119347,0.212320130247693,0.21362988984893902,-0.06660395127784526,-0.16850280502191775,-0.14328763626743848,0.014864581633311303,-0.02105347366786568,-0.021464916210288114
S43A13T03,0.22,0.11696962080984852,0.22390054203089013,0.22407743092299628,-0.07101523461293663,-0.1702921340657215,-0.14650388725913344,0.016218752336646006,-0.023299413600596244,-0.023673889932922267
S43A13T03,0.23,0.1221154175077958,0.23081955101489848,0.23431936229760306,-0.0738791437820385,-0.17449584527130532,-0.14952428502025839,0.017246872179906912,-0.02433644634827793,-0.025876044701624096
S43A13T03,0.24,0.12715124805125513,0.23643830098095486,0.24434312036901387,-0.07630094604657194,-0.17933045793958083,-0.15236937291240568,0.018181834634575303,-0.02506473989117029,-0.02806231090792907
S43A13T03,0.25,0.13218707859471449,0.2472213587120585,0.2541385425395035,-0.07872274831110537,-0.18373539144985687,-0.15505994334535356,0.019116797089243694,-0.025651880980573732,-0.030224458470326163
S43A13T03,0.26,0.13722290913817384,0.25892451764363156,0.2636977636773501,-0.08114455057563881,-0.1867497569409997,-0.15761697695195467,0.020051759543912084,-0.026675129335064687,-0.03235506830761905
S43A13T03,0.27,0.1422587396816332,0.27788449971956414,0.27301511257681826,-0.08356635284017225,-0.17326008910483215,-0.16006158176302437,0.02098672199858048,-0.03329230730630831,-0.03444750381228708
S43A13T03,0.28,0.14700417909731545,0.29404903795483867,0.28208700841814316,-0.08667049869341711,-0.16308581921707646,-0.16241493238222945,0.021373398343075466,-0.03815373417709652,-0.03649588232384653
S43A13T03,0.29,0.15073324956577785,0.3001229007799637,0.29091185722751384,-0.09216284710715193,-0.16436597956414395,-0.16469820916097638,0.019841073301963552,-0.03686955341306752,-0.03849504660221166
S43A13T03,0.3,0.1544623200342403,0.30570453429230915,0.2994899483370562,-0.09765519552088676,-0.16586916159979762,-0.16693253737329994,0.018308748260851635,-0.036658448155146704,-0.04044053630105567
S43A13T03,0.31,0.15819139050270276,0.31018053083192504,0.30782335084481716,-0.10314754393462161,-0.16749231718076396,-0.16913892639075134,0.016776423219739715,-0.03851040655054894,-0.0423285594411721
S43A13T03,0.32,0.1619204609711652,0.3157465483862948,0.3159158100747474,-0.10863989234835644,-0.16831994410787807,-0.17133820885728726,0.015244098178627798,-0.04106026756219774,-0.04415596388383564
S43A13T03,0.33,0.16564953143962763,0.32251676198365337,0.32377264403668554,-0.11413224076209129,-0.16859398251733215,-0.17355097986415766,0.013711773137515877,-0.0440875843654047,-0.045920208804163455
S43A13T03,0.34,0.1740994512557059,0.3292938998974362,0.331400639886341,-0.11989234631697243,-0.16905487811622977,-0.17579753612479468,0.013554154508953408,-0.04690989120524936,-0.0476193361644762
S43A13T03,0.35000000000000003,0.18490979574559202,0.33605624298715425,0.3388079503852777,-0.1257863304424267,-0.1697130445690733,-0.17809781514970088,0.01408388908666565,-0.04958679994972526,-0.049251942187659076
S43A13T03,0.36,0.1957201402354781,0.3424731455835391,0.34600399036089763,-0.13168031456788098,-0.1707597163543004,-0.18047133442133798,0.014613623664377892,-0.05149117609745709,-0.050817148830523025
S43A13T03,0.37,0.20653048472536423,0.3488264765078477,0.35299933316642423,-0.1375742986933353,-0.1718097229575222,-0.18293713056901492,0.015143358242090135,-0.05325507102076427,-0.052314575257165916
S43A13T03,0.38,0.2173408292152504,0.3555066541554904,0.35980560714088555,-0.14346828281878957,-0.17410102342276748,-0.18551369854377645,0.01567309281980238,-0.054370608696599515,-0.05374430931233327
S43A13T03,0.39,0.22785998223395978,0.36209622982319384,0.3664353920690985,-0.149659150113107,-0.17656205784241505,-0.18821893079329194,0.016107122826312405,-0.05551374031068432,-0.05510687899478005
S43A13T03,0.4,0.23604960348325543,0.36837762896391557,0.3729021156416509,-0.15822508275832933,-0.18015241795372858,-0.19107005643674327,0.015775516263204756,-0.057034485949879477,-0.056403223930630915
S43A13T03,0.41000000000000003,0.24423922473255108,0.37476526790977305,0.3792199499148869,-0.16679101540355165,-0.1840345932783547,-0.19408358043971383,0.015443909700097106,-0.058403213845587866,-0.057634666846742046
S43A13T03,0.42,0.2524288459818467,0.3812347887838345,0.3854037077708882,-0.17535694804877394,-0.18868478751414042,-0.19727522278907633,0.015112303136989457,-0.05935587619643537,-0.05880288504406184
S43A13T03,0.43,0.26061846723114235,0.38750504603689917,0.3914687393774598,-0.18392288069399626,-0.19293554419917583,-0.20065985766788205,0.014780696573881806,-0.060186354071320114,-0.05990988187099227
S43A13T03,0.44,0.268808088480438,0.39360620372866006,0.39743082864811174,-0.1924888133392186,-0.19677594352947692,-0.20425145263024871,0.014449090010774157,-0.061064627944253685,-0.06095795819674983
S43A13T03,0.45,0.2765249373100842,0.4000334438468765,0.4033060897020428,-0.20038729083194926,-0.20101777862234713,-0.20806300777624906,0.013388987077984669,-0.06260029710731281,-0.0619496838847266
S43A13T03,0.46,0.2838635682040109,0.40663300838881694,0.40911086332412516,-0.20775180420268657,-0.20545562433127754,-0.21210649492679945,0.011746087049449717,-0.06449650199620961,-0.06288786926585165
S43A13T03,0.47000000000000003,0.29120219909793754,0.4141211417080062,0.41486161342488626,-0.21511631757342392,-0.20967080534840452,-0.21639279679854828,0.010103187020914766,-0.06507760023209348,-0.06377553661195162
S43A13T03,0.48,0.2985408299918642,0.42213263485855995,0.420574823500493,-0.2224808309441612,-0.21396113254258822,-0.22093164617876437,0.008460286992379822,-0.06502893751147416,-0.0646158916091124
S43A13T03,0.49,0.3058794608857909,0.42850986763992904,0.4262668930927358,-0.22984534431489853,-0.22096881838752117,-0.22573156510022555,0.006817386963844871,-0.06687234776137703,-0.06541229483103976
S43A13T03,0.5,0.31321809177971754,0.43447960789718193,0.4319540342490113,-0.23720985768563585,-0.22830956248047538,-0.2307998040161066,0.005174486935309919,-0.06910762309091234,-0.06616823321242092
S43A13T03,0.51,0.32209199523560417,0.4417021004019062,0.43765216798230505,-0.24912457920350117,-0.2337279088106828,-0.23614228097486864,0.00619693621381355,-0.06885088547740643,-0.06688729152228515
S43A13T03,0.52,0.33096589869149085,0.4488149524550351,0.443376820731178,-0.2610393007213665,-0.23909263844647324,-0.24176352079514699,0.007219385492317182,-0.06882835714970152,-0.06757312383736584
S43A13T03,0.53,0.33983980214737747,0.45503508033999923,0.4491430208197452,-0.2729540222392318,-0.2440779941807217,-0.2476665942406393,0.008241834770820813,-0.07041324743275315,-0.06822942501545962
S43A13T03,0.54,0.3487137056032641,0.46131892401438845,0.4549651949176633,-0.2848687437570971,-0.2492990673269284,-0.2538530571949949,0.009264284049324445,-0.07210808716941543,-0.06885990216878965
S43A13T03,0.55,0.35758760905915077,0.4678852384744074,0.4608570645001126,-0.2967834652749624,-0.25511550828085805,-0.2603228898367026,0.010286733327828076,-0.07393369924970254,-0.06946824613736567
S43A13T03,0.56,0.3650032204727578,0.47444211377025275,0.46683154230778084,-0.30737902543661194,-0.26171534951579184,-0.26707443581397944,0.009533150155912263,-0.07537240933740318,-0.07005810296234556
S43A13T03,0.5700000000000001,0.3705959668335154,0.4806937765220181,0.4729006288068461,-0.3163256339029918,-0.2695493053105567,-0.2741043414196588,0.006559526420972168,-0.07619586387910106,-0.07063304535939563
S43A13T03,0.58,0.376188713194273,0.48698898424715736,0.4790753086489589,-0.32527224236937147,-0.27675033847307545,-0.2814074947660789,0.0035859026860321054,-0.07630230904929247,-0.07119654419205228
S43A13T03,0.59,0.3817814595550306,0.493534189333138,0.4853654471312299,-0.3342188508357513,-0.2833250891694932,-0.2889769649599723,0.0006122789510920098,-0.07601453131802542,-0.0717519399450832
S43A13T03,0.6,0.3873742059157882,0.5005588271519668,0.4917796866562095,-0.3431654593021311,-0.2911538128489033,-0.296803941277353,-0.002361344783848085,-0.07564297831114898,-0.07230241419784882
S43A13T03,0.61,0.3929669522765458,0.5076989934452915,0.49832534319187194,-0.35211206776851095,-0.2995342078419178,-0.3048776723384052,-0.0053349685187881815,-0.0753246542962534,-0.07285096109766209
S43A13T03,0.62,0.40290626896860904,0.513116774372585,0.5050083027316001,-0.3616705724300725,-0.30990469509958357,-0.31318540528237193,-0.005057525107154132,-0.07445333469567374,-0.07340035883315132
S43A13T03,0.63,0.4133889069520854,0.5182395629284415,0.5118329177541685,-0.3713055641160317,-0.3204095407270416,-0.32171232494244456,-0.004373698302198335,-0.07349211064995172,-0.07395314110761955
S43A13T03,0.64,0.4238715449355618,0.5201577209898515,0.5188019036837253,-0.380940555801991,-0.33038348744938417,-0.33044149302064846,-0.0036898714972425375,-0.07377919735029112,-0.07451156861240699
S43A13T03,0.65,0.43435418291903816,0.5225390888481595,0.5259162353497774,-0.39057554748795026,-0.3404548902426126,-0.3393537872627351,-0.00300604469228674,-0.07410230333414172,-0.07507760050025182
S43A13T03,0.66,0.44483682090251453,0.5282344374571369,0.5331750434471736,-0.40021053917390953,-0.3507396948874697,-0.3484278406330672,-0.0023222178873309428,-0.07434196412856033,-0.07565286585865054
S43A13T03,0.67,0.4553917301886848,0.5345887397796831,0.5405755109960885,-0.407406385449883,-0.36111797898883546,-0.3576399804895098,-0.00363644810392738,-0.07438720537490509,-0.07623863518322033
S43A13T03,0.68,0.46609118208024264,0.5415521397269684,0.5481127698020045,-0.40972394090588504,-0.3718028913700346,-0.36696416775831625,-0.008946792363628154,-0.07417801310114731,-0.07683579185105911
S43A13T03,0.6900000000000001,0.4767906339718005,0.5481505344615524,0.5557797969156945,-0.41204149636188714,-0.3821487470338896,-0.3763719361090196,-0.01425713662332893,-0.07473046303918941,-0.07744480359410685
S43A13T03,0.7000000000000001,0.4874900858633584,0.5542210149680722,0.5635673110932122,-0.4143590518178892,-0.39253124601847716,-0.38583233112931786,-0.019567480883029703,-0.0761842699660117,-0.07806569397250801
S43A13T03,0.71,0.49818953775491615,0.5599900573169937,0.5714636692558639,-0.4166766072738912,-0.40158099411596243,-0.39531184949996506,-0.02487782514273042,-0.07466693178416862,-0.07869801384797002
S43A13T03,0.72,0.508888989646474,0.5656848896900941,0.5794547629502007,-0.4189941627298933,-0.40953952656148535,-0.4047743781696581,-0.030188169402431193,-0.07133982295670213,-0.07934081285712535
S43A13T03,0.73,0.5111968261576927,0.5713696937936201,0.5875239148080025,-0.4253282878361003,-0.41883299677696906,-0.4141811335299266,-0.032998868052073,-0.07236447749204612,-0.07999261088489609
S43A13T03,0.74,0.5111070582745286,0.5772023495009743,0.595651775006255,-0.43281000427093735,-0.428326889365801,-0.42349060059001953,-0.03509538224169795,-0.07467480578407243,-0.08065136953784921
S43A13T03,0.75,0.5110172903913646,0.5874143692384699,0.6038162177271371,-0.4402917207057744,-0.44678491182322505,-0.4326584721517949,-0.0371918964313229,-0.07468313718398467,-0.08131446361756164
S43A13T03,0.76,0.5109275225082005,0.5978254752019214,0.6119922376180061,-0.4477734371406114,-0.46508930516552444,-0.4416375879846085,-0.03928841062094785,-0.07487215742404942,-0.08197865259398023
S43A13T03,0.77,0.5108377546250364,0.6079283216085992,0.6201518462513775,-0.45525515357544843,-0.4706088263104475,-0.4503778740002019,-0.04138492481057281,-0.08006606941486653,-0.0826400520787835
S43A13T03,0.78,0.5121444657382143,0.6181587862348304,0.6282639685849116,-0.46014665893730844,-0.47645650258062106,-0.45882628142759,-0.04290862989129423,-0.08363098858133289,-0.08329410529874107
S43A13T03,0.79,0.5183388533385879,0.6320836641711421,0.6362943394213924,-0.45597242554374956,-0.4873800019698677,-0.4669267259879514,-0.042427503090853455,-0.08159732230768744,-0.08393555456907598
S43A13T03,0.8,0.5245332409389615,0.6480275677621451,0.6442053998687123,-0.4517981921501906,-0.49891254468338814,-0.4746200270695146,-0.04194637629041268,-0.08052170527183374,-0.08455841276682592
S43A13T03,0.81,0.5307276285393351,0.6654551652411375,0.6519561937998685,-0.44762395875663175,-0.5091240929397568,-0.481843846902449,-0.04146524948997191,-0.08101303827315669,-0.08515593480420557
S43A13T03,0.8200000000000001,0.5369220161397087,0.6780293646179242,0.6595022643129218,-0.44344972536307287,-0.5160616341314546,-0.4885326297337518,-0.04098412268953114,-0.0811877695969077,-0.08572058910196317
S43A13T03,0.8300000000000001,0.5431164037400823,0.683841132609114,0.6667955501909981,-0.439275491969514,-0.5135859987276485,-0.49461754100213506,-0.040502995889090364,-0.08238168938780903,-0.08624402906274654
S43A13T03,0.84,0.5572757689000922,0.6891873951150765,0.6737842823622731,-0.43758765486255297,-0.503302457527111,-0.5000264065129185,-0.04077835629060874,-0.08644444452554419,-0.08671706454446389
S43A13T03,0.85,0.5754176228399203,0.6960553417711856,0.6804128803599405,-0.4371430158988908,-0.49407176234467026,-0.5046836516129125,-0.041431960293106675,-0.09092025842844419,-0.08712963333364027
S43A13T03,0.86,0.5935594767797483,0.7044526873520164,0.6866218487822142,-0.43669837693522867,-0.4848325656816366,-0.5085102403653118,-0.04208556429560461,-0.0956073602601526,-0.08747077261878307
S43A13T03,0.87,0.6117013307195764,0.7127903655819862,0.6923476737522929,-0.43625373797156647,-0.476114815490551,-0.5114236147245783,-0.042739168298102544,-0.10006664377762207,-0.08772859046374253
S43A13T03,0.88,0.6298431846594045,0.7140458476928568,0.6975227193783613,-0.4358090990079043,-0.4788664808354024,-0.5133376337113372,-0.04339277230060048,-0.10010192744750591,-0.08789023728107084
S43A13T03,0.89,0.6458465594770064,0.7143926999917234,0.7020751242135571,-0.4351416796067082,-0.4818673666793086,-0.5141625125872559,-0.044108856524857736,-0.09954447235603796,-0.08794187730538489
S43A13T03,0.9,0.6447421013168004,0.7068928275719575,0.705928697715973,-0.4326920167052401,-0.4868758362848496,-0.5138047620299419,-0.04532478252318951,-0.09373912480153622,-0.08786866006672892
S43A13T03,0.91,0.6436376431565944,0.6997024276911162,0.7090028167086238,-0.430242353803772,-0.4915504794913283,-0.5121671273078239,-0.04654070852152127,-0.08830547279187596,-0.08765469186393103
S43A13T03,0.92,0.6425331849963886,0.6976559517470414,0.711212321839433,-0.427792690902304,-0.4920747764074904,-0.5091485274550446,-0.04775663451985304,-0.08526428338242964,-0.08728300723796882
S43A13T03,0.93,0.6414287268361826,0.6976419479785764,0.7124674140412237,-0.4253430280008359,-0.4907093884080731,-0.5046439944463466,-0.04897256051818481,-0.08416682246370492,-0.08673554044532741
S43A13T03,0.9400000000000001,0.6403242686759766,0.697873538576555,0.7126735509917012,-0.4228933650993678,-0.4886295401724465,-0.4985446123719633,-0.050188486516516584,-0.08504993686742363,-0.08599309693136326
S43A13T03,0.9500000000000001,0.6425451393256146,0.6975592894724857,0.7117313435734205,-0.422265451760008,-0.48625296501931636,-0.4907374566125063,-0.049463581696942927,-0.08587024223918817,-0.08503532480366087
S43A13T03,0.96,0.6474262730231277,0.6978860485109858,0.7095364523337956,-0.42309493807033477,-0.4826686968021357,-0.4811055330138516,-0.04718601222304501,-0.08543490493871352,-0.08384068630540253
S43A13T03,0.97,0.6523074067206409,0.6992563649536834,0.7059794839450605,-0.4239244243806615,-0.4752161319861696,-0.46952771706203333,-0.04490844274914707,-0.08235498769104681,-0.08238642928871658
S43A13T03,0.98,0.6571885404181541,0.7002152740632477,0.7009458876642645,-0.4247539106909882,-0.4669008461260158,-0.45587869305812484,-0.04263087327524912,-0.0791131910814118,-0.08064855868805154
S43A13T03,0.99,0.6620696741156673,0.7009399594903277,0.6943158517932579,-0.425583397001315,-0.4594256162032668,-0.44002889329313494,-0.04035330380135118,-0.07463206316976248,-0.078601807993529
S43A13T03,1.0,0.6669508078131805,0.7016239103639322,0.6859642001386561,-0.42641288331164173,-0.45209648296528376,-0.4218444372228909,-0.03807573432745324,-0.06993539937950198,-0.07621961072430672
S43A13T05,0.0,0.0,0.0,0.0,0.0,0.0,0.0,0.0,0.0,0.0
S43A13T05,0.01,0.003617814296274262,0.009633797123312448,0.007517432181602693,-0.0003477730064806805,-0.00469571559572916,-0.01331148240626988,0.0008076266141885531,-0.00031789310111922234,0.0016899517664043617
S43A13T05,0.02,0.007235628592548524,0.019123582279761877,0.015653381659323975,-0.000695546012961361,-0.00973268551248399,-0.02576311394003125,0.0016152532283771062,-0.00047113194992009426,0.0029354214724029125
S43A13T05,0.03,0.010853442888822786,0.027785298626748958,0.024339942482897354,-0.0010433190194420415,-0.016731867775136435,-0.03739894488688193,0.0024228798425656593,0.000322391152109547,0.003772162100791559
S43A13T05,0.04,0.014734325218040021,0.036527686729995464,0.033512620136569284,-0.0014765399738517805,-0.02337478110828756,-0.048262094335116815,0.003265842458843271,0.0006772526203867378,0.0042343387798372155
S43A13T05,0.05,0.019239994125496818,0.0457642642599726,0.04311025747358497,-0.002112699804593033,-0.029415292308686586,-0.058394748492616076,0.004192728080082395,8.791866714270239e-05,0.004354560793367464
S43A13T05,0.06,0.023745663032953605,0.055081825663168,0.05307496065067417,-0.0027488596353342845,-0.03714993113520243,-0.06783815900373341,0.0051196137013215185,0.00036918727596484965,0.00416391359086021
S43A13T05,0.07,0.028251331940410407,0.06429888757080997,0.06335202506253707,-0.0033850194660755366,-0.04683973844448864,-0.07663264126618421,0.0060464993225606434,0.001673625114942497,0.00369199079753334
S43A13T05,0.08,0.03191184983939782,0.07293190256079174,0.07388986127633002,-0.004214015319788809,-0.05476514706165341,-0.08481757274793382,0.006208503030667368,-0.00023559645634094994,0.002966926224434378
S43A13T05,0.09,0.03499132642006254,0.08113685932913327,0.08463992096615136,-0.005175585939295345,-0.06155136400158745,-0.09243139130408572,0.005844650423495569,-0.004432379468315597,0.0020154258785301466
S43A13T05,0.1,0.038070803000727266,0.090482316246899,0.09555662284752738,-0.006137156558801883,-0.07065338395969796,-0.09951159349376971,0.00548079781632377,-0.005417557147691886,0.0008627999727964079
S43A13T05,0.11,0.04115027958139199,0.10024816898956228,0.10659727861189786,-0.007098727178308419,-0.08050686903528802,-0.10609473289703024,0.005116945209151971,-0.005216136483749388,-0.000467005063692449
S43A13T05,0.12,0.04697879179653139,0.11116573811323338,0.11772201886110216,-0.008661222894947734,-0.09208377748050534,-0.11221641843171452,0.005545348659441314,-0.006110671446504286,-0.0019513745756737854
S43A13T05,0.13,0.053150933465980134,0.12265633489384538,0.1288937190418649,-0.010298834248728647,-0.10415092906553264,-0.11791131267036076,0.0060727841169133006,-0.007036972728432134,-0.0035689936716070316
S43A13T05,0.14,0.05932307513542888,0.1450903014600816,0.14007792538028171,-0.01193644560250956,-0.12328402925137395,-0.12321313015708636,0.006600219574385287,-0.00507364122987792,-0.005299815213584033
S43A13T05,0.15,0.0652100525075846,0.1641818100820289,0.1512427808163053,-0.013786673802063332,-0.14032483857241848,-0.12815463572447616,0.006919626247593106,-0.003890424907315537,-0.007125027807239413
S43A13T05,0.16,0.06984230697165111,0.16860895796041797,0.162358950938231,-0.0165724161230177,-0.1481754175049486,-0.13276764281047068,0.006323706270038603,-0.0061704556175596476,-0.009027023791660895
S43A13T05,0.17,0.07447456143571762,0.1752124388651148,0.17339954991718268,-0.019358158443972068,-0.15631634937246927,-0.1370830117752543,0.0057277862924841,-0.008579236620439043,-0.010989367229299649
S43A13T05,0.18,0.07910681589978412,0.1864001522379097,0.1843400664415985,-0.02214390076492643,-0.16507131539383257,-0.14113064821814342,0.005131866314929599,-0.011335039797409713,-0.012996761895880608
S43A13T05,0.19,0.08469898903208266,0.1968158262620654,0.19515828965171705,-0.024973126270851367,-0.17207574672846349,-0.14493950129447483,0.004828031402060703,-0.013771576608901154,-0.015035019270312911
S43A13T05,0.2,0.09132492073016954,0.2062397580846599,0.2058342350740627,-0.027849179822129227,-0.17717191343470926,-0.1485375620324937,0.004838749635776309,-0.015802311619154463,-0.017091026524600133
S43A13T05,0.21,0.09795085242825641,0.21681616029533868,0.2163500705559316,-0.03072523337340708,-0.18046237765673048,-0.15195186165024194,0.004849467869491915,-0.01771510241325922,-0.019152714513750627
S43A13T05,0.22,0.10457678412634328,0.22803148759205852,0.22669004219987768,-0.03360128692468494,-0.18276344996180538,-0.1552084698724465,0.00486018610320752,-0.019513224856116746,-0.02120902576568802
S43A13T05,0.23,0.11114992476250345,0.23447471526332928,0.23684040029819825,-0.03746715293340645,-0.18663317555418268,-0.1583324932474074,0.005537817827743702,-0.020433428230890192,-0.023249882471161304
S43A13T05,0.24,0.1177079822381131,0.23958605625200222,0.24678932526741973,-0.04161582250139756,-0.19089216578797227,-0.16134807346388605,0.006405996263942903,-0.021139460434292823,-0.025266154473655475
S43A13T05,0.25,0.12426603971372277,0.24986170500572238,0.25652685358278393,-0.045764492069388686,-0.19472147686376243,-0.16427838566799338,0.007274174700142105,-0.021704340184206538,-0.02724962725930158
S43A13T05,0.26,0.13078335463600485,0.2610710358110212,0.2660448037127333,-0.049816240440105394,-0.19719252698617754,-0.16714563678007807,0.008034257408318575,-0.02266929528986685,-0.029192969946787314
S43A13T05,0.27,0.13679138764169219,0.27970695039954446,0.275336702053397,-0.052656473844891964,-0.18356338210325893,-0.169971063811615,0.00744314351621092,-0.028777781145518457,-0.031089703277267167
S43A13T05,0.28,0.14279942064737952,0.2954506241048173,0.28439770886307675,-0.055496707249678534,-0.173477083031656,-0.1727749321820931,0.006852029624103265,-0.03331327793743912,-0.0329341676042729
S43A13T05,0.29,0.1488074536530668,0.30076483275086735,0.2932245441967327,-0.05833694065446509,-0.17564128171503957,-0.1755765340359037,0.006260915731995612,-0.0323428342230782,-0.03472149088362387
S43A13T05,0.3,0.15468934763869038,0.30562885842415916,0.30181541384046906,-0.062061596627516785,-0.17773369456425428,-0.17839418655922898,0.005435929735312824,-0.03236750864663377,-0.0364475566633372
S43A13T05,0.31,0.16035680529020557,0.3094587259027574,0.31016993524602005,-0.06728977096661917,-0.1794449081700981,-0.1812452302969298,0.00421336116085231,-0.03432271919758647,-0.03810897207353848
S43A13T05,0.32,0.1660242629417208,0.3143786143961096,0.3182890634652355,-0.07251794530572157,-0.18036059312208966,-0.18414602746943415,0.0029907925863917966,-0.03697583236478574,-0.039703035816371704
S43A13T05,0.33,0.17169172059323598,0.3205026989324506,0.32617501708456714,-0.07774611964482397,-0.18072268955642126,-0.18711196028962532,0.0017682240119312829,-0.04010640132354317,-0.04122770615590986
S43A13T05,0.34,0.1773963553253365,0.328194931874226,0.333831204159554,-0.08190806688303372,-0.18171630459420932,-0.1901574292797301,0.0004957021971250411,-0.04255707376797324,-0.04268156890806531
S43A13T05,0.35000000000000003,0.1831195785977297,0.3366529820364417,0.3412621481493081,-0.08553690057079716,-0.18312952119294978,-0.19329585158820695,-0.0008017962378540639,-0.044624904841552016,-0.0440638054304999
S43A13T05,0.36,0.18884280187012287,0.3447655917053241,0.3484734138510009,-0.08916573425856057,-0.18493124312407386,-0.1965396593066343,-0.0020992946728331614,-0.04592020331838673,-0.045374160612535464
S43A13T05,0.37,0.19456602514251609,0.3528146297021304,0.3554715333343485,-0.092794567946324,-0.18673629987319265,-0.19990029778659887,-0.0033967931078122664,-0.0470750205707968,-0.04661291086506433
S43A13T05,0.38,0.20467419817743734,0.35972886450142805,0.3622639318760976,-0.0981415271664217,-0.18920994197355678,-0.20338822395658354,-0.004317816198187863,-0.04770697235726943,-0.047780832110459144
S43A13T05,0.39,0.214951023126302,0.36639921619241317,0.36885885389451184,-0.10355456813776301,-0.19193025183419635,-0.20701290463885563,-0.005224359467617171,-0.048403246212707786,-0.04887916777248393
S43A13T05,0.4,0.22522784807516666,0.3719848807666118,0.37526528888385646,-0.10896760910910433,-0.1965715758368036,-0.21078281486635572,-0.006130902737046479,-0.049732346283129066,-0.049909596766203726
S43A13T05,0.41000000000000003,0.23451908536282404,0.3780053143663487,0.3814928973488854,-0.11423756767858345,-0.20155240918667747,-0.21470543619958501,-0.006960720306267652,-0.05093500384346628,-0.05087420148789542
S43A13T05,0.42,0.24099435790417506,0.38504628480972497,0.38755193673932636,-0.11909871938559913,-0.20743753040186533,-0.21878725504349408,-0.007571321589179869,-0.051794667954378926,-0.0517754358049578
S43A13T05,0.43,0.24746963044552614,0.3918879916321045,0.39345318738436674,-0.12395987109261485,-0.21292321406630296,-0.22303376096437091,-0.008181922872092089,-0.05253214758932881,-0.052616093045822286
S43A13T05,0.44,0.25394490298687716,0.39856059889318035,0.3992078784271397,-0.12882102279963056,-0.21799854037600627,-0.22744944500672895,-0.008792524155004307,-0.05331742322232753,-0.053399273989862696
S43A13T05,0.45,0.263099665436006,0.40450853447156926,0.4048276137592092,-0.13430854973804726,-0.22304402565364778,-0.23203779801019603,-0.009229621747741432,-0.05506076083207078,-0.05412835485730601
S43A13T05,0.46,0.274398019811357,0.4097881911863683,0.4103242979550578,-0.14029717686158472,-0.22794050011164482,-0.23680130892640133,-0.00952791638833848,-0.05740516751694688,-0.05480695529914276
S43A13T05,0.47000000000000003,0.28569637418670796,0.41595641667841604,0.4157100622065693,-0.1462858039851222,-0.23261430987783838,-0.24174146313586495,-0.00982621102893553,-0.05843446754881005,-0.05543890638703701
S43A13T05,0.48,0.2969947285620589,0.4226480020018284,0.4209971902575176,-0.15227443110865962,-0.23736326582108877,-0.24685874076488512,-0.010124505669532578,-0.05883400662417002,-0.056028218603236896
S43A13T05,0.49,0.30740827859273634,0.4280002617376139,0.42619804433805025,-0.15981516658587,-0.24431221096386402,-0.252152615002427,-0.011250753814624346,-0.06084963416855396,-0.0565790498304851
S43A13T05,0.5,0.3176679496069489,0.43299632195477145,0.4313249910991769,-0.16762583395067568,-0.25150423705879543,-0.25762155041701057,-0.01252099387354128,-0.06320912948796194,-0.05709567334192908
S43A13T05,0.51,0.3279276206211614,0.43975689194005385,0.43639032754725154,-0.17543650131548133,-0.25829060144002275,-0.26326300127359903,-0.013791233932458215,-0.06218816209531586,-0.05758244579103133
S43A13T05,0.52,0.3381992903265186,0.4464038219100259,0.4414062069784622,-0.18331053718027177,-0.26500222629350484,-0.2690734098504865,-0.015413018959139862,-0.06128422233254918,-0.05804377520148011
S43A13T05,0.53,0.34853995250595765,0.4521350302204725,0.4463845649133129,-0.1915489419199745,-0.27121302095380745,-0.27504820475618746,-0.019056187550468527,-0.06131390665899004,-0.058484088957098786
S43A13T05,0.54,0.3588806146853968,0.45792995432034417,0.4513370450311121,-0.19978734665967723,-0.27765953302606833,-0.2811817992463241,-0.022699356141797192,-0.06145354043904155,-0.05890780179175731
S43A13T05,0.55,0.36922127686483586,0.4640073492058457,0.4562749251044587,-0.20802575139937998,-0.28470141290605216,-0.2874675895405138,-0.026342524733125858,-0.06172394656271788,-0.05931928377928207
S43A13T05,0.56,0.38069809295059864,0.4692104896109724,0.4612090429337264,-0.21633689601437955,-0.2920627259898693,-0.29389795313925865,-0.028825173437352178,-0.06258630147298168,-0.05972282832336659
S43A13T05,0.5700000000000001,0.3935951014192659,0.47302739832676804,0.4661497222815497,-0.22473896547350014,-0.30007819478705394,-0.30046424714083325,-0.02985717228270058,-0.06405696431121015,-0.060122620147481126
S43A13T05,0.58,0.40649210988793305,0.47688785201593736,0.4711066988073098,-0.23314103493262062,-0.30746074095199244,-0.30715680655817307,-0.030889171128048967,-0.06481061777793211,-0.06052270328478346
S43A13T05,0.59,0.41938911835660037,0.4809983030659481,0.4760890460016219,-0.2415431043917412,-0.31421700465082997,-0.3139649426357623,-0.03192116997339737,-0.06517004834319563,-0.06092694906802928
S43A13T05,0.6,0.43335130769289293,0.48523312655959855,0.48110510112081933,-0.2538862896142074,-0.3209135360782112,-0.32087694116652127,-0.032652322654681015,-0.065545985687538,-0.06133902411948288
S43A13T05,0.61,0.4476863103328544,0.4894592074265219,0.4861623911214394,-0.2676088653538446,-0.3277019419801399,-0.3278800608086973,-0.033278179178542006,-0.06601025074300212,-0.0617623583408264
S43A13T05,0.62,0.4620213129728158,0.49341175970451606,0.49126755859471044,-0.28133144109348174,-0.33668440554511375,-0.33496053140274945,-0.03390403570240299,-0.06483783116392412,-0.062200112903071605
S43A13T05,0.63,0.47617700859340567,0.49731019571466817,0.4964262877010359,-0.29503928188885764,-0.3458316348027663,-0.34210355228824035,-0.03463187042100962,-0.06340605327701462,-0.06265514823646871
S43A13T05,0.64,0.4856707217103362,0.49955799539826007,0.5016432301044821,-0.3083640141334404,-0.35457566800556767,-0.3492932906207208,-0.03801113820300226,-0.06233877511503788,-0.06312999202041819
S43A13T05,0.65,0.49516443482726674,0.5022690048787499,0.5069219309072625,-0.32168874637802314,-0.363417157279255,-0.3565128796886208,-0.0413904059849949,-0.06130751623657233,-0.06362680717337993
S43A13T05,0.66,0.5046581479441973,0.5082939951099092,0.5122647545842236,-0.33501347862260583,-0.37247204840457093,-0.36374441723013684,-0.04476967376698755,-0.06019281216867479,-0.06414735984278422
S43A13T05,0.67,0.5156323763500065,0.5145085243925759,0.5176728109173333,-0.34935244341154936,-0.38046929300161336,-0.37096896375011884,-0.04721372921763369,-0.059861445003669654,-0.06469298739494218
S43A13T05,0.68,0.5295676353335727,0.5203933219758584,0.5231458809301622,-0.36571987328921446,-0.3864709139089248,-0.3781665408369609,-0.0477873600055869,-0.0612311572204944,-0.06526456640495576
S43A13T05,0.6900000000000001,0.5435028943171388,0.5259131143464396,0.5286823428223719,-0.38208730316687955,-0.39213347809889215,-0.38531612947948746,-0.04836099079354011,-0.06336251164911902,-0.06586248064662775
S43A13T05,0.7000000000000001,0.557438153300705,0.5309049924889566,0.5342790979042048,-0.39845473304454465,-0.397832685609592,-0.39239566838384143,-0.04893462158149331,-0.06639522306652383,-0.06648658908237373
S43A13T05,0.71,0.5696605077941808,0.5361664006372387,0.5399314965309608,-0.4133094754629645,-0.4027033713862713,-0.39938205229037427,-0.05294283577640689,-0.06531192823960981,-0.06713619385312994
S43A13T05,0.72,0.580875271411133,0.5416894624352078,0.5456332640374896,-0.4272744017288874,-0.406779446895154,-0.4062511302905338,-0.05897139315188546,-0.061745415040217376,-0.06781000826826479
S43A13T05,0.73,0.5920900350280853,0.5444052908368225,0.551376426672678,-0.44123932799481036,-0.4135293167240657,-0.41297770414374996,-0.06499995052736403,-0.061697450000282456,-0.06850612479549113
S43A13T05,0.74,0.6033047986450376,0.5464697693774713,0.5571512375339289,-0.4552042542607333,-0.4208621393692023,-0.41953552659432486,-0.0710285079028426,-0.06269709723035755,-0.06922198305077315
S43A13T05,0.75,0.6197603296572963,0.5511666894831594,0.5629461025016541,-0.46915837172921987,-0.4371626948154099,-0.4258972996883221,-0.07584685654330292,-0.06179815047999133,-0.06995433778823941
S43A13T05,0.76,0.6366351220611794,0.5559229420175952,0.568747506173754,-0.48311162449391154,-0.45330990938109106,-0.4320346730904535,-0.0805683884849618,-0.06111216480271143,-0.07069922689009066
S43A13T05,0.77,0.6535099144650627,0.5603709349952571,0.5745399378001115,-0.4970648772586032,-0.4566722517493959,-0.4379182424009663,-0.08528992042662067,-0.0654310708761839,-0.07145193935651423
S43A13T05,0.78,0.6703750153210942,0.5654152697072038,0.5803058172170681,-0.5109081316470642,-0.4595360116773692,-0.4435175474725344,-0.08747561655003543,-0.0687753263617525,-0.07220698329558943
S43A13T05,0.79,0.6872061957596448,0.5757945500307898,0.5860254207819153,-0.524366391718718,-0.4645820132448782,-0.44880107072714415,-0.08078588730959636,-0.06881119423477315,-0.07295805391320076
S43A13T05,0.8,0.7040373761981954,0.588192856009067,0.5916768073073798,-0.5378246517903719,-0.47023705813666106,-0.45373623547298336,-0.0740961580691573,-0.06980511134558552,-0.07369800150294822
S43A13T05,0.81,0.720868556636746,0.6020748558753338,0.5972357439961126,-0.5512829118620256,-0.4745711085712922,-0.4582894042213285,-0.06740642882871825,-0.07236597849357458,-0.07441879943605836
S43A13T05,0.8200000000000001,0.7340649704006728,0.6123150465309362,0.6026756323751651,-0.556627575816329,-0.4783356839803692,-0.46242587700343535,-0.06499857049905997,-0.07318295366039809,-0.07511151215129079
S43A13T05,0.8300000000000001,0.7438862436810204,0.6169178526288013,0.6079674342304838,-0.5544381862330933,-0.4751984339731221,-0.46610988968742606,-0.06656673515798368,-0.07369377629817792,-0.07576626314485291
S43A13T05,0.84,0.7537075169613678,0.623710145761318,0.6130795975413978,-0.5522487966498575,-0.46508207693134285,-0.4693046122951728,-0.06813489981690739,-0.07732559668344464,-0.07637220296030935
S43A13T05,0.85,0.7635287902417155,0.6333516193039205,0.6179779824150918,-0.5500594070666217,-0.45643296528876,-0.4719721473191968,-0.0697030644758311,-0.08149655703420271,-0.07691747717848935
S43A13T05,0.86,0.7812486939914943,0.641889614948101,0.6226257870211098,-0.5426357705877043,-0.44952010113081137,-0.4740735280395435,-0.0731623437637351,-0.08524843377077577,-0.07738919440740155
S43A13T05,0.87,0.8007637410297803,0.6497695621452516,0.626983473525821,-0.5340225325415865,-0.44352521730054434,-0.4755687168406818,-0.07705142183095282,-0.08862922593333865,-0.07777339427213989
S43A13T05,0.88,0.8202787880680662,0.6505673132233029,0.631008694026926,-0.5254092944954687,-0.44899974900621425,-0.47641660352838583,-0.08094049989817052,-0.0875860182483159,-0.07805501540479762
S43A13T05,0.89,0.8376829892066757,0.6504472234151669,0.6346562164879231,-0.5176699750364977,-0.45435793486937875,-0.4765750036466258,-0.0837656041696183,-0.0863255564744511,-0.0782178634343743
S43A13T05,0.9,0.8382004231478744,0.642406720294933,0.6378778506726144,-0.5169220042747018,-0.4587991737616957,-0.47600065679445364,-0.07807891807490712,-0.08282107961763034,-0.07824457897669138
S43A13T05,0.91,0.8387178570890729,0.6346756897136234,0.640622374079573,-0.5161740335129058,-0.46290658625495035,-0.47464922494289397,-0.07239223198019594,-0.07968829830565109,-0.07811660562429719
S43A13T05,0.92,0.8392352910302715,0.6320885830690806,0.6428354578766393,-0.5154260627511098,-0.46286365245788846,-0.47247529075183214,-0.06670554588548477,-0.07894797959388573,-0.07781415793637735
S43A13T05,0.93,0.8401023852003017,0.6314173951905366,0.6444595928354034,-0.513440297337167,-0.4613436319626294,-0.469432355886902,-0.06453298878986309,-0.07898001303981217,-0.07731618942866897
S43A13T05,0.9400000000000001,0.8414780760668141,0.6308222694462758,0.645434015265694,-0.5096541033382834,-0.45970929409280786,-0.46547283933637135,-0.06747189205655311,-0.07928880168741144,-0.07660036056337037
S43A13T05,0.9500000000000001,0.8428537669333266,0.6307897469365819,0.6456946329500576,-0.5058679093393997,-0.45838547915951905,-0.460548075728036,-0.07041079532324314,-0.07888783769708811,-0.07564300673904678
S43A13T05,0.96,0.8442294577998389,0.6322849869187487,0.6451739510782555,-0.5020817153405163,-0.4563397710454086,-0.4546083136460993,-0.07334969858993313,-0.07671367614975082,-0.07441910628054672
S43A13T05,0.97,0.8411136563813288,0.6363209484001208,0.6438009981817344,-0.4925658989496833,-0.45233564046316227,-0.44760271394807283,-0.07454077466395186,-0.0724775437194452,-0.07290224842890808
S43A13T05,0.98,0.8361067003164935,0.6405758874304678,0.6415012520681282,-0.4806376099727664,-0.44827294636542314,-0.43947934808165046,-0.07499592349895108,-0.06832484100684448,-0.07106460133127065
S43A13T05,0.99,0.831099744251658,0.6445966027783309,0.638196565755734,-0.46870932099584955,-0.44505030820508856,-0.4301851964016077,-0.07545107233395032,-0.06293280699222943,-0.06887688003078686
S43A13T05,1.0,0.8260927881868226,0.6485765835727182,0.6338050934079966,-0.45678103201893266,-0.4419737667295201,-0.41966614648668515,-0.07590622116894956,-0.057325237099003196,-0.06630831445652774
