trial,from_frame0,to_frame0,max_joint,max_joint_step_m,com_step_m,limb_scale_step_fraction,reason
S06A08T01,2,3,ear_left,0.039565150929699526,0.008339422811168985,0.03876747628708652,joint step >0.2m and/or scale change >3.0%; review only
S06A08T01,5,6,wrist_right,0.08603064526006605,0.006962052668631738,0.036652599337553514,joint step >0.2m and/or scale change >3.0%; review only
S06A08T01,9,10,wrist_right,0.1397600276219742,0.004539150654548278,0.03330287238723785,joint step >0.2m and/or scale change >3.0%; review only
S06A08T01,10,11,foot_right,0.05834563260109518,0.004315292944554321,0.03362442927917916,joint step >0.2m and/or scale change >3.0%; review only
S06A08T01,41,42,wrist_right,0.08177465545176392,0.03835199987319544,0.06186154803268054,joint step >0.2m and/or scale change >3.0%; review only
S06A08T01,89,90,ankle_left,0.2591631441109023,0.03912863183738529,0.006440307496714559,joint step >0.2m and/or scale change >3.0%; review only
S06A08T01,94,95,elbow_right,0.46883108699926224,0.054376521067878575,0.0032249205613381023,joint step >0.2m and/or scale change >3.0%; review only
S06A08T01,95,96,elbow_right,0.21246698396442887,0.05681481807599496,0.01465268134786862,joint step >0.2m and/or scale change >3.0%; review only
S06A08T01,96,97,wrist_left,0.4578004517019405,0.04628401688699524,0.003148631335546563,joint step >0.2m and/or scale change >3.0%; review only
S06A08T01,116,117,wrist_right,0.5373714778870984,0.05467969139209443,0.05340473945628906,joint step >0.2m and/or scale change >3.0%; review only
S06A08T01,118,119,wrist_right,0.5688817938690639,0.029978904653353067,0.013205435934487524,joint step >0.2m and/or scale change >3.0%; review only
S06A08T01,219,220,wrist_right,0.3008660207018259,0.04343993059381011,0.019949089326883232,joint step >0.2m and/or scale change >3.0%; review only
S06A08T01,220,221,handtip_right,0.3062806094362549,0.018577839104262705,0.004426995700417339,joint step >0.2m and/or scale change >3.0%; review only
S06A08T01,221,222,thumb_right,0.22044449058893306,0.04059842959134963,0.005039998964771491,joint step >0.2m and/or scale change >3.0%; review only
S06A08T01,247,248,ear_right,0.1279413006207558,0.04678333996912263,0.03804283662550948,joint step >0.2m and/or scale change >3.0%; review only
S06A08T01,248,249,thumb_right,0.14252591798785594,0.021906774900648848,0.0344037816768087,joint step >0.2m and/or scale change >3.0%; review only
S06A08T02,19,20,handtip_left,0.6087028206294031,0.09101188095350546,0.06180939135716696,joint step >0.2m and/or scale change >3.0%; review only
S06A08T02,20,21,handtip_right,0.7519202310576021,0.23644718711595392,0.03244533634132312,joint step >0.2m and/or scale change >3.0%; review only
S06A08T02,21,22,handtip_right,0.4269564415466632,0.052651577508980495,0.06698724866319908,joint step >0.2m and/or scale change >3.0%; review only
S06A08T02,24,25,handtip_left,0.9413412525316133,0.034482139668164144,0.12350566782712137,joint step >0.2m and/or scale change >3.0%; review only
S06A08T02,25,26,handtip_left,0.8141679534147923,0.03394914902449416,0.0769122495329072,joint step >0.2m and/or scale change >3.0%; review only
S06A08T02,29,30,handtip_left,0.10623794442497361,0.022227055025048657,0.07736225821982881,joint step >0.2m and/or scale change >3.0%; review only
S06A08T02,30,31,foot_left,0.07546600162702022,0.010973122372495002,0.042309373385470216,joint step >0.2m and/or scale change >3.0%; review only
S06A08T02,32,33,thumb_right,0.1121971175041954,0.037867406268615976,0.07822367016839438,joint step >0.2m and/or scale change >3.0%; review only
S06A08T02,33,34,handtip_right,0.11540692739937283,0.018047611128781914,0.08233759504609324,joint step >0.2m and/or scale change >3.0%; review only
S06A08T02,35,36,hand_left,0.06814687056385065,0.020941614797873587,0.0420690052719959,joint step >0.2m and/or scale change >3.0%; review only
S06A08T02,39,40,knee_left,0.22138570599256993,0.03827168296721923,0.11798525981688439,joint step >0.2m and/or scale change >3.0%; review only
S06A08T02,40,41,handtip_left,0.2030091051309096,0.013625852051927661,0.051695754141807645,joint step >0.2m and/or scale change >3.0%; review only
S06A08T02,41,42,ankle_left,0.04532368651142391,0.00593575233267863,0.051878552955150745,joint step >0.2m and/or scale change >3.0%; review only
S06A08T02,43,44,thumb_left,0.7183983817541639,0.06952929208044505,0.1810375416586628,joint step >0.2m and/or scale change >3.0%; review only
S06A08T02,44,45,ankle_left,0.7906300028133103,0.2851996090619109,0.04773118233682262,joint step >0.2m and/or scale change >3.0%; review only
S06A08T02,48,49,foot_left,0.19222277555314368,0.02195262061178405,0.05197173497830662,joint step >0.2m and/or scale change >3.0%; review only
S06A08T02,49,50,foot_left,0.22516561197975088,0.03063662587870295,0.08019619751028655,joint step >0.2m and/or scale change >3.0%; review only
S06A08T02,52,53,foot_left,0.1315968625310736,0.008886969011864362,0.03255778728214386,joint step >0.2m and/or scale change >3.0%; review only
S06A08T02,54,55,nose,0.10308279903159531,0.019938948633826167,0.043798856055710156,joint step >0.2m and/or scale change >3.0%; review only
S06A08T02,59,60,hand_left,0.6033947705805346,0.07293898892050847,0.1295891183419727,joint step >0.2m and/or scale change >3.0%; review only
S06A08T02,60,61,hand_left,0.3313753723261361,0.035640164693274363,0.01593886196287295,joint step >0.2m and/or scale change >3.0%; review only
S06A08T02,62,63,wrist_left,0.11961879597977482,0.009128497688404898,0.04285837026569235,joint step >0.2m and/or scale change >3.0%; review only
S06A08T02,64,65,wrist_right,0.1189927091628531,0.015967173936385075,0.040020443155506166,joint step >0.2m and/or scale change >3.0%; review only
S06A08T02,82,83,handtip_left,0.09358270605984458,0.017463323425710386,0.03350315577231056,joint step >0.2m and/or scale change >3.0%; review only
S06A08T03,16,17,foot_right,0.20774071740749742,0.036795621880727436,0.01685417924571704,joint step >0.2m and/or scale change >3.0%; review only
S06A08T03,26,27,handtip_right,0.2028122575721831,0.040213539975458415,0.00047233063002457995,joint step >0.2m and/or scale change >3.0%; review only
S06A08T03,30,31,wrist_right,0.2648589949518063,0.029846858556240623,0.009580362779663117,joint step >0.2m and/or scale change >3.0%; review only
S06A08T03,32,33,thumb_right,0.3033968860866095,0.015429683691936069,0.005761652948960728,joint step >0.2m and/or scale change >3.0%; review only
S06A08T03,65,66,elbow_left,0.5108332786734223,0.11466534775332364,0.10868333288459014,joint step >0.2m and/or scale change >3.0%; review only
S06A08T03,66,67,hand_left,0.4948579937648913,0.07782922762025465,0.08106289063400351,joint step >0.2m and/or scale change >3.0%; review only
S06A08T03,67,68,foot_left,0.9768279640117732,0.30043198201423177,0.08026958075073726,joint step >0.2m and/or scale change >3.0%; review only
S06A08T03,68,69,handtip_left,0.8178859300667755,0.20806499183953506,0.11250103933703662,joint step >0.2m and/or scale change >3.0%; review only
S06A08T03,69,70,foot_left,0.3332643663364552,0.012249213284790212,0.036350867227208386,joint step >0.2m and/or scale change >3.0%; review only
S06A08T03,70,71,handtip_right,0.2337652228184284,0.007941836642272505,0.0016790659350539234,joint step >0.2m and/or scale change >3.0%; review only
S06A08T03,71,72,thumb_left,0.2936492955150201,0.014570556277600417,0.016915117301417742,joint step >0.2m and/or scale change >3.0%; review only
S06A08T03,92,93,handtip_right,0.20950972586298366,0.01387488734337043,0.01620907967098008,joint step >0.2m and/or scale change >3.0%; review only
S06A08T03,110,111,knee_left,0.18880915455942535,0.04533536070532206,0.04587720701356405,joint step >0.2m and/or scale change >3.0%; review only
S06A08T03,118,119,foot_right,0.15411387450341243,0.04612328720023055,0.07087979765191753,joint step >0.2m and/or scale change >3.0%; review only
S06A08T03,119,120,foot_left,0.2031322929517102,0.04330266107783932,0.04054883980888532,joint step >0.2m and/or scale change >3.0%; review only
S06A08T03,123,124,thumb_right,0.0736841004618052,0.013868799063861197,0.03523581991711585,joint step >0.2m and/or scale change >3.0%; review only
S06A08T03,126,127,wrist_right,0.09957136938062852,0.015250729043082714,0.031294538128981544,joint step >0.2m and/or scale change >3.0%; review only
S06A08T03,128,129,foot_right,0.2486009892005881,0.03761892219710269,0.05378697165813472,joint step >0.2m and/or scale change >3.0%; review only
S06A08T03,138,139,handtip_left,0.20085235798340037,0.013445642711476562,0.002811151991383953,joint step >0.2m and/or scale change >3.0%; review only
S06A08T03,139,140,wrist_right,0.08710520889357537,0.009361045978833395,0.03160990558750542,joint step >0.2m and/or scale change >3.0%; review only
S06A08T03,141,142,thumb_left,0.2292777713862726,0.017555604561658403,0.013713706517278376,joint step >0.2m and/or scale change >3.0%; review only
S06A08T03,142,143,thumb_left,0.29240300957965004,0.00752558470514412,0.02214579747520836,joint step >0.2m and/or scale change >3.0%; review only
S06A08T03,147,148,wrist_right,0.282589696421229,0.04468498659025573,0.028175585489554626,joint step >0.2m and/or scale change >3.0%; review only
S06A08T03,149,150,handtip_right,0.3563265116730103,0.031136202757167556,0.011555092746080707,joint step >0.2m and/or scale change >3.0%; review only
S06A08T03,150,151,eye_left,0.1269614430571623,0.01977403725505913,0.0443701769304853,joint step >0.2m and/or scale change >3.0%; review only
S06A08T03,156,157,ear_left,0.07318490911410121,0.028041143241673717,0.031079579065351925,joint step >0.2m and/or scale change >3.0%; review only
S06A08T03,159,160,handtip_left,0.21697027188902304,0.019001322534092296,0.04014061605563468,joint step >0.2m and/or scale change >3.0%; review only
S06A08T03,183,184,handtip_right,0.3159318654980102,0.0416585464944385,4.7110710671622084e-05,joint step >0.2m and/or scale change >3.0%; review only
S06A08T04,7,8,handtip_right,0.35981260800970605,0.010722302672954829,0.004260914636042777,joint step >0.2m and/or scale change >3.0%; review only
S06A08T04,8,9,foot_right,0.2567100477068665,0.02848386607230543,0.0059772833654203154,joint step >0.2m and/or scale change >3.0%; review only
S06A08T04,39,40,knee_left,0.1316148801020566,0.08131477808535208,0.031152967693737148,joint step >0.2m and/or scale change >3.0%; review only
S06A08T04,42,43,hand_left,0.21402842279245282,0.04558911754679756,0.004940759196748869,joint step >0.2m and/or scale change >3.0%; review only
S06A08T04,61,62,hand_left,0.36074555488191357,0.030570789505928807,0.010786673571188352,joint step >0.2m and/or scale change >3.0%; review only
S06A08T04,64,65,foot_right,0.2067890500593933,0.035439219042516,0.007820932914699716,joint step >0.2m and/or scale change >3.0%; review only
S06A08T04,86,87,foot_left,0.28246267069446185,0.04468669287257774,0.016845281966655103,joint step >0.2m and/or scale change >3.0%; review only
S06A08T04,91,92,thumb_left,0.22118218885562424,0.018664659066091514,0.027009484832670436,joint step >0.2m and/or scale change >3.0%; review only
S06A08T04,117,118,handtip_left,0.2595703676441539,0.021291159778437707,0.04642404731870111,joint step >0.2m and/or scale change >3.0%; review only
S06A08T04,118,119,hand_right,0.13998427206597686,0.023430953364129745,0.035577320929508015,joint step >0.2m and/or scale change >3.0%; review only
S06A08T04,127,128,wrist_left,0.13075784044955496,0.007224300392265495,0.06071032287099568,joint step >0.2m and/or scale change >3.0%; review only
S06A08T04,148,149,foot_left,1.0051091571330573,0.19233508926959683,0.1945048477163148,joint step >0.2m and/or scale change >3.0%; review only
S06A08T04,149,150,foot_left,0.9801454325851083,0.19083301492315827,0.18633108869391046,joint step >0.2m and/or scale change >3.0%; review only
S06A08T04,150,151,wrist_left,0.09965237543102223,0.024607250068194364,0.039782238243772826,joint step >0.2m and/or scale change >3.0%; review only
S06A08T04,151,152,hand_left,0.10068992126740028,0.007843075438304306,0.03527825280635116,joint step >0.2m and/or scale change >3.0%; review only
S06A08T04,154,155,handtip_left,0.5658690797866021,0.08032724494768077,0.093668815667353,joint step >0.2m and/or scale change >3.0%; review only
S06A08T04,155,156,handtip_right,0.7352936462122557,0.10192044186625053,0.09907525241980979,joint step >0.2m and/or scale change >3.0%; review only
S06A08T04,157,158,thumb_right,0.24387821738695772,0.010661037170220277,0.02224354150597163,joint step >0.2m and/or scale change >3.0%; review only
S06A08T04,158,159,foot_left,0.9828055850127165,0.21729733332009735,0.18991663014489488,joint step >0.2m and/or scale change >3.0%; review only
S06A08T04,161,162,foot_left,1.035929915188795,0.2384142246452806,0.15107844614721994,joint step >0.2m and/or scale change >3.0%; review only
S06A08T04,162,163,handtip_left,0.5672856592525054,0.05081800885824719,0.07520457410566377,joint step >0.2m and/or scale change >3.0%; review only
S06A08T04,163,164,handtip_right,0.923114381157422,0.06231736381095079,0.06696798735583034,joint step >0.2m and/or scale change >3.0%; review only
S06A08T04,164,165,hand_left,0.3737711939212987,0.011494644542831467,0.013919925654352811,joint step >0.2m and/or scale change >3.0%; review only
S06A08T04,165,166,handtip_left,0.7921351945828321,0.059159158267435764,0.04177952970054274,joint step >0.2m and/or scale change >3.0%; review only
S06A08T04,167,168,handtip_right,0.3600855558492969,0.005618176787687855,0.0130111596065352,joint step >0.2m and/or scale change >3.0%; review only
S06A08T04,168,169,handtip_left,0.3152515761725349,0.011290639902605723,0.00013407124574125404,joint step >0.2m and/or scale change >3.0%; review only
S06A08T04,170,171,handtip_right,0.3113925487429672,0.01660230994387589,0.034061738434727915,joint step >0.2m and/or scale change >3.0%; review only
S06A08T04,172,173,foot_right,0.23212933982794456,0.018669080903317835,0.0043183197123193755,joint step >0.2m and/or scale change >3.0%; review only
S06A08T04,181,182,hand_left,0.8086061795251769,0.1154566504059456,0.12099594507704495,joint step >0.2m and/or scale change >3.0%; review only
S06A08T04,183,184,hand_left,0.5777660627488839,0.16054622284332126,0.011988719352228144,joint step >0.2m and/or scale change >3.0%; review only
S06A08T04,184,185,handtip_left,0.6071938876802553,0.1468903435301134,0.07653008265640475,joint step >0.2m and/or scale change >3.0%; review only
S06A08T04,185,186,handtip_left,0.644703457102994,0.06536264438290666,0.1432505620099207,joint step >0.2m and/or scale change >3.0%; review only
S06A08T04,186,187,elbow_right,0.5080860815461866,0.08765389801351714,0.1350506591082821,joint step >0.2m and/or scale change >3.0%; review only
S06A08T04,187,188,hand_left,0.2979881587553731,0.0414163768852418,0.017634642157215528,joint step >0.2m and/or scale change >3.0%; review only
S06A08T05,20,21,handtip_right,0.2138675690590477,0.03505421085003629,0.0006895658947922098,joint step >0.2m and/or scale change >3.0%; review only
S06A08T05,23,24,handtip_right,0.2772549213376175,0.045845798282602476,0.011913886365084338,joint step >0.2m and/or scale change >3.0%; review only
S06A08T05,24,25,handtip_right,0.22701518191265493,0.033641332511969636,0.001187554786507629,joint step >0.2m and/or scale change >3.0%; review only
S06A08T05,44,45,handtip_right,0.2910086350412284,0.010176569028024628,0.0019736846044039226,joint step >0.2m and/or scale change >3.0%; review only
S06A08T05,106,107,foot_right,0.2473079751225126,0.037675699339913084,0.002751960655232584,joint step >0.2m and/or scale change >3.0%; review only
S06A08T05,108,109,foot_right,0.21853377150817554,0.03511728071502303,0.0038264048378742125,joint step >0.2m and/or scale change >3.0%; review only
S06A08T05,110,111,handtip_left,0.2191965162888315,0.03544273233235357,0.013473117449085978,joint step >0.2m and/or scale change >3.0%; review only
S06A08T05,114,115,handtip_left,0.08518716924146766,0.04536047025790635,0.03181063362394126,joint step >0.2m and/or scale change >3.0%; review only
S06A08T05,141,142,foot_right,0.2678268974202114,0.039309724889906666,0.003193740978569779,joint step >0.2m and/or scale change >3.0%; review only
S06A08T05,154,155,foot_left,0.23026722429585306,0.02791499808299815,0.0006843715094733973,joint step >0.2m and/or scale change >3.0%; review only
S06A08T05,161,162,foot_left,0.2193414251463106,0.014792258479419838,0.0006966796660650325,joint step >0.2m and/or scale change >3.0%; review only
S06A08T05,164,165,foot_left,0.24264987218123008,0.02577717674274294,0.017608786063034162,joint step >0.2m and/or scale change >3.0%; review only
S06A08T05,165,166,ankle_left,0.08047354266634245,0.00933820368579656,0.03000750928909346,joint step >0.2m and/or scale change >3.0%; review only
S06A08T05,167,168,foot_left,0.32640846203144674,0.05762508446041354,0.018321470362677637,joint step >0.2m and/or scale change >3.0%; review only
S06A08T05,177,178,nose,0.084699243066872,0.022747796606225838,0.03293593249619998,joint step >0.2m and/or scale change >3.0%; review only
S06A08T05,179,180,handtip_right,0.21895434451623066,0.013394154379657016,0.00024834987808704543,joint step >0.2m and/or scale change >3.0%; review only
S06A08T05,180,181,handtip_right,0.07829897765572623,0.02606040682789883,0.030076902450768345,joint step >0.2m and/or scale change >3.0%; review only
