held_out_trial,training_trials,mechanics,physics_weight,seed,model_horizontal_rmse_m,model_vertical_rmse_m,model_xy_rmse_m,model_theta_rmse_deg,model_endpoint_error_m,model_physics_theta_rmse_deg,model_radius_rmse_m,model_radius_range_error_m,constant_velocity_horizontal_rmse_m,constant_velocity_vertical_rmse_m,constant_velocity_xy_rmse_m,constant_velocity_theta_rmse_deg,constant_velocity_endpoint_error_m,uncontrolled_pendulum_horizontal_rmse_m,uncontrolled_pendulum_vertical_rmse_m,uncontrolled_pendulum_xy_rmse_m,uncontrolled_pendulum_theta_rmse_deg,uncontrolled_pendulum_endpoint_error_m,model_mos_rmse_m,physics_residual_rms_nm,physics_residual_rms_normalized,effective_torque_rms_nm,actual_radius_range_m,support_displacement_range_m,held_out_duration_s,held_out_max_abs_condition_z,final_training_total_loss,final_training_data_loss,final_training_physics_loss
S43A11T02,S43A11T03;S43A11T04;S43A11T05,variable_length,0.0,43013,0.0321444634020363,0.0787540692528592,0.08506156565270236,4.058753403043351,0.25555761239494235,4.058753403043352,0.03529996826304493,0.04539463705416147,0.3703124443139733,0.19391054872563443,0.41801029571156045,23.775662103671703,0.8207125193866347,0.1505501703496378,0.37953111786508614,0.4083004080578746,22.963731868665594,1.2525527456312395,0.13938300801916967,243.05369418843347,0.4709873894008251,0.0,0.3038636138164219,0.0,1.0,1.5015920706390884,0.00036822608265294236,0.00036822608265294236,0.21327746338836276
S43A11T02,S43A11T03;S43A11T04;S43A11T05,variable_length,0.0,43014,0.11199644779506332,0.14170348578029623,0.18061860978592142,8.740431088762577,0.4850809974743734,8.740431088762577,0.06482998686504808,0.25595135659406354,0.3703124443139733,0.19391054872563443,0.41801029571156045,23.775662103671703,0.8207125193866347,0.1505501703496378,0.37953111786508614,0.4083004080578746,22.963731868665594,1.2525527456312395,0.2668781189687439,276.43716902886155,0.535677604115404,0.0,0.3038636138164219,0.0,1.0,1.5015920706390884,0.00034085588538632826,0.00034085588538632826,0.3103980441413953
S43A11T02,S43A11T03;S43A11T04;S43A11T05,variable_length,0.01,43013,0.03360820892262076,0.0713075802386661,0.0788307218442171,3.555363657943005,0.27022820253748253,3.5553636579430044,0.0346401587710605,0.009792237375367163,0.3703124443139733,0.19391054872563443,0.41801029571156045,23.775662103671703,0.8207125193866347,0.1505501703496378,0.37953111786508614,0.4083004080578746,22.963731868665594,1.2525527456312395,0.14186897079959904,133.27280348857602,0.2582549094874062,65.1348228867369,0.3038636138164219,0.0,1.0,1.5015920706390884,0.0008086234733866986,0.0004572137682111266,0.02063740064436763
S43A11T02,S43A11T03;S43A11T04;S43A11T05,variable_length,0.01,43014,0.11116270815608999,0.20251015519465623,0.23101409186792002,11.026997342031834,0.6562339537302839,11.026997342031834,0.06887433571005959,0.2841915151968153,0.3703124443139733,0.19391054872563443,0.41801029571156045,23.775662103671703,0.8207125193866347,0.1505501703496378,0.37953111786508614,0.4083004080578746,22.963731868665594,1.2525527456312395,0.28412560627810607,95.63044497880222,0.18531186608044864,190.37570834949742,0.3038636138164219,0.0,1.0,1.5015920706390884,0.0007708602210821716,0.0004396591852383468,0.0193857919015353
S43A11T02,S43A11T03;S43A11T04;S43A11T05,variable_length,0.1,43013,0.03795934546339538,0.053376766274241226,0.06549802352670171,3.3728594250888126,0.17412299999458195,3.372859425088813,0.020895204685454385,0.028868163884416487,0.3703124443139733,0.19391054872563443,0.41801029571156045,23.775662103671703,0.8207125193866347,0.1505501703496378,0.37953111786508614,0.4083004080578746,22.963731868665594,1.2525527456312395,0.1545413052855756,144.4146656301999,0.2798455155494516,93.31217396066594,0.3038636138164219,0.0,1.0,1.5015920706390884,0.0009941339184238128,0.0006307517522240535,0.0006349330473366959
S43A11T02,S43A11T03;S43A11T04;S43A11T05,variable_length,0.1,43014,0.1256653043537048,0.36375617783428316,0.3848510434322816,18.154622203817187,1.0555041247566677,18.154622203817187,0.11319959039164933,0.4709917416363134,0.3703124443139733,0.19391054872563443,0.41801029571156045,23.775662103671703,0.8207125193866347,0.1505501703496378,0.37953111786508614,0.4083004080578746,22.963731868665594,1.2525527456312395,0.32123099772157426,81.12437870803495,0.15720213375913192,191.47444835990586,0.3038636138164219,0.0,1.0,1.5015920706390884,0.0010226738679096241,0.0006423973709634503,0.0006072988553633466
S43A11T02,S43A11T03;S43A11T04;S43A11T05,variable_length,1.0,43013,0.04941942119570064,0.07905989236748164,0.0932348956800824,4.782782839973936,0.17784606014377677,4.782782839973936,0.03624350770766813,0.01956539188138251,0.3703124443139733,0.19391054872563443,0.41801029571156045,23.775662103671703,0.8207125193866347,0.1505501703496378,0.37953111786508614,0.4083004080578746,22.963731868665594,1.2525527456312395,0.1688059680353568,105.68684706113208,0.2047990768358199,72.31014274588202,0.3038636138164219,0.0,1.0,1.5015920706390884,0.0012051605416170147,0.0009515000396300857,6.121310087752543e-05
S43A11T02,S43A11T03;S43A11T04;S43A11T05,variable_length,1.0,43014,0.16219835923816722,0.4264168479023391,0.45622323035386975,20.059455740277684,1.2991734989528914,20.059455740277684,0.16473451394239189,0.6629362452543082,0.3703124443139733,0.19391054872563443,0.41801029571156045,23.775662103671703,0.8207125193866347,0.1505501703496378,0.37953111786508614,0.4083004080578746,22.963731868665594,1.2525527456312395,0.42357540046103026,67.23352279770602,0.1302845508620924,110.97628973352252,0.3038636138164219,0.0,1.0,1.5015920706390884,0.0013027802030598406,0.0011489413667094158,5.352178307665755e-05
S43A11T02,S43A11T03;S43A11T04;S43A11T05,variable_length,10.0,43013,0.11641844100311281,0.1293276308302552,0.17400830296788147,8.73188778651238,0.2701053178610571,8.73188778651238,0.08489049095701165,0.12088799293085539,0.3703124443139733,0.19391054872563443,0.41801029571156045,23.775662103671703,0.8207125193866347,0.1505501703496378,0.37953111786508614,0.4083004080578746,22.963731868665594,1.2525527456312395,0.19934873547256293,57.47636129731605,0.11137720597118066,22.815333362970346,0.3038636138164219,0.0,1.0,1.5015920706390884,0.0023560498982141006,0.0022766692004449946,7.17223287250609e-06
S43A11T02,S43A11T03;S43A11T04;S43A11T05,variable_length,10.0,43014,0.0694992142141094,0.44155558883479495,0.4469915869539617,22.26106063897733,1.2414978740978395,22.261060638977334,0.1491533686951972,0.38435615267568646,0.3703124443139733,0.19391054872563443,0.41801029571156045,23.775662103671703,0.8207125193866347,0.1505501703496378,0.37953111786508614,0.4083004080578746,22.963731868665594,1.2525527456312395,0.14508132246476438,32.02303000509563,0.06205395623862124,73.86992186643636,0.3038636138164219,0.0,1.0,1.5015920706390884,0.0050505315423689055,0.004645742903397909,3.8952088251927083e-05
S43A11T03,S43A11T02;S43A11T04;S43A11T05,variable_length,0.0,43013,0.2133137058320501,0.29980093360100485,0.3679447470529189,19.389701346081942,0.5795414924049825,19.389701346081942,0.04325111528862228,0.0115973085795682,0.34577358803955277,0.25121112270432927,0.4273949021176035,24.02278952857722,0.7519117939865404,0.26197899109071693,0.4744770066679072,0.5419976214241601,31.85523480725524,1.5203992814704537,0.30990033878157264,214.24086949954616,0.40993309554079604,0.0,0.26959753598016634,0.0,0.9666666666666667,2.8536809788868935,0.00022143812071371107,0.00022143812071371107,0.26014125127487603
S43A11T03,S43A11T02;S43A11T04;S43A11T05,variable_length,0.0,43014,0.17211607687081665,0.11746612228740419,0.20838002256128166,11.068941151454336,0.2108350753292984,11.068941151454336,0.08162807896414039,0.1300231369861603,0.34577358803955277,0.25121112270432927,0.4273949021176035,24.02278952857722,0.7519117939865404,0.26197899109071693,0.4744770066679072,0.5419976214241601,31.85523480725524,1.5203992814704537,0.25522463325569356,215.50903305878404,0.412359627017749,0.0,0.26959753598016634,0.0,0.9666666666666667,2.8536809788868935,0.0002205986233153975,0.0002205986233153975,0.1369213188389018
S43A11T03,S43A11T02;S43A11T04;S43A11T05,variable_length,0.01,43013,0.21426953608701102,0.3740770342698629,0.43109750830070814,21.53133188210727,0.7417240336915386,21.53133188210727,0.08718762822793576,0.14299429903533567,0.34577358803955277,0.25121112270432927,0.4273949021176035,24.02278952857722,0.7519117939865404,0.26197899109071693,0.4744770066679072,0.5419976214241601,31.85523480725524,1.5203992814704537,0.3110562348420346,148.30073562269826,0.2837618226942394,77.67070614996608,0.26959753598016634,0.0,0.9666666666666667,2.8536809788868935,0.0005856484354865699,0.00030802301114324745,0.01625062500043145
S43A11T03,S43A11T02;S43A11T04;S43A11T05,variable_length,0.01,43014,0.1578131356275808,0.06839446317206355,0.17199647778138935,8.30389893210634,0.15312195367613637,8.30389893210634,0.10106738021315409,0.13839030716573442,0.34577358803955277,0.25121112270432927,0.4273949021176035,24.02278952857722,0.7519117939865404,0.26197899109071693,0.4744770066679072,0.5419976214241601,31.85523480725524,1.5203992814704537,0.239740375673054,154.0106924093212,0.29468737703133785,48.5733893202424,0.26959753598016634,0.0,0.9666666666666667,2.8536809788868935,0.0006014641222188374,0.00030254853833228064,0.017645345536646994
S43A11T03,S43A11T02;S43A11T04;S43A11T05,variable_length,0.1,43013,0.2360728282747075,0.46227683896762684,0.5190667164204624,24.479862418259838,0.9455945214137071,24.479862418259838,0.14686826166702946,0.2698673645149554,0.34577358803955277,0.25121112270432927,0.4273949021176035,24.02278952857722,0.7519117939865404,0.26197899109071693,0.4744770066679072,0.5419976214241601,31.85523480725524,1.5203992814704537,0.34420139486966167,187.4284628838551,0.3586296590464252,57.71221932145727,0.26959753598016634,0.0,0.9666666666666667,2.8536809788868935,0.000704597830620888,0.00044441674225767356,0.00036884884023171484
S43A11T03,S43A11T02;S43A11T04;S43A11T05,variable_length,0.1,43014,0.14225307852496513,0.1925331461936251,0.23938452484036163,9.51105608353742,0.597733118066298,9.51105608353742,0.16443029650556787,0.02505798929426184,0.34577358803955277,0.25121112270432927,0.4273949021176035,24.02278952857722,0.7519117939865404,0.26197899109071693,0.4744770066679072,0.5419976214241601,31.85523480725524,1.5203992814704537,0.2256492612595022,127.54534554773751,0.24404801214791225,54.681433075549144,0.26959753598016634,0.0,0.9666666666666667,2.8536809788868935,0.000724804924846003,0.0004376982245549096,0.0006077251056238263
S43A11T03,S43A11T02;S43A11T04;S43A11T05,variable_length,1.0,43013,0.22775213747243517,0.388621082573737,0.4504413190905629,22.466797103208307,0.7511994375839011,22.466797103208307,0.09513887602722199,0.1373469797118,0.34577358803955277,0.25121112270432927,0.4273949021176035,24.02278952857722,0.7519117939865404,0.26197899109071693,0.4744770066679072,0.5419976214241601,31.85523480725524,1.5203992814704537,0.3282168386143074,177.96447855421027,0.3405210675276202,28.909913760479164,0.26959753598016634,0.0,0.9666666666666667,2.8536809788868935,0.0009538429976535262,0.0008199292091826865,5.3885219569220495e-05
S43A11T03,S43A11T02;S43A11T04;S43A11T05,variable_length,1.0,43014,0.20163474643176196,0.12082627032890211,0.2350650092425367,7.133591403211507,0.47981245854131405,7.133591403211507,0.20382904481610026,0.10866782677853304,0.34577358803955277,0.25121112270432927,0.4273949021176035,24.02278952857722,0.7519117939865404,0.26197899109071693,0.4744770066679072,0.5419976214241601,31.85523480725524,1.5203992814704537,0.29424814778960323,151.4176202616239,0.28972573691594233,65.95635743372287,0.26959753598016634,0.0,0.9666666666666667,2.8536809788868935,0.000923378794222484,0.0005817274774971786,7.524160449534459e-05
S43A11T03,S43A11T02;S43A11T04;S43A11T05,variable_length,10.0,43013,0.14848871775547298,0.5468981785803958,0.5666979063268356,23.018088819919807,1.0109206060746594,23.018088819919807,0.26904549770942743,0.5034581146827709,0.34577358803955277,0.25121112270432927,0.4273949021176035,24.02278952857722,0.7519117939865404,0.26197899109071693,0.4744770066679072,0.5419976214241601,31.85523480725524,1.5203992814704537,0.23602661456036947,207.73146434556924,0.3974778594734096,15.5746391646799,0.26959753598016634,0.0,0.9666666666666667,2.8536809788868935,0.006168747261584875,0.005487214745325555,6.657881068432146e-05
S43A11T03,S43A11T02;S43A11T04;S43A11T05,variable_length,10.0,43014,0.140063836837079,0.14479833802725037,0.20145579436932992,7.763225198029764,0.4983166437905703,7.763225198029764,0.1444984470374385,0.02584653144547422,0.34577358803955277,0.25121112270432927,0.4273949021176035,24.02278952857722,0.7519117939865404,0.26197899109071693,0.4744770066679072,0.5419976214241601,31.85523480725524,1.5203992814704537,0.22490006939944396,137.7904725961732,0.26365125897464753,27.951369186087774,0.26959753598016634,0.0,0.9666666666666667,2.8536809788868935,0.0016118621969033323,0.0014320406506316656,1.3468782914816076e-05
S43A11T04,S43A11T02;S43A11T03;S43A11T05,variable_length,0.0,43013,0.039906113262497094,0.1634730941631476,0.1682734393509343,8.070615875106748,0.3178718685690392,8.070615875106748,0.0997166506999005,0.010414333949948618,0.3310049921181227,0.18841772193233627,0.3808747074108356,22.10921681321028,0.8018069349005624,0.13179947228173464,0.3736429158068145,0.39620717992782767,23.063919650954492,1.1991753882253064,0.09429411595106105,254.52163733680985,0.4846434438409408,0.0,0.23532020681458,0.0,1.0333333333333334,2.9541297818491965,0.000323661674367837,0.000323661674367837,0.23423564768783645
S43A11T04,S43A11T02;S43A11T03;S43A11T05,variable_length,0.0,43014,0.32826135855074945,0.09540171355640058,0.3418435409175976,11.787509404290347,0.7541457395939397,11.787509404290347,0.26156612413037605,0.7060006589931872,0.3310049921181227,0.18841772193233627,0.3808747074108356,22.10921681321028,0.8018069349005624,0.13179947228173464,0.3736429158068145,0.39620717992782767,23.063919650954492,1.1991753882253064,0.5948662126481175,388.3964747102076,0.7395591473040269,0.0,0.23532020681458,0.0,1.0333333333333334,2.9541297818491965,0.00031466585038722466,0.00031466585038722466,0.3701682252190352
S43A11T04,S43A11T02;S43A11T03;S43A11T05,variable_length,0.01,43013,0.03667838676991424,0.24258162171347564,0.24533884170506554,12.813169931558496,0.5682519587160945,12.813169931558496,0.09895074171115187,0.1262610316341367,0.3310049921181227,0.18841772193233627,0.3808747074108356,22.10921681321028,0.8018069349005624,0.13179947228173464,0.3736429158068145,0.39620717992782767,23.063919650954492,1.1991753882253064,0.10867895547205292,76.80180464540103,0.14624096986807814,188.4748754762303,0.23532020681458,0.0,1.0333333333333334,2.9541297818491965,0.0008785590412503797,0.0004432302693896245,0.02458413253270818
S43A11T04,S43A11T02;S43A11T03;S43A11T05,variable_length,0.01,43014,0.2595249553102038,0.0769580776718742,0.2706949355782511,5.902499349545294,0.6274631562854486,5.902499349545294,0.2504050019599822,0.6265153438154569,0.3310049921181227,0.18841772193233627,0.3808747074108356,22.10921681321028,0.8018069349005624,0.13179947228173464,0.3736429158068145,0.39620717992782767,23.063919650954492,1.1991753882253064,0.4981692655614328,312.4536059341661,0.594953706902601,57.659228092977074,0.23532020681458,0.0,1.0333333333333334,2.9541297818491965,0.0008637996668173189,0.0004384835928410127,0.023895183448705264
S43A11T04,S43A11T02;S43A11T03;S43A11T05,variable_length,0.1,43013,0.04473052192929107,0.2566664338991045,0.2605349839897708,13.701391469178821,0.6674894374310385,13.701391469178821,0.0829447447869812,0.15973365677856854,0.3310049921181227,0.18841772193233627,0.3808747074108356,22.10921681321028,0.8018069349005624,0.13179947228173464,0.3736429158068145,0.39620717992782767,23.063919650954492,1.1991753882253064,0.12576837710850114,28.315055638344234,0.05391567577791301,180.65847002738732,0.23532020681458,0.0,1.0333333333333334,2.9541297818491965,0.0011959311655132853,0.0006675785853198996,0.0008303962026273573
S43A11T04,S43A11T02;S43A11T03;S43A11T05,variable_length,0.1,43014,0.22127224779679383,0.06239322119324603,0.22990067789355267,5.335622519776822,0.5529784776903399,5.335622519776822,0.21066088257567983,0.5514108111669568,0.3310049921181227,0.18841772193233627,0.3808747074108356,22.10921681321028,0.8018069349005624,0.13179947228173464,0.3736429158068145,0.39620717992782767,23.063919650954492,1.1991753882253064,0.44560505145054086,418.6967664915472,0.7972549798153559,194.48022624632998,0.23532020681458,0.0,1.0333333333333334,2.9541297818491965,0.0010825263232209054,0.0006327355062333071,0.0008185159318467488
S43A11T04,S43A11T02;S43A11T03;S43A11T05,variable_length,1.0,43013,0.029814863955679984,0.3585146735316747,0.3597522720570629,18.85547679340157,0.9102132774257523,18.85547679340157,0.13840122623778026,0.26151529108586324,0.3310049921181227,0.18841772193233627,0.3808747074108356,22.10921681321028,0.8018069349005624,0.13179947228173464,0.3736429158068145,0.39620717992782767,23.063919650954492,1.1991753882253064,0.10412638810628017,18.490216541339034,0.035207860187151496,147.4823441315595,0.23532020681458,0.0,1.0333333333333334,2.9541297818491965,0.001308753115983954,0.0008592619565765212,8.696323479046951e-05
S43A11T04,S43A11T02;S43A11T03;S43A11T05,variable_length,1.0,43014,0.11012208537140226,0.21977422674586466,0.24582022786640068,5.965609543064379,0.4996591352043992,5.965609543064379,0.2111234561958805,0.44782875641539044,0.3310049921181227,0.18841772193233627,0.3808747074108356,22.10921681321028,0.8018069349005624,0.13179947228173464,0.3736429158068145,0.39620717992782767,23.063919650954492,1.1991753882253064,0.2807828323832738,302.71212453476227,0.5764046155840031,164.50433272928896,0.23532020681458,0.0,1.0333333333333334,2.9541297818491965,0.0013648945357403674,0.0010754522851348577,9.595049420772334e-05
S43A11T04,S43A11T02;S43A11T03;S43A11T05,variable_length,10.0,43013,0.0366378495308853,0.43893605299713195,0.44046247358764723,22.461417330278614,1.203332744667669,22.461417330278614,0.1334188553631683,0.4975359103904159,0.3310049921181227,0.18841772193233627,0.3808747074108356,22.10921681321028,0.8018069349005624,0.13179947228173464,0.3736429158068145,0.39620717992782767,23.063919650954492,1.1991753882253064,0.16333965881798068,18.587613761235712,0.03539331759880878,63.135016090596004,0.23532020681458,0.0,1.0333333333333334,2.9541297818491965,0.002529621838570138,0.002399010276682019,9.325586321250784e-06
S43A11T04,S43A11T02;S43A11T03;S43A11T05,variable_length,10.0,43014,0.1034504468957582,0.40156730747107094,0.41467854706085017,16.79506828578021,0.6909684403683255,16.79506828578021,0.2283535270681358,0.29343120428641833,0.3310049921181227,0.18841772193233627,0.3808747074108356,22.10921681321028,0.8018069349005624,0.13179947228173464,0.3736429158068145,0.39620717992782767,23.063919650954492,1.1991753882253064,0.1647904183861144,149.14151803632762,0.28398551760510043,80.58966328123482,0.23532020681458,0.0,1.0333333333333334,2.9541297818491965,0.004058714061011344,0.003572581415458751,4.510709629903417e-05
S43A11T05,S43A11T02;S43A11T03;S43A11T04,variable_length,0.0,43013,0.20898780992408367,0.23189725897726177,0.31217341882042443,18.57124735054277,0.6387452546567791,18.57124735054277,0.0695984382533687,0.02968819326303629,0.33767848926031485,0.18480891516370498,0.3849429791970677,25.383573251386554,0.7971449958595366,0.20722376147721275,0.13014955272171633,0.24470511517830512,15.957729453248907,0.4114091058957874,0.3653152495488315,100.6142003579515,0.20415611580027967,0.0,0.1674443687734971,0.0,0.8,10.553087865847637,0.0003668666864706136,0.0003668666864706136,0.29858675291775344
S43A11T05,S43A11T02;S43A11T03;S43A11T04,variable_length,0.0,43014,0.1991752291855124,0.19608461014912854,0.2794994566335275,17.221132079547242,0.5731211179208575,17.221132079547242,0.04414618656901838,0.03005086515535671,0.33767848926031485,0.18480891516370498,0.3849429791970677,25.383573251386554,0.7971449958595366,0.20722376147721275,0.13014955272171633,0.24470511517830512,15.957729453248907,0.4114091058957874,0.3520938166106795,112.93997333834005,0.22916632238105775,0.0,0.1674443687734971,0.0,0.8,10.553087865847637,0.00043389528173702515,0.00043389528173702515,0.36233686373537094
S43A11T05,S43A11T02;S43A11T03;S43A11T04,variable_length,0.01,43013,0.22297412734201927,0.2226975205768706,0.31513750512279676,19.138597337955126,0.6444294599367929,19.138597337955126,0.05788007532475008,9.254515336298841e-05,0.33767848926031485,0.18480891516370498,0.3849429791970677,25.383573251386554,0.7971449958595366,0.20722376147721275,0.13014955272171633,0.24470511517830512,15.957729453248907,0.4114091058957874,0.39104753483307114,208.20898874820224,0.4224765318047651,271.2469428504381,0.1674443687734971,0.0,0.8,10.553087865847637,0.0008738921133565412,0.0005040922525084531,0.020067191862742268
S43A11T05,S43A11T02;S43A11T03;S43A11T04,variable_length,0.01,43014,0.19178458452111757,0.16895417948484434,0.2555911610860882,16.118344927387984,0.5154704538138742,16.118344927387984,0.031015269009818575,0.07272287945774214,0.33767848926031485,0.18480891516370498,0.3849429791970677,25.383573251386554,0.7971449958595366,0.20722376147721275,0.13014955272171633,0.24470511517830512,15.957729453248907,0.4114091058957874,0.335357482417511,92.14295745149205,0.18696713013393623,33.65988123213391,0.1674443687734971,0.0,0.8,10.553087865847637,0.0008909675739782163,0.0005218462191792432,0.020052557133509733
S43A11T05,S43A11T02;S43A11T03;S43A11T04,variable_length,0.1,43013,0.20005426716348748,0.26455255188684756,0.33167719626191244,18.770221366734628,0.6792247117373013,18.770221366734628,0.10130655865490495,0.09921688242080162,0.33767848926031485,0.18480891516370498,0.3849429791970677,25.383573251386554,0.7971449958595366,0.20722376147721275,0.13014955272171633,0.24470511517830512,15.957729453248907,0.4114091058957874,0.3471939535964205,149.131609138708,0.3026027136973411,217.92211111221306,0.1674443687734971,0.0,0.8,10.553087865847637,0.0011282062771597475,0.0006982163071732789,0.0006300810264771498
S43A11T05,S43A11T02;S43A11T03;S43A11T04,variable_length,0.1,43014,0.20708050427298896,0.22917977016136087,0.3088781350325231,18.400837061907666,0.6293537007465299,18.400837061907666,0.06930402836579125,0.019381495736631726,0.33767848926031485,0.18480891516370498,0.3849429791970677,25.383573251386554,0.7971449958595366,0.20722376147721275,0.13014955272171633,0.24470511517830512,15.957729453248907,0.4114091058957874,0.3642861156791869,232.64821564854628,0.47206612869452097,169.84334231952366,0.1674443687734971,0.0,0.8,10.553087865847637,0.0011319259638767152,0.0006924126404716963,0.0007116283378596697
S43A11T05,S43A11T02;S43A11T03;S43A11T04,variable_length,1.0,43013,0.1207263125780018,0.20769755441725227,0.24023554412199055,13.47087611304049,0.48557061394822204,13.47087611304049,0.08246625834228358,0.0844887302741405,0.33767848926031485,0.18480891516370498,0.3849429791970677,25.383573251386554,0.7971449958595366,0.20722376147721275,0.13014955272171633,0.24470511517830512,15.957729453248907,0.4114091058957874,0.20188409683322298,152.75753874063912,0.3099600817533604,210.94670332490708,0.1674443687734971,0.0,0.8,10.553087865847637,0.0013186767356257539,0.0009376314639956393,7.730362648723149e-05
S43A11T05,S43A11T02;S43A11T03;S43A11T04,variable_length,1.0,43014,0.16676155899089845,0.2771695385091364,0.32346927309165324,17.36719059795542,0.658233551599194,17.36719059795542,0.12497834278593241,0.15076109812384975,0.33767848926031485,0.18480891516370498,0.3849429791970677,25.383573251386554,0.7971449958595366,0.20722376147721275,0.13014955272171633,0.24470511517830512,15.957729453248907,0.4114091058957874,0.28502958274735374,168.34286732816255,0.3415842474931856,93.15933041171674,0.1674443687734971,0.0,0.8,10.553087865847637,0.001516908710161009,0.001344571017966605,5.882315463974138e-05
S43A11T05,S43A11T02;S43A11T03;S43A11T04,variable_length,10.0,43013,0.1733226889173692,0.39702894296335095,0.4332121143783296,19.78964812451427,0.8890194122502777,19.78964812451427,0.23305347337171223,0.3682451799057528,0.33767848926031485,0.18480891516370498,0.3849429791970677,25.383573251386554,0.7971449958595366,0.20722376147721275,0.13014955272171633,0.24470511517830512,15.957729453248907,0.4114091058957874,0.29631135859410734,170.60385327211418,0.34617201051822577,222.23298530802,0.1674443687734971,0.0,0.8,10.553087865847637,0.002043431515069294,0.0018588663117221713,1.1642148821363756e-05
S43A11T05,S43A11T02;S43A11T03;S43A11T04,variable_length,10.0,43014,0.24837228142649753,0.45569110106792293,0.5189828222335487,23.76153288496001,1.0500785571749585,23.76153288496001,0.2697389044835012,0.4163824792900058,0.33767848926031485,0.18480891516370498,0.3849429791970677,25.383573251386554,0.7971449958595366,0.20722376147721275,0.13014955272171633,0.24470511517830512,15.957729453248907,0.4114091058957874,0.4303545554902955,42.8308354664059,0.08690798092310476,17.1789512968868,0.1674443687734971,0.0,0.8,10.553087865847637,0.002326501899929726,0.00224201114111779,5.995893208171076e-06
