case_id,delay_frames,delay_s,start_index,alpha_kp,beta_kd,gamma_torque_limit,training_theta_rmse_rad,cost,optimality,nfev,success
A11_responsive_n43021,3,0.1,1,1.5473582081700312,0.5539278056351901,0.17892193069874307,0.0009304918774896637,0.016026122605556598,4.6838797320911685e-08,6,True
A11_responsive_n43021,3,0.1,0,1.5473582081152712,0.5539278040408122,0.1789219311023856,0.0009304918774896723,0.016026122605556897,7.4311834793578e-08,8,True
A11_responsive_n43021,3,0.1,2,1.5473582098026313,0.5539278068517728,0.17892193062677436,0.0009304918774897126,0.016026122605558288,4.75481443444743e-08,7,True
A11_responsive_n43021,2,0.06666666666666667,2,1.5624833403369227,0.34636784849770674,0.17422800594170568,0.002212516882607058,0.09061007181907331,2.6105072904996205e-07,8,True
A11_responsive_n43021,2,0.06666666666666667,1,1.5624833410707815,0.3463678614263834,0.17422800208693415,0.0022125168826070928,0.0906100718190762,1.4331438516814613e-07,7,True
A11_responsive_n43021,2,0.06666666666666667,0,1.5624833354803627,0.34636783779485036,0.17422800858829451,0.0022125168826072246,0.09061007181908698,6.204230115126575e-07,8,True
A11_responsive_n43021,4,0.13333333333333333,2,1.5296783911868772,0.7702663391114036,0.19064608618375467,0.0036202199083450637,0.24259016660097812,0.003931027686877469,18,True
A11_responsive_n43021,4,0.13333333333333333,1,1.529674434707536,0.7702746361171846,0.19064584667148748,0.0036202200373250605,0.24259018388682277,0.002900087990627987,18,True
A11_responsive_n43021,4,0.13333333333333333,0,1.5296784660051972,0.7702764493341765,0.19064657246177216,0.003620220056958448,0.24259018651808098,0.003089400436232434,25,True
A11_responsive_n43021,5,0.16666666666666666,2,1.5111542822275508,0.8499999999999999,0.24639007245787506,0.010528194819743411,2.0516870330441845,4.926184916232269e-07,9,True
A11_responsive_n43021,5,0.16666666666666666,1,1.5111542851919204,0.8499999999999999,0.24639007369031363,0.01052819481974345,2.0516870330441996,6.277733302175001e-07,10,True
A11_responsive_n43021,5,0.16666666666666666,0,1.5111542452060593,0.8499999999999998,0.24639006316349274,0.01052819481974385,2.051687033044357,2.7708588426301235e-06,10,True
A11_responsive_n43021,6,0.2,1,1.4401594277016374,0.8499999999999999,0.2999999999999999,0.025074193083431003,11.637433699327447,1.0209091282911932e-05,9,True
A11_responsive_n43021,6,0.2,0,1.440159844684413,0.849999999999984,0.2999999999998963,0.025074193083485474,11.63743369937801,8.427163691968063e-05,9,True
A11_responsive_n43021,6,0.2,2,1.4401598445667578,0.849999999999991,0.29999999999986443,0.025074193083486216,11.6374336993787,8.12886929904174e-05,8,True
A11_responsive_n43022,3,0.1,2,1.5502222153806993,0.5483209387219408,0.18044328029913487,0.0008758318741601558,0.014073173225048596,9.449187038609899e-08,6,True
A11_responsive_n43022,3,0.1,0,1.5502222146542166,0.5483209385522492,0.1804432802288675,0.000875831874160175,0.014073173225049218,2.982602053249819e-08,8,True
A11_responsive_n43022,3,0.1,1,1.55022221521344,0.5483209400948571,0.18044327986639222,0.0008758318741601828,0.01407317322504947,1.1154943642573829e-07,6,True
A11_responsive_n43022,2,0.06666666666666667,0,1.565372907677983,0.3402576639382658,0.17609785725581675,0.002267231193614013,0.09430661502210778,4.89122736021157e-07,8,True
A11_responsive_n43022,2,0.06666666666666667,2,1.565372913625852,0.34025769374319587,0.17609784843996074,0.002267231193615417,0.09430661502222458,1.09849876606262e-06,8,True
A11_responsive_n43022,2,0.06666666666666667,1,1.5653729205804037,0.34025772399855986,0.17609783989828917,0.002267231193617885,0.09430661502242986,1.930272561921629e-06,7,True
A11_responsive_n43022,4,0.13333333333333333,1,1.5323596049120947,0.7659332894991925,0.19164009773055513,0.003473314448011108,0.2213292163203651,1.17860703968457e-06,9,True
A11_responsive_n43022,4,0.13333333333333333,0,1.5323596354603186,0.7659336597118604,0.19164001640721903,0.0034733144480133308,0.22132921632064836,7.169548553367638e-06,10,True
A11_responsive_n43022,4,0.13333333333333333,2,1.532359645918407,0.7659337916356941,0.19163998725215428,0.0034733144480295058,0.22132921632270974,1.1666892298015815e-05,7,True
A11_responsive_n43022,5,0.16666666666666666,2,1.513955959348391,0.8499999999999999,0.2467350072562706,0.010281813426049856,1.9395008680006587,4.225845275140254e-07,9,True
A11_responsive_n43022,5,0.16666666666666666,1,1.5139559636170408,0.8499999999999999,0.24673500876393728,0.0102818134260499,1.9395008680006742,7.298714256312287e-07,10,True
A11_responsive_n43022,5,0.16666666666666666,0,1.5139559763021588,0.8499999999999999,0.24673501258715513,0.010281813426049993,1.9395008680007098,2.200038573940942e-07,11,True
A11_responsive_n43022,6,0.2,0,1.4424163053825079,0.8499999999999999,0.29999999999999993,0.024868539994784743,11.346217870226843,2.6320428037907145e-06,10,True
A11_responsive_n43022,6,0.2,2,1.4424163005512927,0.8499999999999999,0.29999999999999993,0.02486853999478475,11.346217870226852,7.298466450281616e-07,9,True
A11_responsive_n43022,6,0.2,1,1.442416485908102,0.8499999999999999,0.2999999999999987,0.02486853999479227,11.346217870233716,3.296526815279303e-05,9,True
A11_balanced_n43021,4,0.13333333333333333,1,1.3476854364852047,0.4513100311166694,0.1494405611453125,0.0009272793872309753,0.00938477521860373,0.00023351439263510917,17,True
A11_balanced_n43021,4,0.13333333333333333,2,1.3476866872264923,0.4513097390571415,0.14944075284033081,0.0009272793912074924,0.009384775299094511,0.0002706157985110762,17,True
A11_balanced_n43021,4,0.13333333333333333,0,1.3476852517935924,0.45131057352255816,0.14944059381498662,0.0009272794044543633,0.009384775567231406,0.0002606786248035022,21,True
A11_balanced_n43021,3,0.1,1,1.3604371604559402,0.273070754291561,0.1470046169170353,0.003429781008672782,0.12839125553317418,2.754482506559125e-07,10,True
A11_balanced_n43021,3,0.1,2,1.3604443276307774,0.27327389606993424,0.14692939337977032,0.003429789791336591,0.12839191307875755,4.185281393825048e-06,9,True
A11_balanced_n43021,3,0.1,0,1.3604443214410777,0.27327380183598626,0.14692942403506043,0.0034297897913482395,0.1283919130796297,6.098319848071559e-06,8,True
A11_balanced_n43021,5,0.16666666666666666,0,1.3347469937923941,0.6011670483272802,0.1682092002987202,0.005215888815774396,0.29693357953872906,0.0005973788688993497,20,True
A11_balanced_n43021,5,0.16666666666666666,2,1.3347472791924482,0.6011670363927157,0.16820931079985277,0.005215888817863703,0.296933579776612,0.0005908266415414549,24,True
A11_balanced_n43021,5,0.16666666666666666,1,1.3347472986145645,0.6011668528007692,0.1682093744379803,0.005215888822716566,0.296933580329146,0.000591829126469298,21,True
A11_balanced_n43021,2,0.06666666666666667,2,1.3696869726706682,0.15000000000000002,0.13173208478221307,0.005854788033977642,0.37413213858024635,1.316284207645438e-07,12,True
A11_balanced_n43021,2,0.06666666666666667,1,1.369686974735707,0.15000000000000002,0.13173208509029474,0.005854788033977707,0.37413213858025457,9.251723064932833e-08,12,True
A11_balanced_n43021,2,0.06666666666666667,0,1.3696869734043193,0.15000000000000002,0.1317320850232889,0.0058547880339777135,0.3741321385802555,2.092982147703303e-07,11,True
A11_balanced_n43021,6,0.2,0,1.3277807690374075,0.7330299703251748,0.20711179648577954,0.011372423036303578,1.4115903349394414,1.104670638897113e-05,10,True
A11_balanced_n43021,6,0.2,1,1.3277807377240327,0.7330340056563774,0.20711024385438434,0.011372423036897832,1.4115903350869639,7.201159627486076e-05,10,True
A11_balanced_n43021,6,0.2,2,1.3277261139249998,0.733324867975093,0.20692855844800243,0.011372435310502638,1.4115933819858015,2.848006841922406e-05,9,True
A11_balanced_n43022,4,0.13333333333333333,2,1.3505859802759792,0.4465999196203792,0.1512518448413384,0.0008651529824223015,0.00812266227448865,3.519914009857094e-08,7,True
A11_balanced_n43022,4,0.13333333333333333,1,1.3505859798827509,0.44659991552833195,0.15125184596183275,0.0008651529824223212,0.008122662274489023,1.1831462097384167e-08,6,True
A11_balanced_n43022,4,0.13333333333333333,0,1.3505859801331772,0.44659992024755063,0.15125184467465,0.0008651529824223321,0.008122662274489226,1.5483555639746715e-08,7,True
A11_balanced_n43022,3,0.1,1,1.3631166539546005,0.26795181823133013,0.14901945346306059,0.0035591378056568724,0.1374681807726512,2.79012552418749e-07,9,True
A11_balanced_n43022,3,0.1,2,1.3631166541798558,0.2679518253558546,0.1490194510677809,0.0035591378056571157,0.13746818077266998,3.3580953309189824e-07,10,True
A11_balanced_n43022,3,0.1,0,1.363116654967306,0.26795183354884977,0.14901944826133673,0.0035591378056574648,0.13746818077269704,3.975653126056164e-07,10,True
A11_balanced_n43022,5,0.16666666666666666,0,1.3375609874813035,0.5988491674293066,0.1694404629281715,0.004998567730493973,0.2711463360434181,1.904136843878411e-06,9,True
A11_balanced_n43022,5,0.16666666666666666,2,1.3375609722858617,0.5988502862445191,0.1694401099685479,0.004998567730607396,0.27114633605572325,1.3117957388999926e-05,8,True
A11_balanced_n43022,5,0.16666666666666666,1,1.337561008911263,0.5988478433714197,0.16944088018657738,0.004998567730847212,0.2711463360817408,1.2771946003090186e-05,8,True
A11_balanced_n43022,2,0.06666666666666667,1,1.37266820969065,0.15000000000000002,0.13210769867163719,0.006077092653095526,0.40077838739745325,3.4910905063421547e-07,11,True
A11_balanced_n43022,2,0.06666666666666667,2,1.3726682085932496,0.15000000000000002,0.13210769856691332,0.00607709265309553,0.40077838739745364,2.1023417335908553e-07,13,True
A11_balanced_n43022,2,0.06666666666666667,0,1.3726682083782396,0.15000000000000002,0.1321076984795113,0.006077092653095559,0.4007783873974575,1.0211877930932878e-07,10,True
A11_balanced_n43022,6,0.2,0,1.3303671993377852,0.7329205347549184,0.20773094857726113,0.011150133105410878,1.3491886579143726,0.010139272895074937,20,True
A11_balanced_n43022,6,0.2,2,1.3303827480647448,0.7328313257521182,0.2077198306868254,0.011150135956632596,1.34918934792165,0.004264974722164496,21,True
A11_balanced_n43022,6,0.2,1,1.3303481018925487,0.7327833579353364,0.2077056247518656,0.011150140549710214,1.3491904594655266,0.006580677033112299,27,True
A11_limited_n43021,5,0.16666666666666666,1,1.198709505625467,0.36125801970460447,0.10946924442701282,0.0008952317487711706,0.005685164623678942,8.049399035305787e-09,7,True
A11_limited_n43021,5,0.16666666666666666,2,1.198709505090893,0.36125801772409866,0.10946924477356786,0.0008952317487712267,0.005685164623679655,1.0637587740019804e-07,8,True
A11_limited_n43021,5,0.16666666666666666,0,1.1987095050597385,0.36125801768619537,0.10946924476182901,0.0008952317487712538,0.005685164623679994,8.533928184772207e-08,6,True
A11_limited_n43021,4,0.13333333333333333,1,1.2155265199745173,0.25453460476156425,0.09860541364254584,0.003794197770458314,0.10212028600780099,2.268329165449081e-06,9,True
A11_limited_n43021,4,0.13333333333333333,0,1.2155265171481535,0.25453459371156295,0.0986054154102054,0.0037941977704591527,0.10212028600784612,2.2751089521223424e-06,8,True
A11_limited_n43021,4,0.13333333333333333,2,1.2155265102124877,0.25453457121274764,0.09860541894701534,0.003794197770461325,0.10212028600796305,2.9448271846034518e-06,10,True
A11_limited_n43021,6,0.2,1,1.1804284876575226,0.4481344802802089,0.12805177252765612,0.005150685198271492,0.1881924118071855,8.378039883686936e-06,8,True
A11_limited_n43021,6,0.2,0,1.1804284848144022,0.4481344642802527,0.12805177578776353,0.005150685198276577,0.18819241180755703,8.980717074242053e-06,8,True
A11_limited_n43021,6,0.2,2,1.1804284832069882,0.44813444214674725,0.12805178025536945,0.005150685198283575,0.18819241180806842,9.420990209719358e-06,8,True
A11_limited_n43021,3,0.1,2,1.2330584349102884,0.15000000000000002,0.0900540217006449,0.006705815352212575,0.31898868257694035,1.0270210186475727e-07,11,True
A11_limited_n43021,3,0.1,0,1.2330584348751736,0.15000000000000002,0.09005402188921023,0.0067058153522126535,0.3189886825769479,1.6840343882736495e-07,9,True
A11_limited_n43021,3,0.1,1,1.2330584355620657,0.15000000000000002,0.09005402163428315,0.00670581535221268,0.31898868257695046,2.6561967385035787e-07,11,True
A11_limited_n43021,2,0.06666666666666667,1,1.289455946261163,0.15000000000000002,0.07537297919824971,0.012458828019367943,1.101099271409809,1.591545508735016e-06,10,True
A11_limited_n43021,2,0.06666666666666667,0,1.2894292696437637,0.15000000000000002,0.07536894935824613,0.01245883093719,1.101099787158499,1.0534301375779226e-06,8,True
A11_limited_n43021,2,0.06666666666666667,2,1.2894292784984773,0.15000000000000002,0.0753689491517173,0.012458830937190175,1.1010997871585304,1.2733141699097305e-06,10,True
A11_limited_n43022,5,0.16666666666666666,2,1.199710881934905,0.35773850871869145,0.11061335464833356,0.0008631531520851457,0.005268956026888606,1.857082895960592e-08,8,True
A11_limited_n43022,5,0.16666666666666666,1,1.199710831786499,0.35773812160670615,0.11061346984452347,0.0008631531520921642,0.005268956026974294,2.0147947574102936e-08,7,True
A11_limited_n43022,5,0.16666666666666666,0,1.1997108313318559,0.3577381194530872,0.11061347023819447,0.0008631531520921919,0.00526895602697463,3.485006217962219e-08,6,True
A11_limited_n43022,4,0.13333333333333333,1,1.216091145686354,0.25018708142989426,0.09971893676677704,0.004134060234858041,0.12086552776859608,2.7936304851175123e-07,9,True
A11_limited_n43022,4,0.13333333333333333,0,1.216091158348365,0.25018712657134995,0.09971892943786971,0.004134060234861717,0.12086552776881097,4.738624292311055e-07,8,True
A11_limited_n43022,4,0.13333333333333333,2,1.216091179388728,0.2501872009028774,0.09971891738224717,0.004134060234871068,0.1208655277693578,8.948394699166144e-07,12,True
A11_limited_n43022,6,0.2,2,1.181796496544204,0.445341262642029,0.12947431365000892,0.0047862746612392605,0.16201084476194205,1.6375244479944938e-06,8,True
A11_limited_n43022,6,0.2,1,1.181796553278483,0.4453416598677591,0.1294742211206153,0.004786274661265752,0.16201084476373548,3.5488126736836144e-06,8,True
A11_limited_n43022,6,0.2,0,1.1817965626885252,0.44534172815372375,0.129474205466013,0.004786274661280304,0.16201084476472058,4.415572604208885e-06,7,True
A11_limited_n43022,3,0.1,0,1.2346872690008681,0.15000000000000624,0.09041868162625599,0.007077735560211185,0.35427256134410345,4.2361496332424085e-07,11,True
A11_limited_n43022,3,0.1,1,1.2346872662971895,0.15000000000000002,0.09041868232320427,0.0070777355602112315,0.35427256134410817,5.988524783461456e-07,12,True
A11_limited_n43022,3,0.1,2,1.2346872687793469,0.15000000000000002,0.09041868201615638,0.007077735560211334,0.35427256134411833,6.989862823302088e-07,13,True
A11_limited_n43022,2,0.06666666666666667,0,1.29120452874918,0.15000000000000002,0.07552886059916102,0.012848321399862776,1.167458996591158,2.0653989996292773e-07,9,True
A11_limited_n43022,2,0.06666666666666667,1,1.2912045287420075,0.15000000000000002,0.07552886032049734,0.01284832139986281,1.1674589965911644,1.0947164102720949e-07,9,True
A11_limited_n43022,2,0.06666666666666667,2,1.291204533963029,0.15000000000000002,0.0755288602102446,0.012848321399862856,1.1674589965911728,2.8989086281773547e-07,10,True
A13_responsive_n43021,3,0.1,1,1.547142288883031,0.5544888487488666,0.17866070856126,0.0009267085060121108,0.0179447230734868,7.992196866341697e-08,6,True
A13_responsive_n43021,3,0.1,0,1.5471422895587188,0.5544888504481709,0.17866070820543684,0.0009267085060121127,0.01794472307348687,4.6582316541606784e-08,8,True
A13_responsive_n43021,3,0.1,2,1.5471422885603308,0.5544888458366495,0.17866070931010386,0.0009267085060121643,0.017944723073488867,1.4261059851209077e-07,6,True
A13_responsive_n43021,2,0.06666666666666667,2,1.5623689824733307,0.35136248772021617,0.1742714549000108,0.002145968261412793,0.09622702319761113,1.404645586693951e-08,8,True
A13_responsive_n43021,2,0.06666666666666667,0,1.5623689801514131,0.35136250371085115,0.1742714495645378,0.0021459682614128894,0.09622702319761973,3.586193084614142e-07,8,True
A13_responsive_n43021,2,0.06666666666666667,1,1.5623689836801267,0.35136251466368074,0.17427144649534598,0.002145968261413236,0.09622702319765082,4.868769176661746e-07,7,True
A13_responsive_n43021,4,0.13333333333333333,1,1.5289605926521157,0.7669055303794613,0.18947651083414327,0.0034226137659949868,0.24477454251232655,1.9926893117202684e-06,9,True
A13_responsive_n43021,4,0.13333333333333333,0,1.528960579063587,0.7669053926968363,0.18947654192227248,0.0034226137660113743,0.2447745425146705,3.1584541851528637e-06,11,True
A13_responsive_n43021,4,0.13333333333333333,2,1.5289605650148876,0.7669052872050723,0.18947656459803688,0.003422613766030091,0.24477454251734762,3.9321376579990005e-06,7,True
A13_responsive_n43021,5,0.16666666666666666,1,1.508689713836279,0.8499999999999999,0.24262445307530928,0.009847234172971581,2.0261845227049857,5.766664404090622e-07,11,True
A13_responsive_n43021,5,0.16666666666666666,0,1.5086897093984795,0.8499999999999999,0.24262445198698473,0.009847234172971635,2.026184522705009,6.440691950175942e-07,12,True
A13_responsive_n43021,5,0.16666666666666666,2,1.508689696443341,0.8499999999999999,0.24262444717484347,0.00984723417297168,2.0261845227050275,8.697918360235479e-07,10,True
A13_responsive_n43021,6,0.2,2,1.4435758828092018,0.8499999999999992,0.2999999999999987,0.023334242281024358,11.377264839760993,2.6369158809658286e-06,9,True
A13_responsive_n43021,6,0.2,0,1.44357587714049,0.8499999999999982,0.2999999999999989,0.023334242281024545,11.377264839761176,6.011135744314533e-06,10,True
A13_responsive_n43021,6,0.2,1,1.4435757748247,0.8499999999997541,0.29999999999957483,0.023334242281052422,11.377264839788362,2.2999933615495373e-05,9,True
A13_responsive_n43022,3,0.1,0,1.5502359309693958,0.5482506870562687,0.18049405731276272,0.0008757016720142831,0.01587083239796951,4.079971486309251e-08,8,True
A13_responsive_n43022,3,0.1,1,1.5502359310045668,0.5482506873495603,0.1804940572701983,0.0008757016720142877,0.015870832397969672,1.9334726037163133e-08,6,True
A13_responsive_n43022,3,0.1,2,1.5502359312985776,0.5482506855853229,0.1804940577935307,0.0008757016720143152,0.015870832397970665,2.781138484359739e-08,6,True
A13_responsive_n43022,2,0.06666666666666667,0,1.5654765846921481,0.3448174914803663,0.17640802145422657,0.002188192615575866,0.0990965291705125,1.896340136646045e-07,8,True
A13_responsive_n43022,2,0.06666666666666667,2,1.5654765794472676,0.34481746178064415,0.17640803023962767,0.0021881926155760197,0.0990965291705264,7.940823247735483e-07,8,True
A13_responsive_n43022,2,0.06666666666666667,1,1.5654765920781475,0.34481753638951185,0.17640800781524552,0.0021881926155773008,0.09909652917064243,1.2360717199323562e-06,7,True
A13_responsive_n43022,4,0.13333333333333333,2,1.5318709449485934,0.7615807149776725,0.19083673870631096,0.003294240503712898,0.22459389806535457,5.608178285574344e-07,7,True
A13_responsive_n43022,4,0.13333333333333333,0,1.5318709414147604,0.7615806575592646,0.1908367520464191,0.003294240503715654,0.22459389806573035,9.93272870879746e-07,10,True
A13_responsive_n43022,4,0.13333333333333333,1,1.5318709297970712,0.7615805274231464,0.19083678170571802,0.003294240503727879,0.22459389806739735,2.2566088753010302e-06,9,True
A13_responsive_n43022,5,0.16666666666666666,0,1.511759886627957,0.8499999999138684,0.2431427497912152,0.009599928469619972,1.9073190287832789,0.0039803888583197665,17,True
A13_responsive_n43022,5,0.16666666666666666,1,1.5117598452244096,0.8499999999990502,0.2431429310176276,0.009599928477871039,1.9073190320619313,0.0040373822956354406,16,True
A13_responsive_n43022,5,0.16666666666666666,2,1.5117598401394063,0.8499999999991141,0.24314292988713812,0.009599928477902827,1.9073190320745637,0.004036714957058239,15,True
A13_responsive_n43022,6,0.2,2,1.445899872934943,0.8499999999999999,0.29999999999999993,0.023121119321601415,11.063818877919593,1.1654215670312575e-06,9,True
A13_responsive_n43022,6,0.2,0,1.4458998877176321,0.8499999999999999,0.29999999999999966,0.023121119321601463,11.063818877919642,1.4483457419181799e-06,9,True
A13_responsive_n43022,6,0.2,1,1.445900122272763,0.8499999999999998,0.29999999999999466,0.02312111932161473,11.06381887793234,4.2932886859578954e-05,9,True
A13_balanced_n43021,4,0.13333333333333333,0,1.347609206700811,0.4512497883314911,0.1494473108689248,0.0009272901826682448,0.010725060172403688,4.192946063044511e-08,7,True
A13_balanced_n43021,4,0.13333333333333333,2,1.3476092066635186,0.45124979036342727,0.1494473101177665,0.0009272901826682537,0.010725060172403891,2.9095414355987523e-08,7,True
A13_balanced_n43021,4,0.13333333333333333,1,1.347609206686774,0.45124978802236504,0.14944731084676974,0.0009272901826682702,0.010725060172404275,5.048130601096278e-08,6,True
A13_balanced_n43021,3,0.1,0,1.3600079336718938,0.277208345159711,0.1469840360572172,0.0032059656498334655,0.12819944449204815,0.002531978836933481,19,True
A13_balanced_n43021,3,0.1,1,1.3600080157768837,0.2772101065183539,0.14698426833177475,0.003205965655733797,0.12819944496393043,0.00039645645566435385,17,True
A13_balanced_n43021,3,0.1,2,1.3600086079542824,0.2772120773064278,0.14698403374944372,0.0032059656557382717,0.12819944496428834,0.0004674100048332735,20,True
A13_balanced_n43021,5,0.16666666666666666,0,1.3347596123447503,0.6017726536673697,0.1670216175891969,0.0048699765322762255,0.295816333928674,2.1462126837024697e-06,9,True
A13_balanced_n43021,5,0.16666666666666666,2,1.3347596152675603,0.6017724831430757,0.16702167437362742,0.004869976532291692,0.29581633393055295,3.414339587334378e-06,10,True
A13_balanced_n43021,5,0.16666666666666666,1,1.334723120992512,0.6020689474699862,0.1668936893834964,0.004869990921932875,0.29581808206923993,4.000745448130634e-06,7,True
A13_balanced_n43021,2,0.06666666666666667,2,1.3686458147606795,0.15000000000000002,0.13385543163906471,0.005426114274619561,0.36723687687189527,1.1778573233461427e-07,13,True
A13_balanced_n43021,2,0.06666666666666667,1,1.3686458128221246,0.15000000000000002,0.13385543126301955,0.0054261142746195624,0.36723687687189566,6.696250340354687e-07,13,True
A13_balanced_n43021,2,0.06666666666666667,0,1.368645815382678,0.15000000000000002,0.1338554317624151,0.005426114274619605,0.3672368768719013,1.4054255203806662e-07,12,True
A13_balanced_n43021,6,0.2,0,1.327441701234249,0.7358569510920673,0.20420143585795375,0.010628171473650408,1.4089173556623913,1.0838332691729358e-05,10,True
A13_balanced_n43021,6,0.2,1,1.3274417094368045,0.7358566727446849,0.20420154851185354,0.01062817147370353,1.4089173556764756,1.4113324640154489e-05,9,True
A13_balanced_n43021,6,0.2,2,1.3274417000307215,0.7358609797648934,0.2041998631922665,0.010628171474435554,1.408917355870556,8.583242140454447e-05,8,True
A13_balanced_n43022,4,0.13333333333333333,1,1.3506155866978333,0.4465079845211409,0.15136947560465755,0.0008652137461354828,0.009279228448692209,6.816077296856402e-08,6,True
A13_balanced_n43022,4,0.13333333333333333,0,1.350615585999329,0.4465079816527011,0.15136947624581276,0.0008652137461354938,0.009279228448692447,9.56011159517687e-09,7,True
A13_balanced_n43022,4,0.13333333333333333,2,1.3506155862038236,0.44650798078222154,0.15136947662386713,0.0008652137461355605,0.009279228448693878,7.878754939260087e-08,7,True
A13_balanced_n43022,3,0.1,2,1.3628667449946996,0.27125841357957314,0.14945260591888096,0.003322445486724426,0.13682982559760115,0.0028902769485951354,18,True
A13_balanced_n43022,3,0.1,1,1.3628610313098923,0.27127567003283987,0.14945173767581416,0.003322446477490785,0.13682990720400157,0.002432426962522072,21,True
A13_balanced_n43022,3,0.1,0,1.3628633604071194,0.27127635967614006,0.14945182578538183,0.003322446527508704,0.1368299113238255,0.0010695516196147351,21,True
A13_balanced_n43022,5,0.16666666666666666,0,1.3377519446600927,0.5993203851111777,0.16837953111156004,0.004658829975701096,0.26904118536902183,3.946276113273577e-06,8,True
A13_balanced_n43022,5,0.16666666666666666,1,1.3377519576405705,0.5993195344065396,0.16837981273458769,0.004658829975749264,0.26904118537458505,5.787973138136555e-06,8,True
A13_balanced_n43022,5,0.16666666666666666,2,1.3377519578846881,0.5993192412187724,0.16837990792707924,0.004658829975818489,0.26904118538258054,8.078160402215928e-06,9,True
A13_balanced_n43022,2,0.06666666666666667,1,1.3720258826495848,0.15000000000000002,0.1343463329194331,0.0056202018167129395,0.3915334466690326,3.940353476367102e-08,13,True
A13_balanced_n43022,2,0.06666666666666667,2,1.372025881979078,0.15000000000000002,0.13434633291272913,0.005620201816713018,0.39153344666904377,2.692244922006934e-07,14,True
A13_balanced_n43022,2,0.06666666666666667,0,1.3720258783184065,0.15000000000000002,0.1343463325555162,0.005620201816713063,0.39153344666904977,9.73894080236949e-07,11,True
A13_balanced_n43022,6,0.2,0,1.3303303896672625,0.7347134575975821,0.205464551424954,0.010410276037372908,1.3433511028833955,0.004696536325205424,23,True
A13_balanced_n43022,6,0.2,2,1.3303622759497895,0.7347567654556718,0.20547689456171064,0.010410276599436113,1.3433512479416525,0.006697405096017573,17,True
A13_balanced_n43022,6,0.2,1,1.3303431862346027,0.7346846799521887,0.20546282709243385,0.01041027691388703,1.3433513290956998,0.008660629791505708,26,True
A13_limited_n43021,5,0.16666666666666666,2,1.1986741233541824,0.361518845489516,0.10937983674065119,0.0008946470593071829,0.0065244566392834,8.848934503096217e-09,9,True
A13_limited_n43021,5,0.16666666666666666,0,1.1986741234680234,0.3615188458581253,0.1093798366556481,0.0008946470593072321,0.006524456639284119,7.106515103588173e-08,6,True
A13_limited_n43021,5,0.16666666666666666,1,1.1986741234298157,0.3615188455678528,0.1093798367077332,0.0008946470593072647,0.0065244566392845945,2.1880658248656566e-08,8,True
A13_limited_n43021,4,0.13333333333333333,0,1.2147654191706085,0.25433878571722013,0.0990158760484264,0.0035537251770172305,0.10294578034517549,5.868525784902894e-08,8,True
A13_limited_n43021,4,0.13333333333333333,1,1.2147654543726056,0.25433890476753,0.0990158567550991,0.0035537251770246,0.10294578034560246,5.740155237298058e-07,8,True
A13_limited_n43021,4,0.13333333333333333,2,1.2147654761270485,0.2543389799944043,0.09901584459890399,0.003553725177035655,0.10294578034624294,1.0153920563042888e-06,9,True
A13_limited_n43021,6,0.2,1,1.1808061482025263,0.4492956537508978,0.1274046217384689,0.004857218335947093,0.1923163125609102,0.00011444887680186116,13,True
A13_limited_n43021,6,0.2,0,1.1808047811120779,0.44929104522032326,0.12740623399313317,0.004857218389600024,0.19231631680956995,0.0004024343177693535,7,True
A13_limited_n43021,6,0.2,2,1.1807857353774027,0.44917190685228836,0.12744715145155416,0.004857221181456179,0.1923165378906926,9.698018571657685e-07,9,True
A13_limited_n43021,3,0.1,1,1.231394656533413,0.15000000000000002,0.09080711284412338,0.006265906248714866,0.3200432389386252,1.5851578325211432e-07,11,True
A13_limited_n43021,3,0.1,2,1.2313946551376271,0.15000000000000002,0.0908071130465563,0.00626590624871498,0.32004323893863673,5.904487274647993e-07,11,True
A13_limited_n43021,3,0.1,0,1.2313946561037294,0.15000000000000002,0.0908071128910108,0.006265906248715063,0.32004323893864534,2.981452056563664e-07,9,True
A13_limited_n43021,2,0.06666666666666667,1,1.2869395403272963,0.15000000156887286,0.07557346060776368,0.011671046030700133,1.1103513771579123,0.0025367768772285846,18,True
A13_limited_n43021,2,0.06666666666666667,2,1.2869446742513162,0.1500000000000164,0.07557360206049946,0.011671046247153158,1.11035141834341,0.012096306386265862,18,True
A13_limited_n43021,2,0.06666666666666667,0,1.2869446763777983,0.15000000000002092,0.07557360209776458,0.011671046247296408,1.1103514183706662,0.012094946036749899,16,True
A13_limited_n43022,5,0.16666666666666666,2,1.199675942051059,0.35757900698008577,0.11068853154655905,0.0008619514413780772,0.0060360140523281446,1.280996664898643e-08,9,True
A13_limited_n43022,5,0.16666666666666666,0,1.1996759424544192,0.35757900773852963,0.11068853140566257,0.0008619514413781653,0.00603601405232938,1.711906839642753e-08,6,True
A13_limited_n43022,5,0.16666666666666666,1,1.1996759420252114,0.35757900544985466,0.11068853180195098,0.0008619514413781654,0.00603601405232938,1.3536255632829583e-08,8,True
A13_limited_n43022,4,0.13333333333333333,0,1.215188295828694,0.24925289552935037,0.10035136033247521,0.003882333071140764,0.12245322418186941,1.2995175408143494e-06,8,True
A13_limited_n43022,4,0.13333333333333333,2,1.2151882963861473,0.24925289622615304,0.10035136008875044,0.003882333071140766,0.12245322418186953,1.1237540181870497e-06,10,True
A13_limited_n43022,4,0.13333333333333333,1,1.2151882812602157,0.24925285164643285,0.10035136779787245,0.0038823330711428797,0.12245322418200286,1.6633603194173333e-06,9,True
A13_limited_n43022,6,0.2,1,1.1822305987956248,0.44615046506869593,0.12903682141736902,0.004496601219136735,0.16426815883931767,5.820055603425828e-07,8,True
A13_limited_n43022,6,0.2,2,1.1822306115488666,0.44615055387411057,0.12903679885767652,0.004496601219137055,0.16426815883934104,4.544542171764861e-07,8,True
A13_limited_n43022,6,0.2,0,1.1822306174930535,0.446150596364287,0.12903678878451175,0.00449660121913886,0.16426815883947288,1.1249913263820224e-06,7,True
A13_limited_n43022,3,0.1,0,1.2331533935215702,0.15000000000000002,0.09119934821069985,0.006629749519882227,0.35709098211403956,3.019618412981047e-08,9,True
A13_limited_n43022,3,0.1,1,1.2331533919180724,0.15000000000000002,0.0911993484279116,0.006629749519882311,0.3570909821140485,3.575050878049166e-07,10,True
A13_limited_n43022,3,0.1,2,1.2331533925404197,0.15000000000000002,0.09119934829792711,0.006629749519882324,0.35709098211405005,2.7493080319494367e-07,11,True
A13_limited_n43022,2,0.06666666666666667,1,1.2887610125476194,0.15000000000000002,0.07574598937387397,0.012064045812472255,1.1824168150822345,2.2515932129690412e-07,18,True
A13_limited_n43022,2,0.06666666666666667,2,1.288761019207753,0.15000000000000002,0.07574598920297021,0.012064045812472257,1.1824168150822352,3.3057930072715935e-07,13,True
A13_limited_n43022,2,0.06666666666666667,0,1.288761018668086,0.15000000000000002,0.07574598919037076,0.012064045812472297,1.182416815082243,4.822397431310979e-07,15,True
