case_id,plant_id,source_activity,profile,noise_seed,mass_kg,length_m,damping_nms,true_alpha_kp,estimated_alpha_kp,true_beta_kd,estimated_beta_kd,true_delay_frames,estimated_delay_frames,true_delay_s,estimated_delay_s,true_gamma_torque_limit,estimated_gamma_torque_limit,true_kp_nm_per_rad,estimated_kp_nm_per_rad,true_kd_nms_per_rad,estimated_kd_nms_per_rad,true_torque_limit_nm,estimated_torque_limit_nm,kp_relative_error,kd_relative_error,delay_error_frames,torque_limit_relative_error,held_out_theta_rmse_deg,held_out_xy_rmse_m,training_theta_rmse_deg,mean_training_saturation_fraction,max_trial_saturation_fraction,all_parameter_gates_pass,held_out_gate_pass,case_pass
A11_responsive_n43021,A11_median_length,A11,responsive,43021,58.9670081,0.89809,0.0,1.55,1.5473582081700312,0.55,0.5539278056351901,3,3.0,0.1,0.1,0.18,0.17892193069874307,804.9730251155346,803.6010437212794,86.43943333373892,87.0567375034678,93.48073840051369,92.92085665424467,0.0017043818257863356,0.007141464791254578,0.0,0.005989273895871795,0.006963211742632462,7.717769991180777e-05,0.05331325745136178,0.14265927977839335,0.4930747922437673,True,True,True
A11_responsive_n43022,A11_median_length,A11,responsive,43022,58.9670081,0.89809,0.0,1.55,1.5502222153806993,0.55,0.5483209387219408,3,3.0,0.1,0.1,0.18,0.18044328029913487,804.9730251155346,805.0884298814887,86.43943333373892,86.17554768754243,93.48073840051369,93.71095045429996,0.00014336476174143224,0.003052838687380508,0.0,0.0024626683285270774,0.0023354409721591976,2.588517618809975e-05,0.05018146995240995,0.14265927977839335,0.4930747922437673,True,True,True
A11_balanced_n43021,A11_median_length,A11,balanced,43021,58.9670081,0.89809,0.0,1.35,1.3476854364852047,0.45,0.4513100311166694,4,4.0,0.13333333333333333,0.13333333333333333,0.15,0.1494405611453125,701.1055380038528,699.9034985236418,70.72317272760456,70.92906063192177,77.90061533376141,77.61007779361628,0.001714491492441052,0.0029111802592653013,0.0,0.0037295923645832194,0.02103963030705588,0.00023319557582912546,0.053129195317812045,0.1987534626038781,0.4598337950138504,True,True,True
A11_balanced_n43022,A11_median_length,A11,balanced,43022,58.9670081,0.89809,0.0,1.35,1.3505859802759792,0.45,0.4465999196203792,4,4.0,0.13333333333333333,0.13333333333333333,0.15,0.1512518448413384,701.1055380038528,701.4098594976675,70.72317272760456,70.18880723432531,77.90061533376141,78.55074522337912,0.00043405946368823287,0.007555734176935126,0.0,0.008345632275589451,0.016739603919733403,0.00018553565204607598,0.04956961452595377,0.1987534626038781,0.4598337950138504,True,True,True
A11_limited_n43021,A11_median_length,A11,limited,43021,58.9670081,0.89809,0.0,1.2,1.198709505625467,0.36,0.36125801970460447,5,5.0,0.16666666666666666,0.16666666666666666,0.11,0.10946924442701282,623.2049226700913,622.5347206310188,56.57853818208365,56.776251837335806,57.12711791142504,56.85147667324154,0.0010754119787774001,0.0034944991794569028,0.0,0.004825050663519812,0.02261416586149572,0.0002506471484037832,0.0512930008907041,0.30367036011080334,0.481994459833795,True,True,True
A11_limited_n43022,A11_median_length,A11,limited,43022,58.9670081,0.89809,0.0,1.2,1.199710881934905,0.36,0.35773850871869145,5,5.0,0.16666666666666666,0.16666666666666666,0.11,0.11061335464833356,623.2049226700913,623.0547728355913,56.57853818208365,56.22311631872819,57.12711791142504,57.44565594157842,0.00024093172091251466,0.006281920225857046,0.0,0.005575951348486944,0.011988048815533664,0.00013287115712234902,0.04945503268789252,0.30367036011080334,0.481994459833795,True,True,True
A13_responsive_n43021,A13_median_length,A13,responsive,43021,58.9670081,0.93523,0.0,1.55,1.547142288883031,0.55,0.5544888487488666,3,3.0,0.1,0.1,0.18,0.17866070856126,838.2622256998757,836.7167345506385,91.85647270213033,92.60616327042897,97.34658104901781,96.62227303463139,0.001843684591592887,0.008161543179757398,0.0,0.007440507992999896,0.007136408083770478,8.23683705966037e-05,0.05309648623336782,0.13538781163434901,0.48476454293628807,True,True,True
A13_responsive_n43022,A13_median_length,A13,responsive,43022,58.9670081,0.93523,0.0,1.55,1.5502359309693958,0.55,0.5482506870562687,3,3.0,0.1,0.1,0.18,0.18049405731276272,838.2622256998757,838.3898205511772,91.85647270213033,91.56431685365152,97.34658104901781,97.61377432812735,0.00015221352864243948,0.0031805689886024975,0.0,0.002744762848681803,0.002490458791185839,2.874485744336738e-05,0.05017400991896789,0.13538781163434901,0.48476454293628807,True,True,True
A13_balanced_n43021,A13_median_length,A13,balanced,43021,58.9670081,0.93523,0.0,1.35,1.347609206700811,0.45,0.4512497883314911,4,4.0,0.13333333333333333,0.13333333333333333,0.15,0.1494473108689248,730.0993578676337,728.8063825694617,75.15529584719754,75.36402520675217,81.12215087418151,80.8232486669975,0.001770957999399348,0.002777307403313525,0.0,0.003684594207168009,0.01934271012114133,0.00022325340951328946,0.053129813850805584,0.18905817174515235,0.4515235457063712,True,True,True
A13_balanced_n43022,A13_median_length,A13,balanced,43022,58.9670081,0.93523,0.0,1.35,1.3506155866978333,0.45,0.4465079845211409,4,4.0,0.13333333333333333,0.13333333333333333,0.15,0.15136947560465755,730.0993578676337,730.4322759808189,75.15529584719754,74.57208816627164,81.12215087418151,81.8627829183118,0.00045599014654313844,0.007760034397464742,0.0,0.009129837364383702,0.015634562699064138,0.00018045399885001465,0.049573096030266606,0.18905817174515235,0.4515235457063712,True,True,True
A13_limited_n43021,A13_median_length,A13,limited,43021,58.9670081,0.93523,0.0,1.2,1.1986741233541824,0.36,0.361518845489516,5,5.0,0.16666666666666666,0.16666666666666666,0.11,0.10937983674065119,648.9772069934521,648.260153891435,60.12423667775803,60.37790174911527,59.489577307733114,59.15418412445632,0.0011048972048479286,0.004219015248655638,0.0,0.005637847812261939,0.022661824631582807,0.000261562594544603,0.05125950065209184,0.2884349030470914,0.4792243767313019,True,True,True
A13_limited_n43022,A13_median_length,A13,limited,43022,58.9670081,0.93523,0.0,1.2,1.199675942051059,0.36,0.35757900698008577,5,5.0,0.16666666666666666,0.16666666666666666,0.11,0.11068853154655905,648.9772069934521,648.8019518079457,60.12423667775803,59.719902351856575,59.489577307733114,59.86194504107709,0.0002700482907841417,0.006724980610872832,0.0,0.006259377695991401,0.011992800414409532,0.00013842081100194238,0.04938617973618182,0.2884349030470914,0.4792243767313019,True,True,True
