held_out_trial,epoch,total_loss,data,physics,effective_acceleration_l2,effective_acceleration_jerk
S43A13T01,1,0.06219065621294375,0.020837516023072863,0.4133073051725192,0.07261468583895045,0.015148204035072358
S43A13T01,50,0.004927200306985637,0.004064715435121823,0.008329117488800648,0.21824161564027408,0.007748961419721925
S43A13T01,100,0.0027375785707781535,0.0026757057228259944,0.00030688866962024056,0.2758804667077556,0.0035959343193596957
S43A13T01,150,0.0019490061712414376,0.001894566504827157,0.00023663105783710693,0.2722094236641222,0.003555618264157703
S43A13T01,200,0.0015926111045561312,0.0015056932745281162,0.0005203471410199949,0.271865733793152,0.007696542546700169
S43A13T01,250,0.0014592699797238103,0.0013708519603473045,0.0004939784327198861,0.2732119411486742,0.011698981989649944
S43A13T01,300,0.001393060875088465,0.001315833068107227,0.0003435852387017906,0.2750831928315407,0.015360963827904894
S43A13T01,350,0.0013504188217467702,0.0012816144980591707,0.0002316752157111491,0.2768880750601915,0.017947994610465267
S43A13T01,400,0.0013181305707039327,0.0012544389526911745,0.0001636222890253052,0.2781683085189777,0.01951255825832975
S43A13T01,450,0.001291624972519531,0.0012293737968338304,0.00013819938602818013,0.27896239341083245,0.020534997741799097
S43A13T01,500,0.0012677810042020618,0.0012036946640551034,0.0001507477564947989,0.27937274011169644,0.02107429048630888
S43A13T02,1,0.12097307201166405,0.01959688104175189,1.0129465323369717,0.4847584291586551,0.03306189329910149
S43A13T02,50,0.004367846502370438,0.002206644272418953,0.021186848183666816,0.13817053711325158,0.028700357873477078
S43A13T02,100,0.0012851455998168445,0.0009182375240807942,0.0033491089284327057,0.19443823374557231,0.012553359518222652
S43A13T02,150,0.0009644178948451319,0.0007874062373964538,0.0014621897802158973,0.20328324520332164,0.01046435490675615
S43A13T02,200,0.0008472650332042665,0.0007455122032418471,0.0006946860005231826,0.20873713420684203,0.011410516489416904
S43A13T02,250,0.0007859504142337589,0.0007160917184875535,0.00037007417766774555,0.21248749234079814,0.01160252874535112
S43A13T02,300,0.0007484165990663871,0.0006933155368316259,0.00022646437208679706,0.2153295156182331,0.010921673464258102
S43A13T02,350,0.0007222092725915196,0.000674833266689184,0.000158490226934862,0.21757176760255784,0.009769806448593632
S43A13T02,400,0.0007020183902344118,0.0006593082640376154,0.0001231006735964677,0.21941688418773256,0.008458370418376318
S43A13T02,450,0.0006854177731003868,0.0006459115900716693,0.00010243628432456131,0.22099898866392675,0.007162655729868795
S43A13T02,500,0.0006711927635257594,0.0006340894244280375,8.895386078182847e-05,0.22240666199771741,0.005967286819767202
S43A13T03,1,0.259948008844127,0.2104877395036344,0.49410230006224665,0.14273578087517536,0.035765756180401426
S43A13T03,50,0.008500952518043843,0.0041154264874233345,0.04332850585331224,0.13416631436697904,0.039258813852585527
S43A13T03,100,0.0032354675310358925,0.002878723434811846,0.002815947969383231,0.26082725783019683,0.049066573502703444
S43A13T03,150,0.0023001689544975986,0.002132852904224103,0.001128300906576882,0.26256657012200574,0.028229302603607054
S43A13T03,200,0.0018253686242959448,0.0017283708742112456,0.0004937639841796475,0.26813382106140066,0.020807969560594424
S43A13T03,250,0.0015979832098230212,0.0015171981531895754,0.000329927056778691,0.27128418722355907,0.020663932233220605
S43A13T03,300,0.001500054169524064,0.0014190943472395495,0.00029893921431492076,0.2736707165530052,0.02369882919772193
S43A13T03,350,0.001455778415234009,0.0013740726769783174,0.00027071026371110944,0.27539330868321,0.02709538101625983
S43A13T03,400,0.0014310452549788813,0.0013502812087250703,0.00023468375250618135,0.2766475609124903,0.02963091491194382
S43A13T03,450,0.001413685638337201,0.0013347067925127696,0.00020108992746433875,0.27760664341442265,0.031109188736555247
S43A13T03,500,0.0013995549185427387,0.0013226194413155081,0.00017340111151014614,0.278374568323633,0.03175790924385257
S43A13T05,1,0.14675564153292467,0.0889145498649188,0.5781223845981643,0.18329312509931706,0.010523895679508774
S43A13T05,50,0.007650372262995123,0.0035982940508785025,0.03976675685733469,0.12622406197309122,0.06278012018584223
S43A13T05,100,0.002670820585283086,0.00222140980777183,0.0031988551204546723,0.283908431430419,0.10113442232274616
S43A13T05,150,0.0020489892158692753,0.001816836671327646,0.0014286418135079793,0.2726469095902558,0.06202367223180568
S43A13T05,200,0.0016841033993906743,0.0015487655955443095,0.0006591595411630266,0.27286686845652885,0.0421351628844093
S43A13T05,250,0.0014857436533397474,0.00138810370659486,0.00038665081193200713,0.2728142940282694,0.031693436148859756
S43A13T05,300,0.001394559906858095,0.001306628309721033,0.00032797160629333973,0.2730023677048786,0.027834199737239995
S43A13T05,350,0.001355089013208385,0.0012699235149295019,0.0003027245996279324,0.2730816972145012,0.027584868594639673
S43A13T05,400,0.0013340698161162698,0.0012517600087929355,0.0002613997325976373,0.27309311430005195,0.028860522633565425
S43A13T05,450,0.0013191768950764058,0.0012397327480872461,0.00021613975017591264,0.27315061796336026,0.030515110175232552
S43A13T05,500,0.0013068970188674744,0.0012295697211368451,0.00017986254196191505,0.273282636502547,0.03201277988418325
