trial,activity,frame_count,annotation_status,initial_standing_frame0,initial_standing_time_s,fall_onset_frame0,fall_onset_time_s,descent_frame0,descent_time_s,apparent_contact_frame0,apparent_contact_time_s,post_fall_frame0,post_fall_time_s,onset_to_apparent_contact_s,initial_to_post_fall_s
S43A10T02,A10,156,manual_provisional_skeleton_observation,34,1.1333333333333333,103,3.433333333333333,113,3.7666666666666666,118,3.933333333333333,145,4.833333333333333,0.5,3.7
S43A10T03,A10,241,manual_provisional_skeleton_observation,9,0.3,96,3.2,106,3.533333333333333,173,5.766666666666667,211,7.033333333333333,2.566666666666667,6.733333333333333
S43A10T05,A10,242,manual_provisional_skeleton_observation,9,0.3,79,2.6333333333333333,90,3.0,103,3.433333333333333,238,7.933333333333334,0.8,7.633333333333334
S43A11T02,A11,302,manual_provisional_skeleton_observation,120,4.0,144,4.8,161,5.366666666666666,182,6.066666666666666,297,9.9,1.2666666666666666,5.9
S43A11T03,A11,241,manual_provisional_skeleton_observation,109,3.6333333333333333,131,4.366666666666666,142,4.733333333333333,157,5.233333333333333,233,7.766666666666667,0.8666666666666667,4.133333333333334
S43A11T05,A11,241,manual_provisional_skeleton_observation,62,2.066666666666667,82,2.7333333333333334,92,3.066666666666667,111,3.7,228,7.6,0.9666666666666667,5.533333333333333
S43A12T01,A12,241,manual_provisional_skeleton_observation,58,1.9333333333333333,79,2.6333333333333333,94,3.1333333333333333,121,4.033333333333333,174,5.8,1.4,3.8666666666666667
S43A12T02,A12,242,manual_provisional_skeleton_observation,152,5.066666666666666,180,6.0,188,6.266666666666667,198,6.6,241,8.033333333333333,0.6,2.966666666666667
S43A12T03,A12,241,manual_provisional_skeleton_observation,74,2.466666666666667,99,3.3,102,3.4,115,3.8333333333333335,185,6.166666666666667,0.5333333333333333,3.7
S43A12T05,A12,197,manual_provisional_skeleton_observation,57,1.9,75,2.5,81,2.7,93,3.1,152,5.066666666666666,0.6,3.1666666666666665
S43A13T01,A13,241,manual_provisional_skeleton_observation,49,1.6333333333333333,64,2.1333333333333333,73,2.433333333333333,87,2.9,157,5.233333333333333,0.7666666666666667,3.6
S43A13T02,A13,241,manual_provisional_skeleton_observation,60,2.0,78,2.6,83,2.7666666666666666,132,4.4,201,6.7,1.8,4.7
S43A13T03,A13,241,manual_provisional_skeleton_observation,77,2.566666666666667,96,3.2,101,3.3666666666666667,114,3.8,192,6.4,0.6,3.8333333333333335
S43A13T05,A13,242,manual_provisional_skeleton_observation,178,5.933333333333334,199,6.633333333333334,209,6.966666666666667,226,7.533333333333333,,,0.9,
S43A14T01,A14,260,manual_provisional_skeleton_observation,59,1.9666666666666666,78,2.6,90,3.0,133,4.433333333333334,191,6.366666666666666,1.8333333333333333,4.4
S43A14T03,A14,279,manual_provisional_skeleton_observation,80,2.6666666666666665,99,3.3,116,3.8666666666666667,146,4.866666666666666,226,7.533333333333333,1.5666666666666667,4.866666666666666
S43A14T05,A14,244,manual_provisional_skeleton_observation,67,2.2333333333333334,78,2.6,85,2.8333333333333335,107,3.566666666666667,172,5.733333333333333,0.9666666666666667,3.5
