trial,activity,onset_frame0,apparent_contact_frame0,dynamic_transitions,duration_s,exact_repeat_transitions,exact_repeat_transition_fraction,longest_exact_repeat_run_transitions,review_flagged_transitions,review_flag_fraction,screening_burden,within_activity_screening_rank
S43A10T02,A10,103,118,15,0.5,3,0.2,3,2,0.13333333333333333,0.33333333333333337,1
S43A10T03,A10,96,173,77,2.566666666666667,14,0.18181818181818182,11,21,0.2727272727272727,0.45454545454545453,2
S43A10T05,A10,79,103,24,0.8,9,0.375,9,2,0.08333333333333333,0.4583333333333333,3
S43A11T02,A11,144,182,38,1.2666666666666666,10,0.2631578947368421,8,9,0.23684210526315788,0.5,2
S43A11T03,A11,131,157,26,0.8666666666666667,4,0.15384615384615385,3,7,0.2692307692307692,0.4230769230769231,1
S43A11T05,A11,82,111,29,0.9666666666666667,15,0.5172413793103449,14,8,0.27586206896551724,0.7931034482758621,3
S43A12T01,A12,79,121,42,1.4,1,0.023809523809523808,1,11,0.2619047619047619,0.2857142857142857,1
S43A12T02,A12,180,198,18,0.6,0,0.0,0,8,0.4444444444444444,0.4444444444444444,2
S43A12T03,A12,99,115,16,0.5333333333333333,0,0.0,0,12,0.75,0.75,4
S43A12T05,A12,75,93,18,0.6,1,0.05555555555555555,1,9,0.5,0.5555555555555556,3
S43A13T01,A13,64,87,23,0.7666666666666667,0,0.0,0,5,0.21739130434782608,0.21739130434782608,1
S43A13T02,A13,78,132,54,1.8,0,0.0,0,16,0.2962962962962963,0.2962962962962963,2
S43A13T03,A13,96,114,18,0.6,0,0.0,0,6,0.3333333333333333,0.3333333333333333,3
S43A13T05,A13,199,226,27,0.9,0,0.0,0,9,0.3333333333333333,0.3333333333333333,4
S43A14T01,A14,78,133,55,1.8333333333333333,6,0.10909090909090909,6,26,0.4727272727272727,0.5818181818181818,2
S43A14T03,A14,99,146,47,1.5666666666666667,3,0.06382978723404255,3,17,0.3617021276595745,0.425531914893617,1
S43A14T05,A14,78,107,29,0.9666666666666667,0,0.0,0,20,0.6896551724137931,0.6896551724137931,3
