held_out_trial,training_trials,physics_weight,seed,model_horizontal_rmse_m,model_vertical_rmse_m,model_xy_rmse_m,model_theta_rmse_deg,model_endpoint_error_m,constant_velocity_horizontal_rmse_m,constant_velocity_vertical_rmse_m,constant_velocity_xy_rmse_m,constant_velocity_theta_rmse_deg,constant_velocity_endpoint_error_m,uncontrolled_pendulum_horizontal_rmse_m,uncontrolled_pendulum_vertical_rmse_m,uncontrolled_pendulum_xy_rmse_m,uncontrolled_pendulum_theta_rmse_deg,uncontrolled_pendulum_endpoint_error_m,model_mos_rmse_m,physics_residual_rms_nm,physics_residual_rms_normalized,effective_torque_rms_nm,rigid_length_rmse_m,actual_radius_range_m,pendulum_length_m,held_out_duration_s,held_out_max_abs_condition_z,final_training_total_loss,final_training_data_loss,final_training_physics_loss,final_training_rigid_length_loss
S43A13T01,S43A13T02;S43A13T03;S43A13T05,0.0,43013,0.042017157504305715,0.06357751257371828,0.07620722819918686,3.98353841736296,0.2542243093637894,0.24769797304901078,0.3158016440680522,0.4013539139570875,23.019144259343403,0.6869777343738881,0.035184239114671306,0.14987279928224606,0.15394735024278522,8.355931253857483,0.49238496035014884,0.1674282849088178,313.94685145540575,0.5661566467780247,0.0,0.047015406991386045,0.15941659996977897,0.9589362871542375,0.7666666666666667,2.1116797683348016,0.0014269025795704277,0.0014269025795704277,0.47890444686973366,0.0022212691551867073
S43A13T01,S43A13T02;S43A13T03;S43A13T05,0.0,43014,0.06601084983752854,0.0689409248210991,0.09544780464453428,4.566328570314148,0.30672170465643006,0.24769797304901078,0.3158016440680522,0.4013539139570875,23.019144259343403,0.6869777343738881,0.035184239114671306,0.14987279928224606,0.15394735024278522,8.355931253857483,0.49238496035014884,0.21428505606053527,329.7767062862801,0.5947034453475392,0.0,0.05434292914839639,0.15941659996977897,0.9589362871542375,0.7666666666666667,2.1116797683348016,0.001427981993456685,0.001427981993456685,0.5826243336814133,0.0022107208800767534
S43A13T01,S43A13T02;S43A13T03;S43A13T05,0.01,43013,0.02242064463471045,0.06104150009107261,0.06502884005734985,3.7184300338325116,0.20152965587177274,0.24769797304901078,0.3158016440680522,0.4013539139570875,23.019144259343403,0.6869777343738881,0.035184239114671306,0.14987279928224606,0.15394735024278522,8.355931253857483,0.49238496035014884,0.11808488123370749,199.97348302760028,0.36062255783288244,157.55691177645292,0.046371038634152456,0.15941659996977897,0.9589362871542375,0.7666666666666667,2.1116797683348016,0.0024060547825874488,0.001526105911343589,0.07048399282932244,0.0021954168426977943
S43A13T01,S43A13T02;S43A13T03;S43A13T05,0.01,43014,0.030790027776479097,0.06288131819397973,0.07001489833091869,3.7886806155649273,0.2260136038062454,0.24769797304901078,0.3158016440680522,0.4013539139570875,23.019144259343403,0.6869777343738881,0.035184239114671306,0.14987279928224606,0.15394735024278522,8.355931253857483,0.49238496035014884,0.14567327090711832,213.8426906085294,0.38563361948578945,129.69914612199372,0.04279508667157181,0.15941659996977897,0.9589362871542375,0.7666666666666667,2.1116797683348016,0.0024062458683023554,0.001533965911665539,0.06983090762658399,0.0022018799295201535
S43A13T01,S43A13T02;S43A13T03;S43A13T05,0.1,43013,0.07359497179754695,0.07073062563899694,0.10207370512118027,5.451978797485185,0.18060284339364302,0.24769797304901078,0.3158016440680522,0.4013539139570875,23.019144259343403,0.6869777343738881,0.035184239114671306,0.14987279928224606,0.15394735024278522,8.355931253857483,0.49238496035014884,0.12007691926347891,74.85829222252023,0.13499584248657953,164.7623001494286,0.07079838744741868,0.15941659996977897,0.9589362871542375,0.7666666666666667,2.1116797683348016,0.0037377985188470956,0.002396239100826614,0.006093664835831395,0.002002603453941303
S43A13T01,S43A13T02;S43A13T03;S43A13T05,0.1,43014,0.0558229517089247,0.06871969779492912,0.08853586167493557,4.965078646531754,0.14909019301076337,0.24769797304901078,0.3158016440680522,0.4013539139570875,23.019144259343403,0.6869777343738881,0.035184239114671306,0.14987279928224606,0.15394735024278522,8.355931253857483,0.49238496035014884,0.098626503257515,156.6860736836534,0.2825601265383363,59.40098379637279,0.05622846751949987,0.15941659996977897,0.9589362871542375,0.7666666666666667,2.1116797683348016,0.003995111046507552,0.002358617211752782,0.0068612928403917065,0.0022053202196422135
S43A13T01,S43A13T02;S43A13T03;S43A13T05,1.0,43013,0.2000269334939576,0.07653466585503939,0.21416892678570032,8.624549553795136,0.43208143065603544,0.24769797304901078,0.3158016440680522,0.4013539139570875,23.019144259343403,0.6869777343738881,0.035184239114671306,0.14987279928224606,0.15394735024278522,8.355931253857483,0.49238496035014884,0.3349631842269038,119.00766439757626,0.21461269607854877,113.80420963417542,0.20164603926981906,0.15941659996977897,0.9589362871542375,0.7666666666666667,2.1116797683348016,0.010932462450715092,0.00836314657784084,0.001972760004978315,0.004257146107415006
S43A13T01,S43A13T02;S43A13T03;S43A13T05,1.0,43014,0.1423400736459505,0.07378318604599225,0.16032671364632942,8.235983063673304,0.2726501589491497,0.24769797304901078,0.3158016440680522,0.4013539139570875,23.019144259343403,0.6869777343738881,0.035184239114671306,0.14987279928224606,0.15394735024278522,8.355931253857483,0.49238496035014884,0.22864219150054618,60.03646237766076,0.10826686767705816,49.549219719264144,0.12127422308959128,0.15941659996977897,0.9589362871542375,0.7666666666666667,2.1116797683348016,0.00878735373109324,0.006575321952234849,0.001786220774919657,0.002097281935788889
S43A13T01,S43A13T02;S43A13T03;S43A13T05,10.0,43013,0.2122972627782831,0.06549174737962336,0.22216952256776307,11.046297118772651,0.39513093725346493,0.24769797304901078,0.3158016440680522,0.4013539139570875,23.019144259343403,0.6869777343738881,0.035184239114671306,0.14987279928224606,0.15394735024278522,8.355931253857483,0.49238496035014884,0.35124598282247504,79.4136327078981,0.14321072434374016,89.18628940169812,0.17892059732597204,0.15941659996977897,0.9589362871542375,0.7666666666666667,2.1116797683348016,0.026961858181128468,0.012570083456895887,0.0011472011662871774,0.002868873378980796
S43A13T01,S43A13T02;S43A13T03;S43A13T05,10.0,43014,0.2202506064243855,0.11744383011815586,0.2496064559724604,15.309990745715691,0.3782897718501219,0.24769797304901078,0.3158016440680522,0.4013539139570875,23.019144259343403,0.6869777343738881,0.035184239114671306,0.14987279928224606,0.15394735024278522,8.355931253857483,0.49238496035014884,0.36503494437975076,27.768946190483252,0.050077181493876376,105.4198518523042,0.11521346824456791,0.15941659996977897,0.9589362871542375,0.7666666666666667,2.1116797683348016,0.02395683201169923,0.01361007019332003,0.0008674801876715821,0.001559962764030865
S43A13T02,S43A13T01;S43A13T03;S43A13T05,0.0,43013,0.10322036747636715,1.421204435275589,1.4249478906644135,26.611180922481605,3.7463955180580366,0.3963445113792279,0.28398820454969725,0.4875841178953634,17.917808783347215,1.0953956308769361,1.0849988130632717,0.6460968640940808,1.2627998979018464,91.99497602203398,1.0064553647860357,0.24251269735316486,397.35947038603206,0.7611733581123674,0.0,1.2547149208061168,0.3160100275203547,0.9027556612340817,1.8,4.6900611197540005,0.00012899929480956421,0.00012899929480956421,0.8939065276382218,0.0015223736065378775
S43A13T02,S43A13T01;S43A13T03;S43A13T05,0.0,43014,0.3727357014354725,0.9403907896086888,1.0115664784409608,15.329752290860444,2.5904275961192864,0.3963445113792279,0.28398820454969725,0.4875841178953634,17.917808783347215,1.0953956308769361,1.0849988130632717,0.6460968640940808,1.2627998979018464,91.99497602203398,1.0064553647860357,0.4635392624069854,430.75858476299146,0.8251519919262071,0.0,0.9846580630691129,0.3160100275203547,0.9027556612340817,1.8,4.6900611197540005,0.00019611397005821026,0.00019611397005821026,0.6501303741307235,0.0015069599306191273
S43A13T02,S43A13T01;S43A13T03;S43A13T05,0.01,43013,0.3745351291052208,1.3864202139827804,1.4361189270648593,51.14005584410164,3.0807752052198,0.3963445113792279,0.28398820454969725,0.4875841178953634,17.917808783347215,1.0953956308769361,1.0849988130632717,0.6460968640940808,1.2627998979018464,91.99497602203398,1.0064553647860357,0.44437308936876646,171.64200953187003,0.32879378629532485,339.19925787110685,0.8491592341881214,0.3160100275203547,0.9027556612340817,1.8,4.6900611197540005,0.0015312283780954694,0.0007371329981333165,0.04844185768426601,0.0005034654246696405
S43A13T02,S43A13T01;S43A13T03;S43A13T05,0.01,43014,0.09351749205701751,1.2032923378867786,1.2069208639085096,53.588639565030505,2.6812631187165903,0.3963445113792279,0.28398820454969725,0.4875841178953634,17.917808783347215,1.0953956308769361,1.0849988130632717,0.6460968640940808,1.2627998979018464,91.99497602203398,1.0064553647860357,0.16181802645628876,277.8465434936183,0.5322369348476603,142.3598630695843,0.5301784821215599,0.3160100275203547,0.9027556612340817,1.8,4.6900611197540005,0.00153340799471509,0.0007452600407046897,0.0483492912174969,0.0004876761420714037
S43A13T02,S43A13T01;S43A13T03;S43A13T05,0.1,43013,0.11867341001207848,2.164044408916435,2.1672959147302375,64.22649075284586,5.216971070412818,0.3963445113792279,0.28398820454969725,0.4875841178953634,17.917808783347215,1.0953956308769361,1.0849988130632717,0.6460968640940808,1.2627998979018464,91.99497602203398,1.0064553647860357,0.18096845287032845,198.8738386645533,0.38095849954182043,400.7511967131809,1.4295254367831702,0.3160100275203547,0.9027556612340817,1.8,4.6900611197540005,0.002103684663369779,0.0013617196682427647,0.0010052601519357361,0.00031664558827318754
S43A13T02,S43A13T01;S43A13T03;S43A13T05,0.1,43014,0.5921255940331924,2.70692174227578,2.7709272884567913,82.09373922098906,6.470806538698991,0.3963445113792279,0.28398820454969725,0.4875841178953634,17.917808783347215,1.0953956308769361,1.0849988130632717,0.6460968640940808,1.2627998979018464,91.99497602203398,1.0064553647860357,0.464127113325813,282.1411845019025,0.5404636579077324,182.2855625815575,1.847019285643398,0.3160100275203547,0.9027556612340817,1.8,4.6900611197540005,0.002067458983564252,0.0013803388338457041,0.0009982483523649933,0.0003090430870286927
S43A13T02,S43A13T01;S43A13T03;S43A13T05,1.0,43013,0.3931530993092375,2.5893768287956402,2.6190535926170404,62.85103799483681,6.360956280020095,0.3963445113792279,0.28398820454969725,0.4875841178953634,17.917808783347215,1.0953956308769361,1.0849988130632717,0.6460968640940808,1.2627998979018464,91.99497602203398,1.0064553647860357,0.5198858269951494,161.2133914623019,0.30881694711549407,347.27303864021786,1.9298790246177717,0.3160100275203547,0.9027556612340817,1.8,4.6900611197540005,0.002474215021819097,0.0020314236450925597,0.00011858574343953159,0.00040401831587522546
S43A13T02,S43A13T01;S43A13T03;S43A13T05,1.0,43014,0.5369044706543642,3.0073473970130906,3.0548984888094157,82.05101614741352,7.125073972461339,0.3963445113792279,0.28398820454969725,0.4875841178953634,17.917808783347215,1.0953956308769361,1.0849988130632717,0.6460968640940808,1.2627998979018464,91.99497602203398,1.0064553647860357,0.44654160892869865,324.03106215967784,0.6207070174449005,157.1700844882603,2.1397992762371385,0.3160100275203547,0.9027556612340817,1.8,4.6900611197540005,0.002486985766668556,0.0018630598278476871,0.00012692792340437747,0.00036751577377579263
S43A13T02,S43A13T01;S43A13T03;S43A13T05,10.0,43013,0.4029614108575204,1.533368253618404,1.5854324646117972,51.88553313128656,3.8051219847823052,0.3963445113792279,0.28398820454969725,0.4875841178953634,17.917808783347215,1.0953956308769361,1.0849988130632717,0.6460968640940808,1.2627998979018464,91.99497602203398,1.0064553647860357,0.6354480123476481,212.00200315981516,0.4061065324929467,225.94681352173095,1.0041124046552057,0.3160100275203547,0.9027556612340817,1.8,4.6900611197540005,0.012336489868767153,0.00924694323401243,0.00015507327935019533,0.0015176578492657493
S43A13T02,S43A13T01;S43A13T03;S43A13T05,10.0,43014,0.3465746010405044,1.9371304624684582,1.9678893217632054,59.58260307985402,4.6730517844801325,0.3963445113792279,0.28398820454969725,0.4875841178953634,17.917808783347215,1.0953956308769361,1.0849988130632717,0.6460968640940808,1.2627998979018464,91.99497602203398,1.0064553647860357,0.5594593377250425,312.31521317350285,0.5982643860731589,96.83001200739082,1.302660981973094,0.3160100275203547,0.9027556612340817,1.8,4.6900611197540005,0.011446523959238423,0.008690045437042361,0.0001455781249520474,0.0012778866431684846
S43A13T03,S43A13T01;S43A13T02;S43A13T05,0.0,43013,0.04915386217423404,0.09672019861375164,0.1084937739528272,6.377925223796532,0.05420231582418817,0.15199292902105785,0.1839045755045414,0.23858487664541084,14.463452071904234,0.3514270465274304,0.04069737588824216,0.17175776259648254,0.17651347092031963,9.889960871512738,0.5102189369482161,0.08136232587656368,292.7132602871703,0.5371972221095278,0.0,0.025549667803674046,0.16732748403185949,0.9422776069240427,0.6,0.7870949033919512,0.0013557564045630762,0.0013557564045630762,0.5441121674570956,0.002221157127854674
S43A13T03,S43A13T01;S43A13T02;S43A13T05,0.0,43014,0.08497798501558947,0.1268956993500516,0.15272123772039184,9.141134407908424,0.16816752067329363,0.15199292902105785,0.1839045755045414,0.23858487664541084,14.463452071904234,0.3514270465274304,0.04069737588824216,0.17175776259648254,0.17651347092031963,9.889960871512738,0.5102189369482161,0.1396555849118926,285.7345668089933,0.5243896890761673,0.0,0.019078225732548307,0.16732748403185949,0.9422776069240427,0.6,0.7870949033919512,0.0013614293284622176,0.0013614293284622176,0.5109574918795808,0.0022103210120825467
S43A13T03,S43A13T01;S43A13T02;S43A13T05,0.01,43013,0.054065229112047836,0.10634909161046828,0.11930288464789944,6.990284169408766,0.07724254312367326,0.15199292902105785,0.1839045755045414,0.23858487664541084,14.463452071904234,0.3514270465274304,0.04069737588824216,0.17175776259648254,0.17651347092031963,9.889960871512738,0.5102189369482161,0.0867611706557335,185.76658157121457,0.34092507965965024,370.21305732237084,0.023843535938026947,0.16732748403185949,0.9422776069240427,0.6,0.7870949033919512,0.0023587219480211427,0.0014515541187316312,0.07148095913089277,0.002261576513643002
S43A13T03,S43A13T01;S43A13T02;S43A13T05,0.01,43014,0.09123818851885464,0.13482639489418685,0.16279608043305366,9.73757903358226,0.1882504884177828,0.15199292902105785,0.1839045755045414,0.23858487664541084,14.463452071904234,0.3514270465274304,0.04069737588824216,0.17175776259648254,0.17651347092031963,9.889960871512738,0.5102189369482161,0.15179154378667775,106.34226597108714,0.19516290384813995,233.0645475538271,0.017384070600410133,0.16732748403185949,0.9422776069240427,0.6,0.7870949033919512,0.0023470914808989586,0.001439193891302308,0.07165631013171975,0.0022470551494574707
S43A13T03,S43A13T01;S43A13T02;S43A13T05,0.1,43013,0.07084586609785962,0.13302736617533095,0.15071634581126706,8.723292856828637,0.14079338913204087,0.15199292902105785,0.1839045755045414,0.23858487664541084,14.463452071904234,0.3514270465274304,0.04069737588824216,0.17175776259648254,0.17651347092031963,9.889960871512738,0.5102189369482161,0.1145629728528753,97.3346447441856,0.1786318143574927,295.83953470063244,0.01611478890505352,0.16732748403185949,0.9422776069240427,0.6,0.7870949033919512,0.0036726332145738463,0.00228362399134743,0.006083012445407515,0.0020244006662038703
S43A13T03,S43A13T01;S43A13T02;S43A13T05,0.1,43014,0.10937852767766809,0.15892629207205183,0.19292804002711872,11.486037787999233,0.25048336562671086,0.15199292902105785,0.1839045755045414,0.23858487664541084,14.463452071904234,0.3514270465274304,0.04069737588824216,0.17175776259648254,0.17651347092031963,9.889960871512738,0.5102189369482161,0.1899098895720664,166.837408246269,0.3061856239991366,114.61375590311543,0.013378509428205586,0.16732748403185949,0.9422776069240427,0.6,0.7870949033919512,0.004512093098387841,0.0022016375249374206,0.010348151569898522,0.002659759311980821
S43A13T03,S43A13T01;S43A13T02;S43A13T05,1.0,43013,0.1668145981273071,0.17034433145912733,0.2384204299313127,14.673656783613826,0.3553217591358169,0.15199292902105785,0.1839045755045414,0.23858487664541084,14.463452071904234,0.3514270465274304,0.04069737588824216,0.17175776259648254,0.17651347092031963,9.889960871512738,0.5102189369482161,0.3024559317963353,134.93525272792553,0.24763771500810888,379.98359730364973,0.025021463365740446,0.16732748403185949,0.9422776069240427,0.6,0.7870949033919512,0.0416487635599162,0.036789102139969394,0.004249712789111242,0.002525862059198448
S43A13T03,S43A13T01;S43A13T02;S43A13T05,1.0,43014,0.31163872819061245,0.20528486752255817,0.3731763306293912,23.88315518440054,0.6706395842806314,0.15199292902105785,0.1839045755045414,0.23858487664541084,14.463452071904234,0.3514270465274304,0.04069737588824216,0.17175776259648254,0.17651347092031963,9.889960871512738,0.5102189369482161,0.631323795955365,353.73969746748566,0.649194992543107,49.25723765963959,0.06269225030829173,0.16732748403185949,0.9422776069240427,0.6,0.7870949033919512,0.26238619118394046,0.20602551040660996,0.04597150017900712,0.0749529910575651
S43A13T03,S43A13T01;S43A13T02;S43A13T05,10.0,43013,0.18513088665228075,0.1804096345254923,0.25849773968505285,15.95841799704398,0.3989824730408444,0.15199292902105785,0.1839045755045414,0.23858487664541084,14.463452071904234,0.3514270465274304,0.04069737588824216,0.17175776259648254,0.17651347092031963,9.889960871512738,0.5102189369482161,0.34187750615135065,88.99630354028753,0.16332901007954184,338.25401282672937,0.02642975929292573,0.16732748403185949,0.9422776069240427,0.6,0.7870949033919512,0.034953993532509976,0.015254608397647989,0.0018263040415978172,0.0011012824311084004
S43A13T03,S43A13T01;S43A13T02;S43A13T05,10.0,43014,0.17064162786127696,0.1643490249113665,0.2369159495442708,14.61708807959352,0.3400687192475687,0.15199292902105785,0.1839045755045414,0.23858487664541084,14.463452071904234,0.3514270465274304,0.04069737588824216,0.17175776259648254,0.17651347092031963,9.889960871512738,0.5102189369482161,0.30529090334524045,51.98491720586702,0.09540446882108528,189.67519791973902,0.03165612494197679,0.16732748403185949,0.9422776069240427,0.6,0.7870949033919512,0.025077937605292987,0.013678918153737627,0.000976095964503915,0.0015542101337045397
S43A13T05,S43A13T01;S43A13T02;S43A13T03,0.0,43013,0.1552135328665195,0.09944470169300057,0.18433797622767806,5.850646129968121,0.4153859247221026,0.26770794475036364,0.28207025297241145,0.3888845217984176,22.860192080194118,0.6658581169305119,0.08779335595623726,0.34874286796948617,0.3596237774531059,21.5122117543203,1.1186427605453053,0.24022795132938607,235.62392661531885,0.4389955469559761,0.0,0.14751854295312822,0.221462208319963,0.9281742286224781,0.9,16.84625987976027,0.0014941307549457361,0.0014941307549457361,0.4787849445580452,0.0021370478790605557
S43A13T05,S43A13T01;S43A13T02;S43A13T03,0.0,43014,0.03743035460923926,0.24046787245353404,0.24336357395572272,13.46047661256231,0.6716829575548975,0.26770794475036364,0.28207025297241145,0.3888845217984176,22.860192080194118,0.6658581169305119,0.08779335595623726,0.34874286796948617,0.3596237774531059,21.5122117543203,1.1186427605453053,0.15680576487984704,409.0163230398414,0.7620463126393027,0.0,0.10444301501224763,0.221462208319963,0.9281742286224781,0.9,16.84625987976027,0.0014778096571979396,0.0014778096571979396,0.6238021772367012,0.002142745616275155
S43A13T05,S43A13T01;S43A13T02;S43A13T03,0.01,43013,0.2235313995440502,0.1119148502593717,0.24998243996468913,7.457156354264704,0.5396808145025879,0.26770794475036364,0.28207025297241145,0.3888845217984176,22.860192080194118,0.6658581169305119,0.08779335595623726,0.34874286796948617,0.3596237774531059,21.5122117543203,1.1186427605453053,0.3578287963161785,114.27488498564333,0.21290777366385782,98.51038289309668,0.2091959001303629,0.221462208319963,0.9281742286224781,0.9,16.84625987976027,0.0024457533987075927,0.0015866269016163266,0.0708856274325617,0.002116113603977315
S43A13T05,S43A13T01;S43A13T02;S43A13T03,0.01,43014,0.07876012029353971,0.2517251602194591,0.26375881565582837,13.883443031333776,0.6895436071667904,0.26770794475036364,0.28207025297241145,0.3888845217984176,22.860192080194118,0.6658581169305119,0.08779335595623726,0.34874286796948617,0.3596237774531059,21.5122117543203,1.1186427605453053,0.12985578846122842,579.7445476056732,1.0801334076161306,272.0397100572426,0.14819949145669417,0.221462208319963,0.9281742286224781,0.9,16.84625987976027,0.00240387040882965,0.0015604749292756545,0.06966367518316198,0.0022617617573577366
S43A13T05,S43A13T01;S43A13T02;S43A13T03,0.1,43013,0.4081371450809463,0.26017075154151786,0.4840090382962942,24.75935787935603,1.0690208673949382,0.26770794475036364,0.28207025297241145,0.3888845217984176,22.860192080194118,0.6658581169305119,0.08779335595623726,0.34874286796948617,0.3596237774531059,21.5122117543203,1.1186427605453053,0.6915790128134689,1622.8063342674945,3.023482226736922,128.67406085428266,0.4086633010186068,0.221462208319963,0.9281742286224781,0.9,16.84625987976027,0.0045545118144296225,0.002760522381574751,0.009957059285447602,0.0035989913864811467
S43A13T05,S43A13T01;S43A13T02;S43A13T03,0.1,43014,0.35065670687216316,0.543285119796904,0.646621100388138,42.70961113175727,1.5026167659593166,0.26770794475036364,0.28207025297241145,0.3888845217984176,22.860192080194118,0.6658581169305119,0.08779335595623726,0.34874286796948617,0.3596237774531059,21.5122117543203,1.1186427605453053,0.5944310550064275,1390.2285172999232,2.5901619462537093,236.8023390381817,0.3513380835272437,0.221462208319963,0.9281742286224781,0.9,16.84625987976027,0.004012621353258983,0.002654933909187019,0.007618208269215428,0.003482031574631302
S43A13T05,S43A13T01;S43A13T02;S43A13T03,1.0,43013,0.21412273293303952,0.4339028259626204,0.48385969778135257,23.664171669659606,0.8681524731887537,0.26770794475036364,0.28207025297241145,0.3888845217984176,22.860192080194118,0.6658581169305119,0.08779335595623726,0.34874286796948617,0.3596237774531059,21.5122117543203,1.1186427605453053,0.33835898048034424,70.46606830121739,0.13128671031033967,133.75681068893996,0.20493372401458937,0.221462208319963,0.9281742286224781,0.9,16.84625987976027,0.1699361219774124,0.13597373775915816,0.028421890662247238,0.05350418677421961
S43A13T05,S43A13T01;S43A13T02;S43A13T03,1.0,43014,0.2180084965639747,0.4200835903093316,0.4732841930819821,27.763649142579762,1.1266054789874387,0.26770794475036364,0.28207025297241145,0.3888845217984176,22.860192080194118,0.6658581169305119,0.08779335595623726,0.34874286796948617,0.3596237774531059,21.5122117543203,1.1186427605453053,0.34555446364460085,826.927929842587,1.5406656024669536,326.65119846510447,0.2761784424518135,0.221462208319963,0.9281742286224781,0.9,16.84625987976027,0.010037839110312226,0.007448028036553633,0.0021058291658842365,0.00391697735530095
S43A13T05,S43A13T01;S43A13T02;S43A13T03,10.0,43013,0.1283924361662959,0.28330996041899775,0.3110452560919881,16.147866320221116,0.7810160699205724,0.26770794475036364,0.28207025297241145,0.3888845217984176,22.860192080194118,0.6658581169305119,0.08779335595623726,0.34874286796948617,0.3596237774531059,21.5122117543203,1.1186427605453053,0.19568603532651024,393.9429208934995,0.7339627622343221,53.795906912529446,0.1921298604705433,0.221462208319963,0.9281742286224781,0.9,16.84625987976027,0.02327230903558375,0.011001436451775157,0.0009811822403408253,0.0023894608536039583
S43A13T05,S43A13T01;S43A13T02;S43A13T03,10.0,43014,0.128874613065102,0.12505103179792454,0.1795729000890872,6.44007795599984,0.43858301269121164,0.26770794475036364,0.28207025297241145,0.3888845217984176,22.860192080194118,0.6658581169305119,0.08779335595623726,0.34874286796948617,0.3596237774531059,21.5122117543203,1.1186427605453053,0.1961324848580684,469.4833278426599,0.8747035721439371,245.59965358662126,0.13895444870034873,0.221462208319963,0.9281742286224781,0.9,16.84625987976027,0.02365256134618553,0.012957238929579618,0.0008880431442229987,0.0017449389303950517
