held_out_trial,physics_weight,seed,epoch,total_loss,data,physics,rigid_length,effective_torque_l2,effective_torque_rate
S43A13T01,0.0,43013,1,0.02872679652338883,0.02872679652338883,0.34539623154474736,0.004635146216331015,0.006626823615911273,0.0018169489942225878
S43A13T01,0.0,43013,50,0.002171658686316596,0.002171658686316596,0.4018445250296741,0.0014132288529449851,0.006626823615911273,0.0018169489942225878
S43A13T01,0.0,43013,100,0.0015311280932194943,0.0015311280932194943,0.4761733758476703,0.002199103465860421,0.006626823615911273,0.0018169489942225878
S43A13T01,0.0,43013,150,0.0015157107297374113,0.0015157107297374113,0.47243017288721995,0.002242707232750517,0.006626823615911273,0.0018169489942225878
S43A13T01,0.0,43013,200,0.0014971061508427972,0.0014971061508427972,0.473603405670747,0.002237331722900734,0.006626823615911273,0.0018169489942225878
S43A13T01,0.0,43013,250,0.001469648395695307,0.001469648395695307,0.4752894587469663,0.0022303150773168553,0.006626823615911273,0.0018169489942225878
S43A13T01,0.0,43013,300,0.0014269025795704277,0.0014269025795704277,0.47890444686973366,0.0022212691551867073,0.006626823615911273,0.0018169489942225878
S43A13T01,0.0,43014,1,0.04888893346714233,0.04888893346714233,0.5086802720869865,0.07158504012614618,0.026159321690924747,0.0010517860514545104
S43A13T01,0.0,43014,50,0.0028826724333913607,0.0028826724333913607,0.4909422991773757,0.0024506478732228805,0.026159321690924747,0.0010517860514545104
S43A13T01,0.0,43014,100,0.0017813210353989646,0.0017813210353989646,0.5619982232289946,0.0014796057269812408,0.026159321690924747,0.0010517860514545104
S43A13T01,0.0,43014,150,0.0015525711242147138,0.0015525711242147138,0.5821048075301514,0.0018212897292746177,0.026159321690924747,0.0010517860514545104
S43A13T01,0.0,43014,200,0.0014920141121395345,0.0014920141121395345,0.5799205567791622,0.002232599922662512,0.026159321690924747,0.0010517860514545104
S43A13T01,0.0,43014,250,0.0014657822777406244,0.0014657822777406244,0.5808511876116427,0.002225564804392349,0.026159321690924747,0.0010517860514545104
S43A13T01,0.0,43014,300,0.001427981993456685,0.001427981993456685,0.5826243336814133,0.0022107208800767534,0.026159321690924747,0.0010517860514545104
S43A13T01,0.01,43013,1,0.03218787361640845,0.02872679652338883,0.34539623154474736,0.004635146216331015,0.006626823615911273,0.0018169489942225878
S43A13T01,0.01,43013,50,0.0030788651026755535,0.002303255664604187,0.07227559212889201,0.0015151012814603713,0.3075677761540457,0.020581637885581688
S43A13T01,0.01,43013,100,0.002488852012486634,0.0015993335815053227,0.0751249500686624,0.002217711505795758,0.36881486245983036,0.0991697325429084
S43A13T01,0.01,43013,150,0.0024684177892550295,0.0015858363770295493,0.07047672527722663,0.002197774299696288,0.3616622647702011,0.13945015867649754
S43A13T01,0.01,43013,200,0.0024519667132815444,0.001571837795442667,0.07037026140102685,0.0022030118871558747,0.3625115134929709,0.13797214059215626
S43A13T01,0.01,43013,250,0.0024317468410594923,0.0015525437900567004,0.07032528939841959,0.002200499537916367,0.3627559157007367,0.13747406591060587
S43A13T01,0.01,43013,300,0.0024060547825874488,0.001526105911343589,0.07048399282932244,0.0021954168426977943,0.36301838349511956,0.1366116877584252
S43A13T01,0.01,43014,1,0.05405098894635888,0.04888893346714233,0.5086802720869865,0.07158504012614618,0.026159321690924747,0.0010517860514545104
S43A13T01,0.01,43014,50,0.0037105421610349235,0.0029830703146973003,0.06680290620013186,0.002188360790459473,0.28430649561135957,0.028823773984709224
S43A13T01,0.01,43014,100,0.002780910324893768,0.001895936821255841,0.0742035365130062,0.0013231707204282388,0.34683682560593593,0.10693128522684292
S43A13T01,0.01,43014,150,0.0024996573262081444,0.001599859092443908,0.07218078860246155,0.001732631963581749,0.360862884688693,0.14017142730717005
S43A13T01,0.01,43014,200,0.0024425455713512952,0.001569313469854215,0.06959332115434441,0.0022377046298670605,0.3611491089528327,0.13894627442848603
S43A13T01,0.01,43014,250,0.0024254878578248594,0.001552760827953574,0.06974432530811087,0.002204974153094877,0.36178755620489295,0.13690004701659234
S43A13T01,0.01,43014,300,0.0024062458683023554,0.001533965911665539,0.06983090762658399,0.0022018799295201535,0.3618727960279174,0.13558172083866424
S43A13T01,0.1,43013,1,0.06331525077138268,0.02872679652338883,0.34539623154474736,0.004635146216331015,0.006626823615911273,0.0018169489942225878
S43A13T01,0.1,43013,50,0.007495099096500203,0.004144832812584698,0.03281433098678055,0.002115174262677209,0.281947150556413,0.019486727555037126
S43A13T01,0.1,43013,100,0.006211013800157199,0.003831134048524818,0.022314398291324967,0.003806065023222565,0.28110048219507044,0.08226922404815062
S43A13T01,0.1,43013,150,0.005223684032524028,0.0031622541446603945,0.01644320191787434,0.0034930772339707462,0.3157440451675273,0.3506045192197386
S43A13T01,0.1,43013,200,0.004610751111156325,0.0026306525296001513,0.011439146873187455,0.0025559560442511195,0.3453203793895538,0.7760922958559616
S43A13T01,0.1,43013,250,0.004639226402065178,0.0030205942170051115,0.008058547997195019,0.0019566927685155497,0.32405655662566907,0.7608048019928421
S43A13T01,0.1,43013,300,0.0037377985188470956,0.002396239100826614,0.006093664835831395,0.002002603453941303,0.31879395569663216,0.6802875043282652
S43A13T01,0.1,43014,1,0.10047647879532297,0.04888893346714233,0.5086802720869865,0.07158504012614618,0.026159321690924747,0.0010517860514545104
S43A13T01,0.1,43014,50,0.008005077622087955,0.004805292942269555,0.031278086215639316,0.001287172359394691,0.27001247996558103,0.03210308666396412
S43A13T01,0.1,43014,100,0.006301508412955661,0.004286491655923265,0.018002812485965868,0.002773445289459482,0.275412305505175,0.15945982499069622
S43A13T01,0.1,43014,150,0.00532943613769459,0.0032839294299687465,0.015006043757947618,0.002308733722652877,0.3068255855889746,0.491132436145655
S43A13T01,0.1,43014,200,0.0046742736126558,0.0025306428027203564,0.011761114052097718,0.0028490375520948898,0.34772667042317035,0.9042563621624057
S43A13T01,0.1,43014,250,0.004313707159922761,0.002365611443710941,0.008678387950093444,0.0025678449769634877,0.34774096303901486,1.0198043751289385
S43A13T01,0.1,43014,300,0.003995111046507552,0.002358617211752782,0.0068612928403917065,0.0022053202196422135,0.3331277837040494,0.8949985701487728
S43A13T01,1.0,43013,1,0.37458902232112506,0.02872679652338883,0.34539623154474736,0.004635146216331015,0.006626823615911273,0.0018169489942225878
S43A13T01,1.0,43013,50,0.023443638584928518,0.013860439495075995,0.009241557120713392,0.0030166058430004337,0.2646280264246533,0.01351858219662508
S43A13T01,1.0,43013,100,0.014747341818039307,0.009556691515163843,0.004542070120393209,0.005939885343874934,0.240917010207688,0.030499947073992728
S43A13T01,1.0,43013,150,0.012226356737187858,0.008918531937182497,0.0027141325795176957,0.005197511688036582,0.21670121171280524,0.05227093051272743
S43A13T01,1.0,43013,200,0.011684325491561197,0.00889432359678725,0.0021962541224209626,0.004966709914905428,0.21087419323749831,0.07598936153869014
S43A13T01,1.0,43013,250,0.011314503837625247,0.008677445651550894,0.002045970628351524,0.004606432883920631,0.21935788378038865,0.10850848095272714
S43A13T01,1.0,43013,300,0.010932462450715092,0.00836314657784084,0.001972760004978315,0.004257146107415006,0.22746644213595932,0.1480946129408397
S43A13T01,1.0,43014,1,0.564731377284964,0.04888893346714233,0.5086802720869865,0.07158504012614618,0.026159321690924747,0.0010517860514545104
S43A13T01,1.0,43014,50,0.021317864633793503,0.012309571314691755,0.008674030332043765,0.0029062970022259854,0.2638169306835922,0.017251593767024908
S43A13T01,1.0,43014,100,0.01257923236682964,0.009202244556730493,0.0028166335552442558,0.004979538440446332,0.21642816658138972,0.04075759415211797
S43A13T01,1.0,43014,150,0.011653538624683879,0.00892738831009525,0.0021825087379880865,0.004620748605437826,0.20427622883768046,0.061139093172991966
S43A13T01,1.0,43014,200,0.01096172000995103,0.00841581423570281,0.0020285385549728687,0.004041723158653085,0.21266990708880218,0.09192791270116298
S43A13T01,1.0,43014,250,0.010020904656797114,0.0076429192283578905,0.0018985737782781743,0.0032119645004334723,0.2226755321078042,0.13594764690692207
S43A13T01,1.0,43014,300,0.00878735373109324,0.006575321952234849,0.001786220774919657,0.002097281935788889,0.23360804946871983,0.19272200541297332
S43A13T01,10.0,43013,1,3.4873267378185493,0.02872679652338883,0.34539623154474736,0.004635146216331015,0.006626823615911273,0.0018169489942225878
S43A13T01,10.0,43013,50,0.08093322406480231,0.019546924862652606,0.005590284435898221,0.005448288008131942,0.2549663584177488,0.009670199193794105
S43A13T01,10.0,43013,100,0.05022044567972,0.016570456872678645,0.0030237778766265366,0.003376896806136679,0.21802190130764473,0.013511044508543027
S43A13T01,10.0,43013,150,0.030251104821745155,0.01267762903345438,0.0013993740899410397,0.0035456539616545934,0.18503378795742279,0.015577548430042927
S43A13T01,10.0,43013,200,0.029116832762002262,0.012616795954398914,0.0013223387152169576,0.0032382524692797635,0.1887731724712823,0.019519868906874873
S43A13T01,10.0,43013,250,0.02813338987130665,0.01263268928930524,0.00123753945775126,0.003081635817801772,0.1910788953686069,0.02456229715017411
S43A13T01,10.0,43013,300,0.026961858181128468,0.012570083456895887,0.0011472011662871774,0.002868873378980796,0.1947136160247381,0.03141832077753865
S43A13T01,10.0,43014,1,5.207280362181374,0.04888893346714233,0.5086802720869865,0.07158504012614618,0.026159321690924747,0.0010517860514545104
S43A13T01,10.0,43014,50,0.09794590146141231,0.020300171948540877,0.007494083568457575,0.0026651384380833535,0.2740978267475385,0.012345607537584012
S43A13T01,10.0,43014,100,0.03813746043318632,0.017033696327103953,0.001879053564222529,0.002258707113583681,0.2587284821807237,0.028648502055318104
S43A13T01,10.0,43014,150,0.0328921013876737,0.017286892983387495,0.001353459651417798,0.0020071325849424517,0.24395157163250583,0.039084148002524195
S43A13T01,10.0,43014,200,0.030099377369842403,0.016221495236485542,0.001192870228609745,0.0018729423132840316,0.2409898857927144,0.052138545396106545
S43A13T01,10.0,43014,250,0.027062097736657208,0.014920268453954541,0.0010325292865854545,0.0017242839243333797,0.23707325327785403,0.06854516718695536
S43A13T01,10.0,43014,300,0.02395683201169923,0.01361007019332003,0.0008674801876715821,0.001559962764030865,0.2328058244069088,0.08871659519182722
S43A13T02,0.0,43013,1,0.0197971174547293,0.0197971174547293,0.2531614335278011,0.001902341326421215,0.04750347855079312,0.001266766267331621
S43A13T02,0.0,43013,50,0.0008668724893974998,0.0008668724893974998,0.3400997789728093,0.0008285011750670583,0.04750347855079312,0.001266766267331621
S43A13T02,0.0,43013,100,0.0006028515207356177,0.0006028515207356177,0.40527369527378965,0.0010457627295648606,0.04750347855079312,0.001266766267331621
S43A13T02,0.0,43013,150,0.00034572321353609206,0.00034572321353609206,0.6061998679016146,0.00143486858719057,0.04750347855079312,0.001266766267331621
S43A13T02,0.0,43013,200,0.0002460254757701177,0.0002460254757701177,0.6782493870222132,0.0014372637841396075,0.04750347855079312,0.001266766267331621
S43A13T02,0.0,43013,250,0.00018156577140075053,0.00018156577140075053,0.8046110674535139,0.0015047383386237421,0.04750347855079312,0.001266766267331621
S43A13T02,0.0,43013,300,0.00012899929480956421,0.00012899929480956421,0.8939065276382218,0.0015223736065378775,0.04750347855079312,0.001266766267331621
S43A13T02,0.0,43014,1,0.026936718907056983,0.026936718907056983,0.15085062156241216,0.0002772725824527022,0.017262151372960985,0.0028342199589798008
S43A13T02,0.0,43014,50,0.0010117254115690727,0.0010117254115690727,0.2627181540002107,0.0009448828400358261,0.017262151372960985,0.0028342199589798008
S43A13T02,0.0,43014,100,0.0008056718548775115,0.0008056718548775115,0.28025469325200747,0.0009695564180329103,0.017262151372960985,0.0028342199589798008
S43A13T02,0.0,43014,150,0.00046483991640859705,0.00046483991640859705,0.3817556098564248,0.0012401524019495088,0.017262151372960985,0.0028342199589798008
S43A13T02,0.0,43014,200,0.0003406241640623892,0.0003406241640623892,0.5073560647128637,0.0013941403273176397,0.017262151372960985,0.0028342199589798008
S43A13T02,0.0,43014,250,0.0002615039382094434,0.0002615039382094434,0.5570265690026457,0.0014219688642291058,0.017262151372960985,0.0028342199589798008
S43A13T02,0.0,43014,300,0.00019611397005821026,0.00019611397005821026,0.6501303741307235,0.0015069599306191273,0.017262151372960985,0.0028342199589798008
S43A13T02,0.01,43013,1,0.02233665124545614,0.0197971174547293,0.2531614335278011,0.001902341326421215,0.04750347855079312,0.001266766267331621
S43A13T02,0.01,43013,50,0.0018181466656534966,0.0009939384139208672,0.06916800895109422,0.0006965370128999606,0.15153515352666078,0.11667810985612094
S43A13T02,0.01,43013,100,0.0016295000913036479,0.0008586109178522547,0.0490809042220556,0.000583582011266876,0.154272725420922,0.2640692766774783
S43A13T02,0.01,43013,150,0.0015618890267335946,0.0007771447099869346,0.04851927633388151,0.00046282191657028476,0.16777352626343603,0.2823113788649309
S43A13T02,0.01,43013,200,0.0015497824409167512,0.0007450160901317087,0.04951638427664209,0.0004953709586394136,0.17181742610386927,0.2919253944495955
S43A13T02,0.01,43013,250,0.00154007420094725,0.000738819674635716,0.049078544658064764,0.0005001520106583531,0.1721669788579611,0.29275222983443194
S43A13T02,0.01,43013,300,0.0015312283780954694,0.0007371329981333165,0.04844185768426601,0.0005034654246696405,0.17167640743983745,0.2920056969508393
S43A13T02,0.01,43014,1,0.028450062830359835,0.026936718907056983,0.15085062156241216,0.0002772725824527022,0.017262151372960985,0.0028342199589798008
S43A13T02,0.01,43014,50,0.0019551392886396324,0.001081662276309093,0.0769381994466717,0.0008383280508855173,0.12986998279147866,0.09026969153378905
S43A13T02,0.01,43014,100,0.0017100180328507844,0.0009239388452516101,0.05130861812035554,0.000670196697116002,0.14620154796352466,0.25770265490215033
S43A13T02,0.01,43014,150,0.0015718058961841164,0.000802807773546218,0.04810043624129476,0.000491926056259136,0.16192846544112408,0.2713089876245796
S43A13T02,0.01,43014,200,0.0015560237865722374,0.0007638285104092805,0.04892258360831007,0.00047364514850440384,0.16911681381039678,0.2855841135503121
S43A13T02,0.01,43014,250,0.0015447645194032805,0.0007527537982651307,0.048772857106458095,0.0004827194446090539,0.16983261939592464,0.28681616868936693
S43A13T02,0.01,43014,300,0.00153340799471509,0.0007452600407046897,0.0483492912174969,0.0004876761420714037,0.1700269013016431,0.28716467556319564
S43A13T02,0.1,43013,1,0.04513830133489603,0.0197971174547293,0.2531614335278011,0.001902341326421215,0.04750347855079312,0.001266766267331621
S43A13T02,0.1,43013,50,0.0044271945602288275,0.0032208914417425037,0.011373839644090604,0.002112106407223337,0.06417613629387679,0.04138047637564236
S43A13T02,0.1,43013,100,0.002581285861824431,0.002050884685007738,0.0027472882137637715,0.0005902845109341118,0.08395925403548322,0.24137358492742622
S43A13T02,0.1,43013,150,0.0022272101905926275,0.001518898729399771,0.0012835850737469283,0.0003876848128378985,0.12504158492772832,0.5635719471970116
S43A13T02,0.1,43013,200,0.0021692760347407024,0.001390286475624396,0.0011174993258259158,0.00036795656780710625,0.1362993026133996,0.6499301305943038
S43A13T02,0.1,43013,250,0.0021329667243616,0.0013699590370858685,0.001042281389811833,0.00033825282330628994,0.13459947032852845,0.641937073028632
S43A13T02,0.1,43013,300,0.002103684663369779,0.0013617196682427647,0.0010052601519357361,0.00031664558827318754,0.13220774205764688,0.625051749844944
S43A13T02,0.1,43014,1,0.042029114224219004,0.026936718907056983,0.15085062156241216,0.0002772725824527022,0.017262151372960985,0.0028342199589798008
S43A13T02,0.1,43014,50,0.004440233055197664,0.003288341768326855,0.010781558540360484,0.0022568937612736572,0.06820038066297393,0.04434645715572702
S43A13T02,0.1,43014,100,0.0024920221363231632,0.001980078391008721,0.0022181132463890162,0.0005965332287815946,0.08830125415101715,0.27533696297262295
S43A13T02,0.1,43014,150,0.0022142151570221876,0.0014843427655418795,0.0012298682081148828,0.0004530006094598242,0.12897038103741576,0.5894585264704799
S43A13T02,0.1,43014,200,0.00215682195936221,0.0014058105354490702,0.0011030331778419085,0.0003752778436003146,0.13223465021996225,0.6237318626709494
S43A13T02,0.1,43014,250,0.002114904068637081,0.0013886996668595825,0.0010410012376693336,0.00033802907364124886,0.1291183152641596,0.6058121557477368
S43A13T02,0.1,43014,300,0.002067458983564252,0.0013803388338457041,0.0009982483523649933,0.0003090430870286927,0.1241624183261565,0.571788641779146
S43A13T02,1.0,43013,1,0.27315480222929495,0.0197971174547293,0.2531614335278011,0.001902341326421215,0.04750347855079312,0.001266766267331621
S43A13T02,1.0,43013,50,0.011262986778690698,0.009517966805296993,0.0012912666203574279,0.00439146343947655,0.06859010257618703,0.007747998831003327
S43A13T02,1.0,43013,100,0.008204301789398722,0.007007702547993655,0.0008030685189879657,0.003771244725224851,0.04473186609230507,0.011933063285384503
S43A13T02,1.0,43013,150,0.006024424341848178,0.004756991537182369,0.0010628104943121348,0.0017740706101426005,0.045301490590447184,0.022685100280369682
S43A13T02,1.0,43013,200,0.004669616401288947,0.003486423537103701,0.0010250880619425572,0.0009464537017228118,0.0486969127414639,0.058589740796261246
S43A13T02,1.0,43013,250,0.0032278623940391066,0.0025569048556474475,0.00045421453028306164,0.0006163333117978905,0.05929737298101684,0.149179939630707
S43A13T02,1.0,43013,300,0.002474215021819097,0.0020314236450925597,0.00011858574343953159,0.00040401831587522546,0.07220056463848168,0.27658374523563484
S43A13T02,1.0,43014,1,0.1778196281628107,0.026936718907056983,0.15085062156241216,0.0002772725824527022,0.017262151372960985,0.0028342199589798008
S43A13T02,1.0,43014,50,0.010460210137399114,0.009146178261761869,0.0008261082561093406,0.004717307224150639,0.061944347890740686,0.009998462323766716
S43A13T02,1.0,43014,100,0.007379412698337095,0.006205114014968465,0.000771256803515038,0.0038510821486994226,0.04545500032765065,0.013388164950884365
S43A13T02,1.0,43014,150,0.005371919491647021,0.0039880695176378,0.0012280327206060976,0.001213168316356761,0.044175821215895146,0.030082839645857822
S43A13T02,1.0,43014,200,0.004165641130107896,0.003188514059055108,0.0008036495813669581,0.0008485357149060841,0.052537002534321524,0.08337021794179006
S43A13T02,1.0,43014,250,0.002879123673456288,0.002287558896581579,0.0002764798990739055,0.0005072822195595091,0.07499659407581412,0.2568569964372714
S43A13T02,1.0,43014,300,0.002486985766668556,0.0018630598278476871,0.00012692792340437747,0.00036751577377579263,0.09835959034871666,0.4504104790040409
S43A13T02,10.0,43013,1,2.553319811173284,0.0197971174547293,0.2531614335278011,0.001902341326421215,0.04750347855079312,0.001266766267331621
S43A13T02,10.0,43013,50,0.031367318575897855,0.022228754955198795,0.0005665599068418424,0.0034589432926360355,0.0973219020299128,0.004289069441610279
S43A13T02,10.0,43013,100,0.019110607422533284,0.013759909605466372,0.00021297175335961035,0.0032057757822259634,0.0772118371772361,0.007483317527121935
S43A13T02,10.0,43013,150,0.015972522526877416,0.011859001027388877,0.00012127727156510253,0.002885920797616428,0.063580206265873,0.00846996559449698
S43A13T02,10.0,43013,200,0.014413642572112558,0.010625554946690511,0.00012563321520353367,0.0025161027920050315,0.05919002947843765,0.00973367843383527
S43A13T02,10.0,43013,250,0.013275440479301683,0.009885750409985749,0.00014054470093204674,0.001966381338500377,0.0587965927467719,0.011982062220412903
S43A13T02,10.0,43013,300,0.012336489868767153,0.00924694323401243,0.00015507327935019533,0.0015176578492657493,0.05902515190244381,0.015253476796774919
S43A13T02,10.0,43014,1,1.5357247675487276,0.026936718907056983,0.15085062156241216,0.0002772725824527022,0.017262151372960985,0.0028342199589798008
S43A13T02,10.0,43014,50,0.026105971435219793,0.020228856682660487,0.00035821750694060855,0.0022741851526945317,0.10151005589703598,0.010603524868986351
S43A13T02,10.0,43014,100,0.018236326173431287,0.0136740241681411,0.00011307374012483073,0.003413516425234297,0.07590269320506189,0.010457909487078488
S43A13T02,10.0,43014,150,0.015991748186787204,0.01180006580676603,8.819274783689592e-05,0.003292619424627259,0.06588779001808082,0.010546698023145909
S43A13T02,10.0,43014,200,0.01440646422883647,0.010661625780624018,9.094447648586724e-05,0.002817641406705941,0.062001568409898185,0.011552119806849443
S43A13T02,10.0,43014,250,0.012814056476032691,0.009648181648209173,0.00011143518737726967,0.0020318589001531878,0.06063542774498931,0.013600511123135416
S43A13T02,10.0,43014,300,0.011446523959238423,0.008690045437042361,0.0001455781249520474,0.0012778866431684846,0.05972940756515089,0.016837688750590312
S43A13T03,0.0,43013,1,0.03080459937190984,0.03080459937190984,0.38547113052279336,0.0006439402295993906,0.028585289580326034,0.0016627714729768714
S43A13T03,0.0,43013,50,0.002209242211245492,0.002209242211245492,0.4720055988809228,0.0016497479066787926,0.028585289580326034,0.0016627714729768714
S43A13T03,0.0,43013,100,0.0014634216356872844,0.0014634216356872844,0.5486081197800847,0.0022421530343180707,0.028585289580326034,0.0016627714729768714
S43A13T03,0.0,43013,150,0.001444301789906029,0.001444301789906029,0.5401829693628775,0.002200816476732569,0.028585289580326034,0.0016627714729768714
S43A13T03,0.0,43013,200,0.001424144620667338,0.001424144620667338,0.5408188989537186,0.0022461634851618693,0.028585289580326034,0.0016627714729768714
S43A13T03,0.0,43013,250,0.0014078540877452575,0.0014078540877452575,0.5395186461072713,0.002387165691492745,0.028585289580326034,0.0016627714729768714
S43A13T03,0.0,43013,300,0.0013557564045630762,0.0013557564045630762,0.5441121674570956,0.002221157127854674,0.028585289580326034,0.0016627714729768714
S43A13T03,0.0,43014,1,0.057525533967835225,0.057525533967835225,0.3486485322849578,0.015045165476519124,0.00867337984460944,0.0004651508048893039
S43A13T03,0.0,43014,50,0.002114313861251548,0.002114313861251548,0.4475568185948131,0.0015773835887106945,0.00867337984460944,0.0004651508048893039
S43A13T03,0.0,43014,100,0.001648732294575733,0.001648732294575733,0.512353091623858,0.0014816363931949093,0.00867337984460944,0.0004651508048893039
S43A13T03,0.0,43014,150,0.0015296523586113607,0.0015296523586113607,0.5170014206261729,0.0017520345061131503,0.00867337984460944,0.0004651508048893039
S43A13T03,0.0,43014,200,0.001443786087199828,0.001443786087199828,0.5130114901006317,0.0020224411821162538,0.00867337984460944,0.0004651508048893039
S43A13T03,0.0,43014,250,0.0014025449341354822,0.0014025449341354822,0.5101507347883898,0.002184393285213876,0.00867337984460944,0.0004651508048893039
S43A13T03,0.0,43014,300,0.0013614293284622176,0.0013614293284622176,0.5109574918795808,0.0022103210120825467,0.00867337984460944,0.0004651508048893039
S43A13T03,0.01,43013,1,0.03466447591779838,0.03080459937190984,0.38547113052279336,0.0006439402295993906,0.028585289580326034,0.0016627714729768714
S43A13T03,0.01,43013,50,0.003168282211453534,0.002282422757215656,0.08229395027119131,0.0013692198872173416,0.2702907734192816,0.034521654296819464
S43A13T03,0.01,43013,100,0.0024397904589479615,0.001506299807840044,0.07748255133285993,0.0022855169985185834,0.3552578017758179,0.12085384060321817
S43A13T03,0.01,43013,150,0.002418575848291498,0.0015116351564318014,0.07098700740847402,0.0023282636194677016,0.3461093433187128,0.16013141982361712
S43A13T03,0.01,43013,200,0.002403057670342,0.001499091036178129,0.07102720229920471,0.0023403398079443138,0.3465847535498858,0.15669579600889053
S43A13T03,0.01,43013,250,0.0024062911259087575,0.001494480136755224,0.07193270792075716,0.0020038578746683065,0.3473462191448953,0.1557454301568039
S43A13T03,0.01,43013,300,0.0023587219480211427,0.0014515541187316312,0.07148095913089277,0.002261576513643002,0.34819912475122816,0.1552767489918179
S43A13T03,0.01,43014,1,0.06102839694495067,0.057525533967835225,0.3486485322849578,0.015045165476519124,0.00867337984460944,0.0004651508048893039
S43A13T03,0.01,43014,50,0.0031619367806012986,0.0023279405989691335,0.07659767036198235,0.0016063687674664924,0.2898239254361826,0.03743071670125647
S43A13T03,0.01,43014,100,0.0026636040737160697,0.0016979043391381658,0.07770101521591495,0.0013638335010059063,0.35012380156680356,0.1523133687610678
S43A13T03,0.01,43014,150,0.0025090718709423337,0.0015575690966462485,0.07493982119969884,0.0017092320865456322,0.35494947664779497,0.16490038254777165
S43A13T03,0.01,43014,200,0.002414464979166664,0.0014896083552121415,0.07276022490708793,0.0020661773579479926,0.3508383777578102,0.16010435974991397
S43A13T03,0.01,43014,250,0.0023796627539007815,0.001469164000335147,0.07179497931395265,0.002220540463440683,0.34776558519181844,0.15555186144348543
S43A13T03,0.01,43014,300,0.0023470914808989586,0.001439193891302308,0.07165631013171975,0.0022470551494574707,0.34755737949477244,0.15433169518051845
S43A13T03,0.1,43013,1,0.0693626731269162,0.03080459937190984,0.38547113052279336,0.0006439402295993906,0.028585289580326034,0.0016627714729768714
S43A13T03,0.1,43013,50,0.007764592169527112,0.004819641527899801,0.028599751740537836,0.0024738542647421177,0.2532966287255444,0.034907262053552664
S43A13T03,0.1,43013,100,0.006111965034494484,0.003717327796049112,0.02176173129208055,0.0030607939998197327,0.27745262753752437,0.16011090648536663
S43A13T03,0.1,43013,150,0.004931200089326588,0.0027930953076314006,0.01375324535724456,0.003761056459956394,0.32061331593560366,0.6931083497776062
S43A13T03,0.1,43013,200,0.00433926802378904,0.002321602045163848,0.009939114474998957,0.002719216934875944,0.33374121944735163,0.9631882398318016
S43A13T03,0.1,43013,250,0.003994250678115897,0.0024047380708048494,0.007023686450131804,0.0020200515251180655,0.3093341303864224,0.836010034008044
S43A13T03,0.1,43013,300,0.0036726332145738463,0.00228362399134743,0.006083012445407515,0.0020244006662038703,0.30759738871430586,0.7297042331521952
S43A13T03,0.1,43014,1,0.09254217133988554,0.057525533967835225,0.3486485322849578,0.015045165476519124,0.00867337984460944,0.0004651508048893039
S43A13T03,0.1,43014,50,0.008227476017011463,0.005323605456374586,0.028152715196846718,0.003139444050501459,0.2571547792999332,0.03148912251719695
S43A13T03,0.1,43014,100,0.006561549452255612,0.003982079104221846,0.022896301508373035,0.0019019652584115257,0.29502321891827565,0.24131822272051986
S43A13T03,0.1,43014,150,0.005154282254556481,0.002630161473584906,0.016685073052105176,0.0022210186309452513,0.34421636321640925,0.7989816531299646
S43A13T03,0.1,43014,200,0.004849804961264707,0.002314032623665325,0.01313115675810992,0.002767479187679058,0.3560344893830152,1.1593784209732978
S43A13T03,0.1,43014,250,0.004732958901016007,0.0022542310424751976,0.011775943534684698,0.0027451496682882504,0.35136624404497047,1.2385453839849603
S43A13T03,0.1,43014,300,0.004512093098387841,0.0022016375249374206,0.010348151569898522,0.002659759311980821,0.34546239164450204,1.2144965841763098
S43A13T03,1.0,43013,1,0.4163446452180941,0.03080459937190984,0.38547113052279336,0.0006439402295993906,0.028585289580326034,0.0016627714729768714
S43A13T03,1.0,43013,50,0.19589240301304947,0.15809135158415283,0.030214050620574705,0.07554925825342768,0.20139542875070174,0.011935440104108441
S43A13T03,1.0,43013,100,0.15362785788914157,0.12487223518793478,0.023107532449238258,0.0558559762322041,0.2552109539523205,0.036971533352923656
S43A13T03,1.0,43013,150,0.11801840207127258,0.0969606249113555,0.017229978675372876,0.037038980366556444,0.2741025947768363,0.09649018841087888
S43A13T03,1.0,43013,200,0.0870795920766385,0.07306489481127165,0.01168793253357748,0.020883916785413983,0.29025631771785537,0.20934742147616645
S43A13T03,1.0,43013,250,0.061275314012496356,0.05260242228681278,0.0074635797067596175,0.008975106734766649,0.30220315508962564,0.2815810299383255
S43A13T03,1.0,43013,300,0.0416487635599162,0.036789102139969394,0.004249712789111242,0.002525862059198448,0.30993283027707036,0.3263691418880175
S43A13T03,1.0,43014,1,0.40767991528923425,0.057525533967835225,0.3486485322849578,0.015045165476519124,0.00867337984460944,0.0004651508048893039
S43A13T03,1.0,43014,50,0.6429478631159484,0.29220455698604236,0.3362182331288938,0.14482887371665223,0.12741756084338549,0.029443873262598046
S43A13T03,1.0,43014,100,0.5449479997376792,0.28299982933094037,0.24717058686514448,0.13753727594001583,0.16376274528249626,1.0074796730644182
S43A13T03,1.0,43014,150,0.4562452697545313,0.26447053285925426,0.17781354526073154,0.12153058642974385,0.23379170211115666,1.7847538213599696
S43A13T03,1.0,43014,200,0.37103569924773233,0.2443606218215404,0.11424573083972862,0.10467308265632008,0.2854637606639651,1.9334919447649126
S43A13T03,1.0,43014,250,0.3093074984773733,0.22454239125798378,0.07366892693053005,0.08886083917544574,0.3037713357391992,2.1797192377409904
S43A13T03,1.0,43014,300,0.26238619118394046,0.20602551040660996,0.04597150017900712,0.0749529910575651,0.3209642283818898,2.861785069728653
S43A13T03,10.0,43013,1,3.8861643661298735,0.03080459937190984,0.38547113052279336,0.0006439402295993906,0.028585289580326034,0.0016627714729768714
S43A13T03,10.0,43013,50,0.32419500348043534,0.08695592290506231,0.020627449726766205,0.03092209848410429,0.2491661014885642,0.017568213457811704
S43A13T03,10.0,43013,100,0.10267769851644744,0.036404689076163,0.006273874178007996,0.0034480217413309935,0.2657955293136594,0.05966636594212862
S43A13T03,10.0,43013,150,0.08159424754247958,0.03561059395570243,0.003999245526297892,0.005859636689318434,0.24561463854620302,0.10700017062517002
S43A13T03,10.0,43013,200,0.05635238492491416,0.02355859533391859,0.003025137048618448,0.0023216825024685948,0.27773792170241146,0.1929628101722557
S43A13T03,10.0,43013,250,0.037770435646600764,0.016237773443502135,0.001980449012680822,0.0014354868013814854,0.2748002412107103,0.2652052507878464
S43A13T03,10.0,43013,300,0.034953993532509976,0.015254608397647989,0.0018263040415978172,0.0011012824311084004,0.27873750613954146,0.30718853716145955
S43A13T03,10.0,43014,1,3.5590573547827216,0.057525533967835225,0.3486485322849578,0.015045165476519124,0.00867337984460944,0.0004651508048893039
S43A13T03,10.0,43014,50,0.09656978806012204,0.03152454171141695,0.006214468915526096,0.002868111958777335,0.2220391692036685,0.010241317746406353
S43A13T03,10.0,43014,100,0.055470855660429606,0.025150749359747104,0.0028496631109228934,0.0017758693893849976,0.2237242213901597,0.025233379929562847
S43A13T03,10.0,43014,150,0.03248845957791501,0.016808849923589577,0.0013666955184383639,0.0019586190685250745,0.19053715788882672,0.034981685627836885
S43A13T03,10.0,43014,200,0.02833291334899419,0.014743274048895645,0.0011570050324163287,0.0019578782820989945,0.1873665931331544,0.042974034522946486
S43A13T03,10.0,43014,250,0.026447237468063076,0.013857394666137108,0.0010657232148460103,0.0018607112421640678,0.18750060574619373,0.05314935072717767
S43A13T03,10.0,43014,300,0.025077937605292987,0.013678918153737627,0.000976095964503915,0.0015542101337045397,0.19084615537610225,0.06476505727405801
S43A13T05,0.0,43013,1,0.05359836431710505,0.05359836431710505,0.36260626735530593,0.013122537907809597,0.0020881429487786636,0.0004456940656946751
S43A13T05,0.0,43013,50,0.0023485674865167477,0.0023485674865167477,0.4455439798563284,0.0018104461547484376,0.0020881429487786636,0.0004456940656946751
S43A13T05,0.0,43013,100,0.0017202472067641263,0.0017202472067641263,0.4922782793464509,0.0014870170061166907,0.0020881429487786636,0.0004456940656946751
S43A13T05,0.0,43013,150,0.0016259934450223949,0.0016259934450223949,0.486975900632145,0.0017032286818438106,0.0020881429487786636,0.0004456940656946751
S43A13T05,0.0,43013,200,0.0015571176989886155,0.0015571176989886155,0.48315633105541606,0.0019404974370626695,0.0020881429487786636,0.0004456940656946751
S43A13T05,0.0,43013,250,0.0015428801797569593,0.0015428801797569593,0.47851501215878023,0.001892830104620223,0.0020881429487786636,0.0004456940656946751
S43A13T05,0.0,43013,300,0.0014941307549457361,0.0014941307549457361,0.4787849445580452,0.0021370478790605557,0.0020881429487786636,0.0004456940656946751
S43A13T05,0.0,43014,1,0.02391676603860447,0.02391676603860447,0.5232655654149815,0.0013543094249605602,0.020594642634977744,0.00014160180004491767
S43A13T05,0.0,43014,50,0.0019256868098867536,0.0019256868098867536,0.5786450040347332,0.0011812099076481326,0.020594642634977744,0.00014160180004491767
S43A13T05,0.0,43014,100,0.0015857137822279765,0.0015857137822279765,0.6258937160451387,0.0019566871389008517,0.020594642634977744,0.00014160180004491767
S43A13T05,0.0,43014,150,0.001559276368903856,0.001559276368903856,0.6239163366215935,0.0020951949606455374,0.020594642634977744,0.00014160180004491767
S43A13T05,0.0,43014,200,0.001539220069479668,0.001539220069479668,0.6231749072002111,0.0021483794465105266,0.020594642634977744,0.00014160180004491767
S43A13T05,0.0,43014,250,0.0015419778297083497,0.0015419778297083497,0.6196059014766254,0.0019547758712247045,0.020594642634977744,0.00014160180004491767
S43A13T05,0.0,43014,300,0.0014778096571979396,0.0014778096571979396,0.6238021772367012,0.002142745616275155,0.020594642634977744,0.00014160180004491767
S43A13T05,0.01,43013,1,0.0572382040369265,0.05359836431710505,0.36260626735530593,0.013122537907809597,0.0020881429487786636,0.0004456940656946751
S43A13T05,0.01,43013,50,0.0033259941140245416,0.0024583332528653403,0.08123868694040647,0.0019214449989787528,0.29739905305507347,0.023612641450650396
S43A13T05,0.01,43013,100,0.002705498218956996,0.0017855260750861961,0.0785085146704791,0.00143313119677369,0.34594947731830467,0.09885891823740482
S43A13T05,0.01,43013,150,0.002580084097140504,0.0016811992078952119,0.07372882057435888,0.001692861923431567,0.34046029553417867,0.1258577920248536
S43A13T05,0.01,43013,200,0.0024972198269597326,0.0016249609477137054,0.07157638062518629,0.0020247218740280346,0.3363006116481015,0.12084028995532588
S43A13T05,0.01,43013,250,0.002462949122647801,0.0016051145421098346,0.07053600133060854,0.0022035387045882147,0.3325842476856092,0.11701260375873163
S43A13T05,0.01,43013,300,0.0024457533987075927,0.0015866269016163266,0.0708856274325617,0.002116113603977315,0.3316611286195375,0.11498799629971841
S43A13T05,0.01,43014,1,0.02915297706824279,0.02391676603860447,0.5232655654149815,0.0013543094249605602,0.020594642634977744,0.00014160180004491767
S43A13T05,0.01,43014,50,0.0029560214878741075,0.002159921658487505,0.07510704342014181,0.0011654713257578746,0.27080421894258483,0.01678350196516817
S43A13T05,0.01,43014,100,0.0025371760350559667,0.0016679048442533979,0.07571684444376553,0.0021220726601069773,0.34272008647693836,0.0757086650571128
S43A13T05,0.01,43014,150,0.0024919963865240617,0.0016386295509527322,0.07031756109995212,0.0021874713835428696,0.3336314425162277,0.11464060893664303
S43A13T05,0.01,43014,200,0.0024698267072055845,0.0016211891860281125,0.06995998950453634,0.002222056074290867,0.333009797236591,0.11351459033415907
S43A13T05,0.01,43014,250,0.0024717557510134432,0.001629819185211075,0.06946925432120966,0.0020300394137893235,0.33169537986126796,0.11204444519035528
S43A13T05,0.01,43014,300,0.00240387040882965,0.0015604749292756545,0.06966367518316198,0.0022617617573577366,0.3324323310207719,0.11125373286294098
S43A13T05,0.1,43013,1,0.08999087094007432,0.05359836431710505,0.36260626735530593,0.013122537907809597,0.0020881429487786636,0.0004456940656946751
S43A13T05,0.1,43013,50,0.007559852267610119,0.005308507358546888,0.021717746603076026,0.0034709704824196323,0.26213878674650454,0.01864666525678173
S43A13T05,0.1,43013,100,0.006266051086624208,0.004318606127210884,0.01792025081420885,0.0031714760910248867,0.2731406302655885,0.09639105405563135
S43A13T05,0.1,43013,150,0.00524942765657487,0.003510415621481106,0.013409335674343685,0.003344136719377397,0.2899580995613889,0.33564129050948216
S43A13T05,0.1,43013,200,0.0048683073110831945,0.0029811315929345592,0.011687426398384639,0.003945667175799868,0.31603166079121675,0.6473732404730518
S43A13T05,0.1,43013,250,0.004748933006309005,0.0028535830287894502,0.011057445755848931,0.0036968718193427126,0.31752932913271475,0.7208837508279627
S43A13T05,0.1,43013,300,0.0045545118144296225,0.002760522381574751,0.009957059285447602,0.0035989913864811467,0.31300625895477996,0.7309929645498215
S43A13T05,0.1,43014,1,0.07625906674041577,0.02391676603860447,0.5232655654149815,0.0013543094249605602,0.020594642634977744,0.00014160180004491767
S43A13T05,0.1,43014,50,0.007240106682359601,0.004710308427146378,0.024664181661013765,0.0030148817314488772,0.22942023435299974,0.010289248362057949
S43A13T05,0.1,43014,100,0.005963081878234599,0.004275152688656953,0.015792408002569692,0.004032254688229369,0.24704288126712515,0.043661554311671534
S43A13T05,0.1,43014,150,0.005245061675383066,0.003658841621855905,0.013701571766821725,0.004887889010416161,0.2686519803370116,0.14031878870712514
S43A13T05,0.1,43014,200,0.004779591841053587,0.003270705764139839,0.010471360029562915,0.004921091300177666,0.2902041409881054,0.3835187468568692
S43A13T05,0.1,43014,250,0.004278743730633009,0.002807735473461314,0.008676506307408098,0.0037401662003465693,0.30396585726228864,0.5355593787011905
S43A13T05,0.1,43014,300,0.004012621353258983,0.002654933909187019,0.007618208269215428,0.003482031574631302,0.2983732821868321,0.5312089731854247
S43A13T05,1.0,43013,1,0.41751753997155255,0.05359836431710505,0.36260626735530593,0.013122537907809597,0.0020881429487786636,0.0004456940656946751
S43A13T05,1.0,43013,50,0.29379334257508705,0.21533001569331578,0.06836686087238651,0.10081233677919005,0.1495585930974892,0.0002764721559524739
S43A13T05,1.0,43013,100,0.2724023490034503,0.20471853037605248,0.05814641513280319,0.09517864573032521,0.18139187325915787,0.0013997342362646397
S43A13T05,1.0,43013,150,0.24596769473964109,0.18832711107375366,0.0491249127513665,0.08489936630040312,0.19395448228999493,0.006338836251639217
S43A13T05,1.0,43013,200,0.2162132333928552,0.16836314656847487,0.040554860673310406,0.07249692487189588,0.21080380682010977,0.024453283198303474
S43A13T05,1.0,43013,250,0.18987287183622684,0.15007502297390637,0.03353672345378133,0.06164718205083117,0.22773449731036957,0.07363375372498877
S43A13T05,1.0,43013,300,0.1699361219774124,0.13597373775915816,0.028421890662247238,0.05350418677421961,0.24173510853199034,0.1659013677318429
S43A13T05,1.0,43014,1,0.5473199634621455,0.02391676603860447,0.5232655654149815,0.0013543094249605602,0.020594642634977744,0.00014160180004491767
S43A13T05,1.0,43014,50,0.0169612091031287,0.011458295227880997,0.005287773549444045,0.0018562070155337463,0.22475644926675706,0.0070439793236105955
S43A13T05,1.0,43014,100,0.012901134653335436,0.009530047315794323,0.002976520820298211,0.003589431154165665,0.20867747133220552,0.014755654693114129
S43A13T05,1.0,43014,150,0.01143176638352679,0.008723254221169907,0.0022708500465405306,0.00393596432198939,0.19784331767101507,0.0242813518503095
S43A13T05,1.0,43014,200,0.01073049510565839,0.008086650217163493,0.0021694142147934263,0.004187491119713857,0.19419772286134296,0.03626178944395238
S43A13T05,1.0,43014,250,0.010379773053331293,0.007728421329876726,0.00216646706611111,0.004134870488145898,0.19777878247753877,0.051619730281113295
S43A13T05,1.0,43014,300,0.010037839110312226,0.007448028036553633,0.0021058291658842365,0.00391697735530095,0.2035683066580044,0.07192734167846104
S43A13T05,10.0,43013,1,3.692784230286334,0.05359836431710505,0.36260626735530593,0.013122537907809597,0.0020881429487786636,0.0004456940656946751
S43A13T05,10.0,43013,50,0.08797813877779907,0.018550035889575774,0.006545719623344615,0.003932933175949257,0.25935021092144744,0.012038457735755912
S43A13T05,10.0,43013,100,0.050246113737486574,0.01750565603334245,0.002922384697821512,0.003472622523445447,0.22466276262376658,0.021521926221171894
S43A13T05,10.0,43013,150,0.031470333050901036,0.015093379359433922,0.001436118229294742,0.001965899413679205,0.20683394956160336,0.029188589884333854
S43A13T05,10.0,43013,200,0.026091525618668048,0.011926124969870099,0.0011605015782720017,0.002507201428972948,0.1924191363361301,0.033941523471374364
S43A13T05,10.0,43013,250,0.024502442701035736,0.010931442431728604,0.001083548097136315,0.0026759677792447807,0.19185246294266312,0.04036627240493306
S43A13T05,10.0,43013,300,0.02327230903558375,0.011001436451775157,0.0009811822403408253,0.0023894608536039583,0.1967405490439534,0.049915271891987356
S43A13T05,10.0,43014,1,5.257928930679443,0.02391676603860447,0.5232655654149815,0.0013543094249605602,0.020594642634977744,0.00014160180004491767
S43A13T05,10.0,43014,50,0.09977696910436655,0.02375272203452144,0.0075173968862083254,0.0008087271365370107,0.30765304851130965,0.010785766373700748
S43A13T05,10.0,43014,100,0.05884172365440578,0.021302593464126548,0.0035763697155188293,0.001725568559212161,0.2666760720198426,0.023196868676790255
S43A13T05,10.0,43014,150,0.03500847814909684,0.01745304186677773,0.0016068410975053125,0.001435301698285189,0.22982832497205952,0.028740776483588564
S43A13T05,10.0,43014,200,0.02818689839069144,0.014660008563846492,0.0011786775794339875,0.0016832477765981073,0.220591979421779,0.03480705796478533
S43A13T05,10.0,43014,250,0.025440846077506456,0.013295701556675492,0.001017475095047634,0.0019074164919777859,0.21572522706101152,0.04140455567073547
S43A13T05,10.0,43014,300,0.02365256134618553,0.012957238929579618,0.0008880431442229987,0.0017449389303950517,0.21466212007080065,0.04848583197379482
