trial,start_frame0,end_frame0,frames,nominal_span_s
S43A10T01,0,179,180,5.966666666666667
S43A10T02,23,26,4,0.1
S43A10T02,115,127,13,0.4
S43A10T02,138,142,5,0.13333333333333333
S43A10T02,149,154,6,0.16666666666666666
S43A10T03,51,54,4,0.1
S43A10T03,56,58,3,0.06666666666666667
S43A10T03,59,61,3,0.06666666666666667
S43A10T03,109,120,12,0.36666666666666664
S43A10T03,134,135,2,0.03333333333333333
S43A10T03,147,148,2,0.03333333333333333
S43A10T03,172,196,25,0.8
S43A10T04,32,33,2,0.03333333333333333
S43A10T04,36,39,4,0.1
S43A10T04,43,44,2,0.03333333333333333
S43A10T04,45,48,4,0.1
S43A10T04,50,51,2,0.03333333333333333
S43A10T04,99,100,2,0.03333333333333333
S43A10T04,103,104,2,0.03333333333333333
S43A10T04,105,107,3,0.06666666666666667
S43A10T05,93,102,10,0.3
S43A10T05,151,152,2,0.03333333333333333
S43A10T05,161,162,2,0.03333333333333333
S43A11T01,0,4,5,0.13333333333333333
S43A11T01,25,27,3,0.06666666666666667
S43A11T01,40,43,4,0.1
S43A11T01,66,67,2,0.03333333333333333
S43A11T01,107,114,8,0.23333333333333334
S43A11T01,213,214,2,0.03333333333333333
S43A11T01,225,226,2,0.03333333333333333
S43A11T01,233,234,2,0.03333333333333333
S43A11T02,0,1,2,0.03333333333333333
S43A11T02,10,13,4,0.1
S43A11T02,171,173,3,0.06666666666666667
S43A11T02,174,188,15,0.4666666666666667
S43A11T02,217,218,2,0.03333333333333333
S43A11T03,37,38,2,0.03333333333333333
S43A11T03,152,153,2,0.03333333333333333
S43A11T03,154,170,17,0.5333333333333333
S43A11T03,173,174,2,0.03333333333333333
S43A11T03,176,202,27,0.8666666666666667
S43A11T04,9,10,2,0.03333333333333333
S43A11T04,44,45,2,0.03333333333333333
S43A11T04,49,50,2,0.03333333333333333
S43A11T04,115,137,23,0.7333333333333333
S43A11T04,216,217,2,0.03333333333333333
S43A11T05,0,67,68,2.2333333333333334
S43A11T05,95,96,2,0.03333333333333333
S43A11T05,97,142,46,1.5
S43A11T05,151,152,2,0.03333333333333333
S43A11T05,154,160,7,0.2
S43A12T01,8,10,3,0.06666666666666667
S43A12T01,17,18,2,0.03333333333333333
S43A12T01,26,29,4,0.1
S43A12T01,43,44,2,0.03333333333333333
S43A12T01,62,63,2,0.03333333333333333
S43A12T01,100,101,2,0.03333333333333333
S43A12T01,189,190,2,0.03333333333333333
S43A12T01,193,213,21,0.6666666666666666
S43A12T01,216,220,5,0.13333333333333333
S43A12T02,0,53,54,1.7666666666666666
S43A12T02,56,57,2,0.03333333333333333
S43A12T02,65,67,3,0.06666666666666667
S43A12T02,68,73,6,0.16666666666666666
S43A12T02,74,79,6,0.16666666666666666
S43A12T02,116,117,2,0.03333333333333333
S43A12T02,118,122,5,0.13333333333333333
S43A12T02,129,130,2,0.03333333333333333
S43A12T02,161,165,5,0.13333333333333333
S43A12T02,210,211,2,0.03333333333333333
S43A12T03,1,2,2,0.03333333333333333
S43A12T03,6,7,2,0.03333333333333333
S43A12T03,8,22,15,0.4666666666666667
S43A12T03,24,27,4,0.1
S43A12T03,28,29,2,0.03333333333333333
S43A12T03,30,31,2,0.03333333333333333
S43A12T03,32,33,2,0.03333333333333333
S43A12T03,55,56,2,0.03333333333333333
S43A12T03,59,60,2,0.03333333333333333
S43A12T03,63,64,2,0.03333333333333333
S43A12T03,68,69,2,0.03333333333333333
S43A12T03,71,73,3,0.06666666666666667
S43A12T03,74,75,2,0.03333333333333333
S43A12T03,76,77,2,0.03333333333333333
S43A12T03,78,82,5,0.13333333333333333
S43A12T03,207,213,7,0.2
S43A12T03,214,239,26,0.8333333333333334
S43A12T04,19,20,2,0.03333333333333333
S43A12T04,34,35,2,0.03333333333333333
S43A12T04,36,37,2,0.03333333333333333
S43A12T04,41,42,2,0.03333333333333333
S43A12T04,59,61,3,0.06666666666666667
S43A12T04,68,73,6,0.16666666666666666
S43A12T04,74,76,3,0.06666666666666667
S43A12T04,119,123,5,0.13333333333333333
S43A12T04,198,232,35,1.1333333333333333
S43A12T05,0,61,62,2.033333333333333
S43A12T05,62,63,2,0.03333333333333333
S43A12T05,91,92,2,0.03333333333333333
S43A12T05,100,111,12,0.36666666666666664
S43A12T05,117,119,3,0.06666666666666667
S43A12T05,129,130,2,0.03333333333333333
S43A13T01,35,36,2,0.03333333333333333
S43A13T02,225,226,2,0.03333333333333333
S43A13T03,70,71,2,0.03333333333333333
S43A13T03,167,171,5,0.13333333333333333
S43A13T03,232,233,2,0.03333333333333333
S43A13T04,10,11,2,0.03333333333333333
S43A13T04,29,30,2,0.03333333333333333
S43A13T04,34,35,2,0.03333333333333333
S43A13T04,61,63,3,0.06666666666666667
S43A13T04,82,83,2,0.03333333333333333
S43A13T04,190,191,2,0.03333333333333333
S43A13T05,51,52,2,0.03333333333333333
S43A13T05,120,121,2,0.03333333333333333
S43A13T05,133,134,2,0.03333333333333333
S43A14T01,0,64,65,2.1333333333333333
S43A14T01,65,68,4,0.1
S43A14T01,93,99,7,0.2
S43A14T01,139,140,2,0.03333333333333333
S43A14T02,0,109,110,3.6333333333333333
S43A14T02,140,151,12,0.36666666666666664
S43A14T02,158,165,8,0.23333333333333334
S43A14T02,168,188,21,0.6666666666666666
S43A14T02,191,196,6,0.16666666666666666
S43A14T02,197,199,3,0.06666666666666667
S43A14T02,200,209,10,0.3
S43A14T03,0,90,91,3.0
S43A14T03,92,93,2,0.03333333333333333
S43A14T03,138,141,4,0.1
S43A14T03,147,198,52,1.7
S43A14T03,200,202,3,0.06666666666666667
S43A14T03,203,204,2,0.03333333333333333
S43A14T03,205,208,4,0.1
S43A14T03,209,210,2,0.03333333333333333
S43A14T03,276,277,2,0.03333333333333333
S43A14T04,0,80,81,2.6666666666666665
S43A14T04,81,82,2,0.03333333333333333
S43A14T04,115,118,4,0.1
S43A14T04,123,132,10,0.3
S43A14T05,0,69,70,2.3
S43A14T05,107,108,2,0.03333333333333333
S43A14T05,110,121,12,0.36666666666666664
S43A14T05,241,242,2,0.03333333333333333
