trial,trunk_shoulder_midpoint,head_neck_midpoint,foot_point
S43A10T01,0.01594045778149836,0.002266896898633917,0.0019035893141873758
S43A10T02,0.019269361833258673,0.0027278001335959944,0.0023143691038628993
S43A10T03,0.01899974441534799,0.0028667819452761773,0.002427307715134203
S43A10T04,0.02023025269637133,0.0027815488423512573,0.0023155672460118135
S43A10T05,0.020515156737432053,0.0028269540257256903,0.0023755377027193936
S43A11T01,0.01969422468166512,0.002722684953842648,0.0022624414758266997
S43A11T02,0.019556358393044364,0.0027086126825708067,0.0022822938296003497
S43A11T03,0.023323316147078964,0.002757542727131427,0.0022675815416199428
S43A11T04,0.01955076298758085,0.0027244415187506863,0.002305050572016069
S43A11T05,0.02015756749111066,0.002757266864057539,0.002327736070150428
S43A12T01,0.01882354935660134,0.0027575915223911457,0.002342982655531199
S43A12T02,0.017827872570079648,0.002776824345133961,0.0023585379141985844
S43A12T03,0.019030877464440408,0.002742727015969294,0.002316386924732234
S43A12T04,0.018538745374509526,0.0027466882065326076,0.0023295229858110653
S43A12T05,0.01869735142977036,0.002855085373337737,0.0024110918472051274
S43A13T01,0.021517918071043786,0.0028573578518990405,0.0023629395327210007
S43A13T02,0.01959225982698596,0.002794633822353995,0.002373009570420098
S43A13T03,0.01822723320962039,0.0028384003798030783,0.00241039385331976
S43A13T04,0.018510187499454822,0.002807251247124337,0.002353629195410133
S43A13T05,0.01884644118021494,0.002728183020177085,0.0022917258602343773
S43A14T01,0.02230845016408564,0.002792363950564198,0.0023606120597009345
S43A14T02,0.017629858857705058,0.0026828382810452356,0.0022453093467977654
S43A14T03,0.01997510182861419,0.0028451455319394516,0.0023998683569401266
S43A14T04,0.019823413238550053,0.0028048677012543215,0.0023224135733925107
S43A14T05,0.01935102449913173,0.0029977352210029955,0.0024994816631964175
