trial,frames,distinct_rows,adjacent_repeat_transitions,repeat_transition_percent,longest_constant_run_frames,longest_constant_run_span_s,longest_run_start_frame0,longest_run_end_frame0,max_normalized_limb_spread
S43A10T01,182,3,179,98.89502762430939,180,5.966666666666667,0,179,1.4114716798685478e-06
S43A10T02,156,132,24,15.483870967741936,13,0.4,115,127,1.5169087808075687e-06
S43A10T03,241,197,44,18.333333333333332,25,0.8,172,196,1.60144249283789e-06
S43A10T04,242,229,13,5.394190871369295,4,0.1,36,39,1.7262918432514596e-06
S43A10T05,242,231,11,4.564315352697095,10,0.3,93,102,2.261642928158558e-06
S43A11T01,241,221,20,8.333333333333334,8,0.23333333333333334,107,114,2.256145765766604e-06
S43A11T02,302,281,21,6.976744186046512,15,0.4666666666666667,174,188,1.6532183456652305e-06
S43A11T03,241,196,45,18.75,27,0.8666666666666667,176,202,2.1072711819947187e-06
S43A11T04,242,216,26,10.78838174273859,23,0.7333333333333333,115,137,2.42708806630354e-06
S43A11T05,241,121,120,50.0,68,2.2333333333333334,0,67,2.156397083785677e-06
S43A12T01,241,207,34,14.166666666666666,21,0.6666666666666666,193,213,2.1401647958274594e-06
S43A12T02,242,165,77,31.95020746887967,54,1.7666666666666666,0,53,2.0111357545982145e-06
S43A12T03,241,176,65,27.083333333333332,26,0.8333333333333334,214,239,2.502366470702455e-06
S43A12T04,241,190,51,21.25,35,1.1333333333333333,198,232,2.625269763578686e-06
S43A12T05,197,120,77,39.285714285714285,62,2.033333333333333,0,61,1.9790794472118733e-06
S43A13T01,241,240,1,0.4166666666666667,2,0.03333333333333333,35,36,1.7651453628753089e-06
S43A13T02,241,240,1,0.4166666666666667,2,0.03333333333333333,225,226,1.2963299811374895e-06
S43A13T03,241,235,6,2.5,5,0.13333333333333333,167,171,1.9176545454913096e-06
S43A13T04,242,235,7,2.904564315352697,3,0.06666666666666667,61,63,1.979531663698353e-06
S43A13T05,242,239,3,1.2448132780082988,2,0.03333333333333333,51,52,1.706335091666844e-06
S43A14T01,260,186,74,28.571428571428573,65,2.1333333333333333,0,64,1.968047396605499e-06
S43A14T02,302,139,163,54.15282392026578,110,3.6333333333333333,0,109,2.2044747705063372e-06
S43A14T03,279,126,153,55.03597122302158,91,3.0,0,90,2.4121817594480177e-06
S43A14T04,296,203,93,31.52542372881356,81,2.6666666666666665,0,80,2.2787985203276406e-06
S43A14T05,244,162,82,33.74485596707819,70,2.3,0,69,1.674321020939118e-06
