trial,activity,description,bytes,sha256,source_member,status,frames,columns,first_to_last_s,n_over_fps_s,nonfinite_values,zero_values,exact_duplicate_rows,max_joint_step_m,max_joint_step_joint,max_step_from_frame0,max_step_to_frame0,max_pelvis_step_m,max_com_step_m,steps_any_joint_over_threshold,flagged_destination_frames,limb_scale_range_pct,max_limb_cv_pct,min_limb_correlation,max_normalized_limb_spread,head_ankle_angle_to_camera_minus_y_start_deg,head_ankle_angle_to_camera_minus_y_end_deg,head_ankle_angle_min_deg,eye_foot_distance_start_m,eye_foot_distance_max_m,max_eye_foot_over_reported_stature,com_minus_equal_joint_centroid_median_m,com_minus_equal_joint_centroid_max_m,com_camera_x_range_m,com_camera_y_range_m,com_camera_z_range_m,com_camera_minus_y_change_end_m
S43A10T01,A10,Backfall,317476,10027a97c2e9473dfeded42e0f20fca636849c629208654206a736d707281a9d,S43_FallSamples/S43A10T01.csv,numeric,182,96,6.033333333333333,6.066666666666666,0,0,179,0.22250158528856304,thumb_right,179,180,0.02592432417252087,0.029288785925858412,1,2,9.11928965316713,0.6236535961118261,0.9999999998879053,1.4114716798685478e-06,11.636204950129878,14.528181051439555,11.1880791778713,1.2914389619608668,1.2914389619608668,0.7944383378204152,0.052312620621402905,0.052312620621402905,0.027597186005026364,0.00814951875801101,0.029917379020609758,0.004754124648180397
S43A10T02,A10,Backfall,273030,105d5a9e2e719e12469d9f74bb8a9ce2195e6fb4c0efd14c14d6b971b89f98be,S43_FallSamples/S43A10T02.csv,numeric,156,96,5.166666666666667,5.2,0,0,24,1.1364309563944346,eye_right,114,115,0.4188511801134568,0.49411247980672507,6,8,10.808106890008862,2.59593296437811,0.999999999837308,1.5169087808075687e-06,6.675390412908347,79.99028454475155,0.5245810424443005,1.5607782632314375,1.6703882917065669,1.0275518526738232,0.04469204653031439,0.14882704251420653,0.7910560591561826,0.5690185015395448,0.8433338603030252,-0.5420088785504115
S43A10T03,A10,Backfall,418435,ef370063e635e8d5408f9c64b02560c80519ac79ce209c88e6d3ad1a4475466a,S43_FallSamples/S43A10T03.csv,numeric,241,96,8.0,8.033333333333333,0,0,44,1.174255496944228,ear_left,108,109,0.5016673724790313,0.5655009724593212,19,29,29.649890925717305,3.39971555290306,0.9999999999147918,1.60144249283789e-06,5.414719937374491,44.319782090272064,1.0093001854955834,1.5786501784395446,1.6417197969289474,1.0099162136620001,0.04720207638000907,0.11149062859576662,0.726240373147418,0.5773654203878419,0.7988812697473762,-0.4358359291415564
S43A10T04,A10,Backfall,420015,ef2fdcb68918982c8f8264e3333dd03de386366d12d6c1536be018e31c934e1b,S43_FallSamples/S43A10T04.csv,numeric,242,96,8.033333333333333,8.066666666666666,0,0,13,0.4961265279221032,foot_right,104,105,0.1502114143994301,0.14848526254211727,17,26,23.080431637609333,3.79094420049321,0.9999999999300465,1.7262918432514596e-06,4.9306677406187145,10.796307988294506,0.23599528564306302,1.6005778111816258,1.6440021368702085,1.0113202121494884,0.047967125282338985,0.12105110737942112,0.7272696280705484,0.5559124326462487,0.80348904701729,-0.3825370476859168
S43A10T05,A10,Backfall,420583,429d1c598f83397b2929cdb470b56d2313e37604163bd3c2f03d63dd5c708565,S43_FallSamples/S43A10T05.csv,numeric,242,96,8.033333333333333,8.066666666666666,0,0,11,1.1289263370809581,eye_left,92,93,0.46758585715847156,0.5196143131917049,17,26,26.234184488878178,3.4669850640110407,0.9999999999103035,2.261642928158558e-06,5.50580767880665,5.855546602822292,0.24115145742570784,1.5860089646377589,1.6679203499868334,1.0260336798639478,0.0491976233434369,0.14541164187998437,0.78262298890313,0.570618295979986,0.7853751053531082,-0.022672826056331197
S43A11T01,A11,Frontfall,423205,ccfde692c9ebf514087492f5fb74fc1735ca00ee18234269ae18af2d7da19cba,S43_FallSamples/S43A11T01.csv,numeric,241,96,8.0,8.033333333333333,0,0,20,0.22631334940044562,ankle_left,146,147,0.03160181418650282,0.03570370266609816,3,3,10.022703517017684,1.6187022831668658,0.9999999994917153,2.256145765766604e-06,0.7875631578456633,6.142631227374198,0.45805119224934565,1.4863156855403201,1.631640006850557,1.0037155553952737,0.10168160236165155,0.12556085377584145,0.11374882779122641,0.044258031427094696,0.08509854319279064,-0.018383892494155868
S43A11T02,A11,Frontfall,525707,52053eedb93670867fb78c52863a4333be9eef5dbe50c1440d9935a1d23d3753,S43_FallSamples/S43A11T02.csv,numeric,302,96,10.033333333333333,10.066666666666666,0,0,21,0.708978978365939,handtip_right,173,174,0.13598258982136027,0.11867605400371743,31,48,27.387438568756316,4.570653969616923,0.99999999994978,1.6532183456652305e-06,10.830169816188347,19.375808424653766,3.3624429408090695,1.5683711634959876,1.6591239074084083,1.0206224824116685,0.07294092185095487,0.20606735367023038,0.8348119781231852,0.6250211623068902,0.945739557377141,-0.32315677550513444
S43A11T03,A11,Frontfall,420382,7ac29330969cf062dd7966e46ad96813327f1a25f25b5189a79d67a50b8b4ff2,S43_FallSamples/S43A11T03.csv,numeric,241,96,8.0,8.033333333333333,0,0,45,0.5984519672075044,hand_left,153,154,0.12491636683779415,0.09299943868056551,18,35,21.59390141868012,5.00604782843831,0.9999999999435787,2.1072711819947187e-06,5.14489563032512,57.81877734543977,2.2236725757943385,1.4296571571885892,1.6336303335399078,1.0049399197464985,0.06191581131423967,0.18956383661986007,0.8238428232320392,0.6211989128767735,0.972081087124046,-0.33712145439455343
S43A11T04,A11,Frontfall,420583,79f50aa8938cd8089f14682837f006c5f80f2aceb6909456eda5bb8c8f7d0cf1,S43_FallSamples/S43A11T04.csv,numeric,242,96,8.033333333333333,8.066666666666666,0,0,26,0.7601685654025413,handtip_right,114,115,0.09620635644770231,0.10926608973567908,18,25,41.36458691339031,3.7087860343107075,0.999999999926065,2.42708806630354e-06,2.019770610600034,45.293171015028044,1.9989247332071645,1.5498017576492227,1.6523668446732513,1.0164658247251792,0.09368312825062378,0.2006933225907987,0.8552615418195038,0.582773124445003,0.8249986186324052,-0.30543916145417627
S43A11T05,A11,Frontfall,419418,a3ecce509f7c39b1b8cd3e56051beaab75e3cf68bc1abed8be099aff641805d5,S43_FallSamples/S43A11T05.csv,numeric,241,96,8.0,8.033333333333333,0,0,120,0.8912431623009164,handtip_right,96,97,0.16252056783222474,0.1394792730559112,16,35,32.20004789309898,6.0717031978489295,0.9999999999831861,2.156397083785677e-06,8.772561480310795,9.72482884523887,8.772561480310795,1.4181554440795678,1.6533774094907085,1.0170874812319812,0.09164122580521158,0.22118469142446653,0.6973161964009005,0.5559558682526593,0.827930919407823,-0.08307469638761592
S43A12T01,A12,Leftfall,420564,86b3e2f03afbb9a1a0a7de3b065a553b1cea60a30c1649313b2ccb01ca14a97d,S43_FallSamples/S43A12T01.csv,numeric,241,96,8.0,8.033333333333333,0,0,34,0.7514565295376952,foot_right,192,193,0.42926558573767715,0.4223417246122967,14,29,53.61127699187609,6.437262312886217,0.999999999975909,2.1401647958274594e-06,9.357059655419901,2.7011568877294696,1.067870977974335,1.4706766542539655,1.5954424315026319,0.9814483461507332,0.0664436411469947,0.1681124886368351,0.5508138696479732,0.6042851689840083,0.8477802136459078,0.027606131929218708
S43A12T02,A12,Leftfall,425466,dcfee0f3536ecc29807fee65b43705e0f87d5f6932f7411b129fd70a89c8bfc4,S43_FallSamples/S43A12T02.csv,numeric,242,96,8.033333333333333,8.066666666666666,0,0,77,0.9990322673278345,foot_left,195,196,0.27493102621503845,0.28512495501877266,13,21,30.937118125825712,3.8260408181114838,0.9999999999443924,2.0111357545982145e-06,6.721428016525132,69.14524018758503,2.379302229364961,1.345590794682351,1.5671055066061481,0.964016674831538,0.06345534801662138,0.13550761333971922,0.5349455868010933,0.656516387361728,0.8822346585034504,-0.458182178395347
S43A12T03,A12,Leftfall,420302,aa676dfd80e3c299be34d20e04f99bf83a495b8666dce8e6051aad8c7f48ecc7,S43_FallSamples/S43A12T03.csv,numeric,241,96,8.0,8.033333333333333,0,0,65,0.957069951373975,foot_right,213,214,0.39731748945146067,0.32629947963934514,14,30,38.293116543869154,4.695329271094089,0.99999999995601,2.502366470702455e-06,6.486510446727333,52.332935665006566,0.6140003557131021,1.4654962113758887,1.5395871895449653,0.9470885762456726,0.06498131159527405,0.13138519000330542,0.6432861055932889,0.5428967432810579,0.7059840319398711,-0.2875145349717849
S43A12T04,A12,Leftfall,421923,e08bb11c38cc866b9bcb15a1e83729d92ca4340c87c1483af0916efadcebadd7,S43_FallSamples/S43A12T04.csv,numeric,241,96,8.0,8.033333333333333,0,0,51,0.9893329183050272,thumb_left,197,198,0.5923012662774841,0.5820364382085801,16,44,40.239090626854114,5.202676570350566,0.999999999955902,2.625269763578686e-06,9.884835760738447,2.7479153835132317,0.9495845872910669,1.3202398139486993,1.4990890876389125,0.9221758659196067,0.06642659574099069,0.17167021749949207,0.6885965815119528,0.5722962865426229,0.8064894571489105,-0.01100065704394887
S43A12T05,A12,Leftfall,342056,687a8aa54d110c7ab41da29ec82923a5f4ce4ee27b1a8a46c6da5e5b66c565a8,S43_FallSamples/S43A12T05.csv,numeric,197,96,6.533333333333333,6.566666666666666,0,0,77,0.6706483746810216,foot_right,87,88,0.22826761213937047,0.2120995222594888,14,31,34.594609935180934,5.18469513440387,0.9999999999593794,1.9790794472118733e-06,8.05219049450275,30.586568668631283,3.3313694203585156,1.5333965952832445,1.5647784692293758,0.962585180382244,0.05314480465427177,0.15045389078264876,0.5072098518526598,0.7441372042784655,0.7260642669943196,-0.4881473954755273
S43A13T01,A13,Rightfall,417575,ff6c13b9767cd03bf06658095c5f20affd45fc8b81901f916a80c9eac9968868,S43_FallSamples/S43A13T01.csv,numeric,241,96,8.0,8.033333333333333,0,0,1,0.7440444609547394,foot_right,106,107,0.1680628481168682,0.1666510989812793,28,45,44.79185848294656,4.980260436579418,0.9999999999666641,1.7651453628753089e-06,3.963247823673619,10.74371234741082,3.746735178253587,1.6058849163488498,1.6352152733970085,1.0059149073554432,0.08958857769657187,0.12951380954907898,0.8755470948775024,0.6632064914765299,0.47297700790933517,-0.0031995900018276235
S43A13T02,A13,Rightfall,418048,a1fd73a00e273d244dca9fc784c45bd50ef1af87cb941fa65b343703e438a94c,S43_FallSamples/S43A13T02.csv,numeric,241,96,8.0,8.033333333333333,0,0,1,0.883781896044004,foot_right,224,225,0.13866896104279278,0.1465276870154611,30,44,42.63834888521642,4.7206915516927275,0.9999999999695178,1.2963299811374895e-06,4.962810334395931,19.93313954487386,3.0921565073536326,1.511087953176409,1.5840357433004004,0.9744314365775102,0.09243440882728221,0.14205751511302436,0.8460715242892871,0.6247773384030472,0.5321667170015925,-0.4433808360403785
S43A13T03,A13,Rightfall,418141,96645c546cafc72dadd59702b8d16d6444a1a5a7eabc2700d252a9b36a9a8e50,S43_FallSamples/S43A13T03.csv,numeric,241,96,8.0,8.033333333333333,0,0,6,0.7437385562487971,foot_right,226,227,0.31222020173964393,0.2339990490107227,38,50,39.485354424899135,6.659568963822901,0.9999999999787065,1.9176545454913096e-06,4.499180258745402,50.706816568509545,3.0696569341169395,1.5538396978096622,1.6137497045762113,0.9927102021261143,0.07635829216753888,0.1467539514638421,0.856575459734437,0.6277463751571417,0.7652938499243827,-0.38579135309747176
S43A13T04,A13,Rightfall,417437,6ac287dbdab58ee7612f3c160bbeb0e1be1099a890e8714e8c46076c30c57ccf,S43_FallSamples/S43A13T04.csv,numeric,242,96,8.033333333333333,8.066666666666666,0,0,7,0.1819366949100351,handtip_left,102,103,0.049970402022102824,0.04349779424185255,0,1,10.816728161052458,2.5437092191508617,0.9999999998350342,1.979531663698353e-06,4.243098123995365,22.942373502714574,3.29663921726677,1.586751676970354,1.6098607215253962,0.9903178651115873,0.04685368050710914,0.13347483846585395,0.30530735241646745,0.1712171080351801,0.24412943734534576,-0.1548342925168881
S43A13T05,A13,Rightfall,417699,8fd98878123e702c0f24c76dab6f70c0b3b9d5b9d47ce73b59047a04430ad4ff,S43_FallSamples/S43A13T05.csv,numeric,242,96,8.033333333333333,8.066666666666666,0,0,3,0.4960662558566759,foot_left,223,224,0.09273606944259603,0.08357297858320553,13,15,25.156961969009185,2.379282990788618,0.9999999998622613,1.706335091666844e-06,4.848623330656329,105.82823208020856,2.653270662656285,1.5595984414597048,1.5945468009272035,0.9808973923026596,0.043052313250598766,0.13649392077781297,0.9186406869414182,0.629546706693542,0.5306288341214054,-0.48844152401689744
S43A14T01,A14,Rotatefall (turn and fall),452593,7d30ebd2c98c469cc15b77aa1c90319e70d6ac61433cb19920468071cc4e288e,S43_FallSamples/S43A14T01.csv,numeric,260,96,8.633333333333333,8.666666666666666,0,0,74,1.1969363670625754,foot_right,92,93,0.3045976573336507,0.2817864946875674,28,59,51.162348263751255,6.45931791588583,0.9999999999734858,1.968047396605499e-06,4.044094868386073,23.529177611903986,2.617461140813841,1.3984325632376564,1.625326586058749,0.999831807368817,0.06540211757125573,0.22940542226109445,0.8189189094903431,0.607252858872408,0.8505271997292896,-0.5467334728963305
S43A14T02,A14,Rotatefall (turn and fall),525341,8f622ff20f0711aed6564ec40e03feb3b309e02a2a015b594eec7c94e897ea68,S43_FallSamples/S43A14T02.csv,numeric,302,96,10.033333333333333,10.066666666666666,0,0,163,0.542104996376234,handtip_left,139,140,0.12199311910568848,0.11158922197447912,23,38,46.23278252987091,5.833573783199951,0.9999999999697909,2.2044747705063372e-06,3.949250003759557,10.266309101931698,0.6795308598398946,1.30232608674757,1.5355983164385874,0.944634791116257,0.07425622982528651,0.235892720036301,0.7980487366868799,0.5623372557875064,0.7890020597902954,-0.4894056287468922
S43A14T03,A14,Rotatefall (turn and fall),485941,5bd56fbb75c16185020910aa64421452c391dc56dc1bb02e535b194f19897aed,S43_FallSamples/S43A14T03.csv,numeric,279,96,9.266666666666667,9.3,0,0,153,0.7664062142739813,foot_left,131,132,0.1642117208936694,0.16925123280806287,17,45,37.29679048703871,7.049852355021142,0.9999999999817688,2.4121817594480177e-06,2.4119526745326825,22.52329523070812,2.4119526745326825,1.3748192701305098,1.6476852726198348,1.0135859206568867,0.06683075454873115,0.19496846591067743,0.6552823229182105,0.5766775332806657,0.9155738750326723,-0.47374409847711507
S43A14T04,A14,Rotatefall (turn and fall),514924,d7c1c514e8766184d13facadaf0faf52482de41b67877cd60a4c6fd9c196770c,S43_FallSamples/S43A14T04.csv,numeric,296,96,9.833333333333334,9.866666666666667,0,0,93,0.7491687284044766,foot_right,108,109,0.28206566633300284,0.2408858107979115,26,57,80.39580778526476,9.919270566145299,0.9999999999890644,2.2787985203276406e-06,4.504987595232093,29.16671994474931,3.9183244080281736,1.3587100363926452,1.518293159431255,0.9339893943351717,0.06684869659008186,0.17152186304933412,0.821879331421697,0.6263357394732426,0.9560717746911473,-0.5331461169196844
S43A14T05,A14,Rotatefall (turn and fall),426694,8ff88d96eccebeceb6c40a3b574e2a7b3d85e7f938a6dc47343ee0c355d39506,S43_FallSamples/S43A14T05.csv,numeric,244,96,8.1,8.133333333333333,0,0,82,0.5951600601862933,foot_left,95,96,0.1631243112736466,0.13996457599310752,29,56,50.7073966193047,7.2227954423071665,0.999999999985356,1.674321020939118e-06,4.875026509167142,13.978261418358993,4.875026509167142,1.481224702533498,1.5876761188011017,0.9766708407979219,0.14485487271610276,0.20917516291174512,0.6743118121228763,0.5322689353286921,0.8450395642629693,-0.005308625701686359
