trial,frames,median_3d_difference_m,max_3d_difference_m
S43A10T02,156,0.004479526193602008,0.004883749169816038
S43A10T03,241,0.004491055683673033,0.0050098733201649715
S43A10T04,242,0.004573697704663573,0.005049101363219407
S43A10T05,242,0.004571023529416032,0.005025730873796954
S43A11T01,241,0.004519241004861789,0.004937490376532602
S43A11T02,302,0.0044223704745142475,0.004910798822435964
S43A11T03,241,0.004458059440545688,0.00499514849009891
S43A11T04,242,0.0045835707298174915,0.0051760816357937335
S43A11T05,241,0.004412064306485624,0.00528804723611255
S43A12T01,241,0.00447594030700773,0.005168705103614833
S43A12T02,242,0.004306788377712699,0.0049916041552549705
S43A12T03,241,0.00441316479353673,0.005117786344284691
S43A12T04,241,0.004187590655242221,0.00518118792788252
S43A12T05,197,0.004507947648148481,0.005113053024901241
S43A13T01,241,0.004541050007911114,0.005139961657465358
S43A13T02,241,0.004517668052887824,0.004977551328178046
S43A13T03,241,0.004439426313361504,0.005043833555957368
S43A13T04,242,0.00489574475606761,0.005250734995306512
S43A13T05,242,0.004699993817533698,0.004999381881493056
S43A14T01,260,0.004358408728064474,0.0051150757253695485
S43A14T02,302,0.004167117489845927,0.0050327940207512
S43A14T03,279,0.004414889676768066,0.005086638319397517
S43A14T04,296,0.004448513586264132,0.004831750633052045
S43A14T05,244,0.0043467489970966215,0.005328013809543924
