trial,activity,reference_peer_trials,loo_camera_x_rmse_m,loo_camera_y_rmse_m,loo_camera_z_rmse_m,loo_3d_rmse_m,loo_apparent_contact_endpoint_error_m
S43A10T02,A10,2,0.24756908217710497,0.2217291832726219,0.24389841246282487,0.4122386648128052,0.12076668078214409
S43A10T03,A10,2,0.2818648590741061,0.2774050664916166,0.3094431508992158,0.5021518030780322,0.12046448146847374
S43A10T05,A10,2,0.12909704579556658,0.13363547797678674,0.15657561372488654,0.24298232656008487,0.03780568964718972
S43A11T02,A11,2,0.1001767061983621,0.07305810411602624,0.07696931305973741,0.14593537677571175,0.19682364554333476
S43A11T03,A11,2,0.08329905013892282,0.0734681001224353,0.06526072914946587,0.12882257666560976,0.0332311856116214
S43A11T05,A11,2,0.12184709567301297,0.12889011767272146,0.11084886302218117,0.20915747079878988,0.21467802299548566
S43A12T01,A12,3,0.14519638028370824,0.12313708851262158,0.1758384830286198,0.2591599960037479,0.1772964925158646
S43A12T02,A12,3,0.06937574262009595,0.12127706719143892,0.11296862735405377,0.17967479360473929,0.18921076363608383
S43A12T03,A12,3,0.0626857763306959,0.15533970297337127,0.0776623679002803,0.18463849344574856,0.29258824934978855
S43A12T05,A12,3,0.051821050746280996,0.07439026585188668,0.07306227190976505,0.11643637116717205,0.08630213046171076
S43A13T01,A13,2,0.15224998437457565,0.13125436949613806,0.08067798197126876,0.21660264086304123,0.18417879368409676
S43A13T02,A13,2,0.2804808344146511,0.19775964430587256,0.1059001122749301,0.3591562461795242,0.18793024501349698
S43A13T03,A13,2,0.1439323284933141,0.08264637813748052,0.03492304418468721,0.16960706948672954,0.0424765506853137
S43A14T01,A14,2,0.17010168067301332,0.12044602335768527,0.15633797392782997,0.260544407735654,0.23960277845774472
S43A14T03,A14,2,0.11149350709028741,0.11178587722952824,0.198536947937204,0.2536608053434491,0.40374179913507124
S43A14T05,A14,2,0.12637724253853574,0.07348891722274656,0.12163343522796477,0.19017497456703147,0.19952596442625212
