trial,frames,raw_flagged_frames,raw_repeat_transitions,filter_status,max_filtered_com_change_m
S43A10T02,156,8,24,available,0.24775105498870204
S43A10T03,241,29,44,available,0.27390045299298516
S43A10T04,242,26,13,available,0.10521551265180151
S43A10T05,242,26,11,available,0.25929184328132215
S43A11T01,241,3,20,available,0.02312630093222468
S43A11T02,302,48,21,available,0.10418583365662265
S43A11T03,241,35,45,available,0.09338737458713585
S43A11T04,242,25,26,available,0.08148426774990758
S43A11T05,241,35,120,available,0.1203843746418154
S43A12T01,241,29,34,available,0.19564802030258235
S43A12T02,242,21,77,available,0.19377690624739266
S43A12T03,241,30,65,available,0.14838488885095832
S43A12T04,241,44,51,available,0.2685380992592461
S43A12T05,197,31,77,available,0.22950872515810464
S43A13T01,241,45,1,available,0.15546266670035958
S43A13T02,241,44,1,available,0.07578861440688787
S43A13T03,241,50,6,available,0.15556689127609752
S43A13T04,242,1,7,available,0.017523034199051088
S43A13T05,242,15,3,available,0.08551453970542981
S43A14T01,260,59,74,available,0.1809151986586111
S43A14T02,302,38,163,available,0.07435851834193978
S43A14T03,279,45,153,available,0.1138019021574365
S43A14T04,296,57,93,available,0.18881605675729674
S43A14T05,244,56,82,available,0.09859008949635281
