held_out_trial,training_trials,physics_weight,seed,model_lateral_right_rmse_m,model_vertical_headward_rmse_m,model_forward_nose_proxy_rmse_m,model_rmse_3d_m,model_endpoint_error_m,baseline_lateral_right_rmse_m,baseline_vertical_headward_rmse_m,baseline_forward_nose_proxy_rmse_m,baseline_rmse_3d_m,baseline_endpoint_error_m,gravity_lateral_right_rmse_m,gravity_vertical_headward_rmse_m,gravity_forward_nose_proxy_rmse_m,gravity_rmse_3d_m,gravity_endpoint_error_m,physics_residual_rms_m_s2,effective_force_rms_n,held_out_duration_s,training_time_scale_s,held_out_max_abs_condition_z,final_training_total_loss,final_training_data_loss,final_training_physics_loss
S43A13T01,S43A13T02;S43A13T03;S43A13T05,0.0,43013,0.04358904485003766,0.07442024312996158,0.10495394124929097,0.13584442278658632,0.2614254039908986,0.11801534005255636,0.08125681961397195,0.04503084122300256,0.15019343488564793,0.11407250868617833,0.24223983210130023,1.0571501638726832,0.06737049269459502,1.0866394933548198,2.4929224376634544,7.55228483553177,117.99201976882361,0.7666666666666667,1.8,2.7641729009312948,0.00119457555599095,0.00119457555599095,0.3938137939170369
S43A13T01,S43A13T02;S43A13T03;S43A13T05,0.0,43014,0.1693358529462954,0.1755172205991718,0.029014034131443697,0.2456068810039497,0.3698284207074073,0.11801534005255636,0.08125681961397195,0.04503084122300256,0.15019343488564793,0.11407250868617833,0.24223983210130023,1.0571501638726832,0.06737049269459502,1.0866394933548198,2.4929224376634544,7.736728539800859,158.46260781545243,0.7666666666666667,1.8,2.7641729009312948,0.0011791975783359357,0.0011791975783359357,0.26048894841101516
S43A13T01,S43A13T02;S43A13T03;S43A13T05,0.01,43013,0.0457716134703774,0.0740504794564373,0.09986079940782602,0.13247902990956698,0.2504862266808445,0.11801534005255636,0.08125681961397195,0.04503084122300256,0.15019343488564793,0.11407250868617833,0.24223983210130023,1.0571501638726832,0.06737049269459502,1.0866394933548198,2.4929224376634544,2.4538911121522005,374.0804519238487,0.7666666666666667,1.8,2.7641729009312948,0.0011875071876615137,0.0011459901382388136,0.0010191980484908927
S43A13T01,S43A13T02;S43A13T03;S43A13T05,0.01,43014,0.16997023541760828,0.17432127196945105,0.02915547388179879,0.24520976417393486,0.36738480003761304,0.11801534005255636,0.08125681961397195,0.04503084122300256,0.15019343488564793,0.11407250868617833,0.24223983210130023,1.0571501638726832,0.06737049269459502,1.0866394933548198,2.4929224376634544,3.9572885612046376,323.01301359343745,0.7666666666666667,1.8,2.7641729009312948,0.0012332046848369496,0.0011899179043153342,0.0011446534360172037
S43A13T01,S43A13T02;S43A13T03;S43A13T05,0.1,43013,0.043545488490270616,0.06218259036765554,0.08247977067168602,0.11209726438563011,0.2258541040503439,0.11801534005255636,0.08125681961397195,0.04503084122300256,0.15019343488564793,0.11407250868617833,0.24223983210130023,1.0571501638726832,0.06737049269459502,1.0866394933548198,2.4929224376634544,2.715535711699257,380.1547641542361,0.7666666666666667,1.8,2.7641729009312948,0.0012077926140371508,0.001127477840395807,0.000255568357710564
S43A13T01,S43A13T02;S43A13T03;S43A13T05,0.1,43014,0.16432407825082088,0.16597699435778665,0.03123755711596429,0.23564072297376734,0.34187864320126166,0.11801534005255636,0.08125681961397195,0.04503084122300256,0.15019343488564793,0.11407250868617833,0.24223983210130023,1.0571501638726832,0.06737049269459502,1.0866394933548198,2.4929224376634544,4.187534704398248,371.4312475915486,0.7666666666666667,1.8,2.7641729009312948,0.0012898497379237894,0.0012214108602175116,0.00012178879475636561
S43A13T01,S43A13T02;S43A13T03;S43A13T05,1.0,43013,0.05202237327978253,0.10025448398501619,0.08770870033856068,0.14300386356963343,0.22259307616438845,0.11801534005255636,0.08125681961397195,0.04503084122300256,0.15019343488564793,0.11407250868617833,0.24223983210130023,1.0571501638726832,0.06737049269459502,1.0866394933548198,2.4929224376634544,2.925128628977784,364.4266586259886,0.7666666666666667,1.8,2.7641729009312948,0.0015044328545006757,0.0013926362274415199,6.53045216419893e-05
S43A13T01,S43A13T02;S43A13T03;S43A13T05,1.0,43014,0.1735401066236493,0.18077279568826965,0.04958419085144424,0.25544777205975566,0.3778587446398874,0.11801534005255636,0.08125681961397195,0.04503084122300256,0.15019343488564793,0.11407250868617833,0.24223983210130023,1.0571501638726832,0.06737049269459502,1.0866394933548198,2.4929224376634544,3.8619108535244915,387.8982222229192,0.7666666666666667,1.8,2.7641729009312948,0.00139447301866169,0.0013080101284751414,3.5520263110135505e-05
S43A13T01,S43A13T02;S43A13T03;S43A13T05,10.0,43013,0.09186025031052032,0.058132536560190344,0.04375057982719119,0.11718280859088823,0.19351697846693813,0.11801534005255636,0.08125681961397195,0.04503084122300256,0.15019343488564793,0.11407250868617833,0.24223983210130023,1.0571501638726832,0.06737049269459502,1.0866394933548198,2.4929224376634544,2.0064660702601316,385.5431608144137,0.7666666666666667,1.8,2.7641729009312948,0.0023220983135045065,0.0022000649516048915,8.417356214883487e-06
S43A13T01,S43A13T02;S43A13T03;S43A13T05,10.0,43014,0.1687581924969853,0.21024128037477485,0.034591686163428496,0.27180380471969734,0.3952895723994331,0.11801534005255636,0.08125681961397195,0.04503084122300256,0.15019343488564793,0.11407250868617833,0.24223983210130023,1.0571501638726832,0.06737049269459502,1.0866394933548198,2.4929224376634544,3.974337214642031,317.99695298470795,0.7666666666666667,1.8,2.7641729009312948,0.0022603958992271447,0.0022033314782915797,3.070473445837322e-06
S43A13T02,S43A13T01;S43A13T03;S43A13T05,0.0,43013,0.48859934263701293,0.7751406251977565,0.16946334241042138,0.9318208684496188,1.9485015546067712,0.29594614197155955,0.18669161807835405,0.08731559330590478,0.360640946154103,0.22112640612585502,0.4155608232729984,7.312806699229493,0.17589238102334692,7.326716232244643,16.218210133450164,8.990259777145209,253.75793617078267,1.8,0.9,21.02394268764406,0.00034614503376443625,0.00034614503376443625,0.28613432617109075
S43A13T02,S43A13T01;S43A13T03;S43A13T05,0.0,43014,1.004593801684996,1.5953644361755992,0.1491220024921534,1.8911990276607777,4.188874252085943,0.29594614197155955,0.18669161807835405,0.08731559330590478,0.360640946154103,0.22112640612585502,0.4155608232729984,7.312806699229493,0.17589238102334692,7.326716232244643,16.218210133450164,12.23516509430989,251.62758819986402,1.8,0.9,21.02394268764406,0.0003624637790909677,0.0003624637790909677,0.4334690936537216
S43A13T02,S43A13T01;S43A13T03;S43A13T05,0.01,43013,0.29785438032849504,0.4505888739309205,0.17299180766530836,0.5671628784665986,1.1173251371497284,0.29594614197155955,0.18669161807835405,0.08731559330590478,0.360640946154103,0.22112640612585502,0.4155608232729984,7.312806699229493,0.17589238102334692,7.326716232244643,16.218210133450164,3.6936044952674845,449.4984280996174,1.8,0.9,21.02394268764406,0.000457773980133913,0.00039786456670050526,0.002055161511107866
S43A13T02,S43A13T01;S43A13T03;S43A13T05,0.01,43014,0.8595673722637232,1.119928081643263,0.18221059847971563,1.423480129018968,3.1468142971804207,0.29594614197155955,0.18669161807835405,0.08731559330590478,0.360640946154103,0.22112640612585502,0.4155608232729984,7.312806699229493,0.17589238102334692,7.326716232244643,16.218210133450164,4.6615796446868725,304.9975581152868,1.8,0.9,21.02394268764406,0.0004576237528248604,0.0003995193084061198,0.0019771807225677927
S43A13T02,S43A13T01;S43A13T03;S43A13T05,0.1,43013,0.5731639526039933,0.41188297699313187,0.16204029141028833,0.724169565324095,1.5830497069670035,0.29594614197155955,0.18669161807835405,0.08731559330590478,0.360640946154103,0.22112640612585502,0.4155608232729984,7.312806699229493,0.17589238102334692,7.326716232244643,16.218210133450164,3.5031638903106717,484.1659240364855,1.8,0.9,21.02394268764406,0.0004976533250234541,0.00044331834617400206,8.195113914267832e-05
S43A13T02,S43A13T01;S43A13T03;S43A13T05,0.1,43014,0.7095153910194607,0.3783081597122474,0.19304766235863904,0.826919919786977,1.792692792880047,0.29594614197155955,0.18669161807835405,0.08731559330590478,0.360640946154103,0.22112640612585502,0.4155608232729984,7.312806699229493,0.17589238102334692,7.326716232244643,16.218210133450164,5.674717489030249,313.65869807857666,1.8,0.9,21.02394268764406,0.0005147468529940202,0.00047259017949226627,0.00010180088939466848
S43A13T02,S43A13T01;S43A13T03;S43A13T05,1.0,43013,0.6292614946894138,0.4742917560167681,0.13185067615406382,0.7989413616320715,1.8548219615402002,0.29594614197155955,0.18669161807835405,0.08731559330590478,0.360640946154103,0.22112640612585502,0.4155608232729984,7.312806699229493,0.17589238102334692,7.326716232244643,16.218210133450164,5.097833119200587,334.73266941144465,1.8,0.9,21.02394268764406,0.0005935636401197661,0.0005638888455046315,6.439903026168185e-06
S43A13T02,S43A13T01;S43A13T03;S43A13T05,1.0,43014,0.6959659591553023,0.6804608217231589,0.11267469091909615,0.9798424017038815,2.2096543224482947,0.29594614197155955,0.18669161807835405,0.08731559330590478,0.360640946154103,0.22112640612585502,0.4155608232729984,7.312806699229493,0.17589238102334692,7.326716232244643,16.218210133450164,5.55455734390522,290.5701853142551,1.8,0.9,21.02394268764406,0.0005476015599132465,0.0005155451489107978,4.748813011858999e-06
S43A13T02,S43A13T01;S43A13T03;S43A13T05,10.0,43013,0.5998724219095464,0.7541851449864032,0.10560041464257329,0.9694295245444459,2.2662286190809016,0.29594614197155955,0.18669161807835405,0.08731559330590478,0.360640946154103,0.22112640612585502,0.4155608232729984,7.312806699229493,0.17589238102334692,7.326716232244643,16.218210133450164,4.98730579224059,321.2576882070251,1.8,0.9,21.02394268764406,0.0007980140377224852,0.0007201430649657808,5.494786893362945e-06
S43A13T02,S43A13T01;S43A13T03;S43A13T05,10.0,43014,0.6350839330559831,0.3762751595095752,0.22224813878787,0.7709142837465688,1.6623723252877403,0.29594614197155955,0.18669161807835405,0.08731559330590478,0.360640946154103,0.22112640612585502,0.4155608232729984,7.312806699229493,0.17589238102334692,7.326716232244643,16.218210133450164,5.517705856244366,304.3784251083926,1.8,0.9,21.02394268764406,0.0013705240943951774,0.0012840597244643721,6.535552706760599e-06
S43A13T03,S43A13T01;S43A13T02;S43A13T05,0.0,43013,0.09143495381735746,0.12759053343645838,0.06326019000071821,0.16923813589468914,0.22796712269916314,0.09980033167107356,0.05100468885439197,0.05306909284642164,0.12400771388237003,0.05363683052616219,0.11325970305012296,0.6616117040232734,0.05567617211994643,0.6735411222616713,1.5646278065232389,11.126114452506012,120.01708872476007,0.6,1.8,1.6990477438059155,0.0011838924954877899,0.0011838924954877899,0.4168101901452897
S43A13T03,S43A13T01;S43A13T02;S43A13T05,0.0,43014,0.02712315247866231,0.08059010386179012,0.020698330467534803,0.08751486230908533,0.04981336758404381,0.09980033167107356,0.05100468885439197,0.05306909284642164,0.12400771388237003,0.05363683052616219,0.11325970305012296,0.6616117040232734,0.05567617211994643,0.6735411222616713,1.5646278065232389,5.928446863005959,250.29853193179162,0.6,1.8,1.6990477438059155,0.0011999628821712717,0.0011999628821712717,0.18362012581675116
S43A13T03,S43A13T01;S43A13T02;S43A13T05,0.01,43013,0.09078395415446835,0.1274450733295124,0.062270588562321635,0.16840902365307908,0.2248420976132539,0.09980033167107356,0.05100468885439197,0.05306909284642164,0.12400771388237003,0.05363683052616219,0.11325970305012296,0.6616117040232734,0.05567617211994643,0.6735411222616713,1.5646278065232389,3.364918391775067,362.38247386591615,0.6,1.8,1.6990477438059155,0.0012357523002749543,0.0011904099647528346,0.001311400818976935
S43A13T03,S43A13T01;S43A13T02;S43A13T05,0.01,43014,0.027418569345247713,0.08073135549126143,0.019625270534990205,0.08748989054724059,0.04760050356850698,0.09980033167107356,0.05100468885439197,0.05306909284642164,0.12400771388237003,0.05363683052616219,0.11325970305012296,0.6616117040232734,0.05567617211994643,0.6735411222616713,1.5646278065232389,1.2267047002871116,495.4922161402332,0.6,1.8,1.6990477438059155,0.0012441995292516834,0.0011983186777230362,0.001331582213433459
S43A13T03,S43A13T01;S43A13T02;S43A13T05,0.1,43013,0.08284695117210832,0.12555923352969733,0.05597706827942158,0.16050598311663586,0.20092237941702323,0.09980033167107356,0.05100468885439197,0.05306909284642164,0.12400771388237003,0.05363683052616219,0.11325970305012296,0.6616117040232734,0.05567617211994643,0.6735411222616713,1.5646278065232389,3.40360008250873,363.4399319467248,0.6,1.8,1.6990477438059155,0.0012950795065585334,0.001217769611492469,0.00014334042900622558
S43A13T03,S43A13T01;S43A13T02;S43A13T05,0.1,43014,0.028642033041724246,0.0821803759523319,0.015060193975427846,0.08832207929508536,0.03578197671899773,0.09980033167107356,0.05100468885439197,0.05306909284642164,0.12400771388237003,0.05363683052616219,0.11325970305012296,0.6616117040232734,0.05567617211994643,0.6735411222616713,1.5646278065232389,1.692504392691011,500.7664150636126,0.6,1.8,1.6990477438059155,0.0012876635854053879,0.0012095494598370418,0.00015893967815660504
S43A13T03,S43A13T01;S43A13T02;S43A13T05,1.0,43013,0.10772325519841647,0.15961758922508845,0.061407057857190084,0.20212100646703826,0.2844790170712477,0.09980033167107356,0.05100468885439197,0.05306909284642164,0.12400771388237003,0.05363683052616219,0.11325970305012296,0.6616117040232734,0.05567617211994643,0.6735411222616713,1.5646278065232389,4.032898695949689,344.5586765027434,0.6,1.8,1.6990477438059155,0.0014092421397390897,0.0013150748013878685,3.4406151359447554e-05
S43A13T03,S43A13T01;S43A13T02;S43A13T05,1.0,43014,0.049810158372113174,0.09865730286419783,0.02327020559922907,0.11294165641659168,0.0750786635509554,0.09980033167107356,0.05100468885439197,0.05306909284642164,0.12400771388237003,0.05363683052616219,0.11325970305012296,0.6616117040232734,0.05567617211994643,0.6735411222616713,1.5646278065232389,1.4216953637544114,495.47220372434515,0.6,1.8,1.6990477438059155,0.0013787918356764964,0.0012862440254255995,2.5855876255603984e-05
S43A13T03,S43A13T01;S43A13T02;S43A13T05,10.0,43013,0.08539722584247889,0.1554741242838516,0.047753572749200814,0.18369892001243526,0.23577509246707332,0.09980033167107356,0.05100468885439197,0.05306909284642164,0.12400771388237003,0.05363683052616219,0.11325970305012296,0.6616117040232734,0.05567617211994643,0.6735411222616713,1.5646278065232389,4.109569512684311,336.86675949344385,0.6,1.8,1.6990477438059155,0.0019452582285238056,0.0018380107366855775,6.405038831032429e-06
S43A13T03,S43A13T01;S43A13T02;S43A13T05,10.0,43014,0.04605647242590053,0.11221829331961142,0.027133021519475154,0.12429941618793058,0.09045654684541837,0.09980033167107356,0.05100468885439197,0.05306909284642164,0.12400771388237003,0.05363683052616219,0.11325970305012296,0.6616117040232734,0.05567617211994643,0.6735411222616713,1.5646278065232389,0.9774752811520847,488.4756044177693,0.6,1.8,1.6990477438059155,0.0021293826653693286,0.00205769796679056,3.7303442928785932e-06
S43A13T05,S43A13T01;S43A13T02;S43A13T03,0.0,43013,0.03015371969926473,0.08818731212446913,0.024751595387664693,0.0964307539412351,0.3347557613417468,0.12126248537882048,0.08345495024971744,0.027071724169181972,0.14967363605833775,0.1790991651989345,0.2501107419991065,1.5420406344319206,0.0519535816462087,1.5630559414648,3.573463478920614,6.824038471014121,142.23914122229442,0.9,1.8,2.769667910206473,0.0011398866903404455,0.0011398866903404455,0.17204010323832963
S43A13T05,S43A13T01;S43A13T02;S43A13T03,0.0,43014,0.06990344993719803,0.058127015238674855,0.1022770784007968,0.13684240198082692,0.31726716980363395,0.12126248537882048,0.08345495024971744,0.027071724169181972,0.14967363605833775,0.1790991651989345,0.2501107419991065,1.5420406344319206,0.0519535816462087,1.5630559414648,3.573463478920614,5.713494683942586,426.82524885007007,0.9,1.8,2.769667910206473,0.001101584179037829,0.001101584179037829,0.19190548354675518
S43A13T05,S43A13T01;S43A13T02;S43A13T03,0.01,43013,0.03007051823192295,0.08896825921822694,0.02517630482664124,0.0972287690952734,0.33666980579855726,0.12126248537882048,0.08345495024971744,0.027071724169181972,0.14967363605833775,0.1790991651989345,0.2501107419991065,1.5420406344319206,0.0519535816462087,1.5630559414648,3.573463478920614,0.8756007113454025,467.5995549858066,0.9,1.8,2.769667910206473,0.0011758516506559574,0.0011329904278571921,0.0012393725699927879
S43A13T05,S43A13T01;S43A13T02;S43A13T03,0.01,43014,0.06880596085531686,0.058788753178971385,0.10110692185282975,0.1356944633952161,0.31703346827450263,0.12126248537882048,0.08345495024971744,0.027071724169181972,0.14967363605833775,0.1790991651989345,0.2501107419991065,1.5420406344319206,0.0519535816462087,1.5630559414648,3.573463478920614,1.9098326164580886,604.4327247341427,0.9,1.8,2.769667910206473,0.0011400767825209747,0.001095591433753533,0.0014064724062867705
S43A13T05,S43A13T01;S43A13T02;S43A13T03,0.1,43013,0.03588954414870424,0.10357294938684328,0.013906042203995179,0.11049340810053189,0.3854986720574842,0.12126248537882048,0.08345495024971744,0.027071724169181972,0.14967363605833775,0.1790991651989345,0.2501107419991065,1.5420406344319206,0.0519535816462087,1.5630559414648,3.573463478920614,1.3197867625228397,468.594332457666,0.9,1.8,2.769667910206473,0.0012351658422256975,0.0011571324147411982,0.00020749332550221676
S43A13T05,S43A13T01;S43A13T02;S43A13T03,0.1,43014,0.03537067980535057,0.08093682543480597,0.08353157321713243,0.12157046691316953,0.35595125750600964,0.12126248537882048,0.08345495024971744,0.027071724169181972,0.14967363605833775,0.1790991651989345,0.2501107419991065,1.5420406344319206,0.0519535816462087,1.5630559414648,3.573463478920614,2.0898103752116186,604.7773216255613,0.9,1.8,2.769667910206473,0.001218809387897939,0.001139491226325773,0.00027157700198653854
S43A13T05,S43A13T01;S43A13T02;S43A13T03,1.0,43013,0.039654846409535954,0.1079969160183838,0.019455245801862617,0.11668053523384535,0.40572454262105095,0.12126248537882048,0.08345495024971744,0.027071724169181972,0.14967363605833775,0.1790991651989345,0.2501107419991065,1.5420406344319206,0.0519535816462087,1.5630559414648,3.573463478920614,1.4711567319289225,451.1142523121042,0.9,1.8,2.769667910206473,0.001354278737691762,0.0012619444459120244,2.870739555500796e-05
S43A13T05,S43A13T01;S43A13T02;S43A13T03,1.0,43014,0.07840458379103564,0.13519224894550366,0.015249199900348098,0.1570247147171086,0.5151637175754615,0.12126248537882048,0.08345495024971744,0.027071724169181972,0.14967363605833775,0.1790991651989345,0.2501107419991065,1.5420406344319206,0.0519535816462087,1.5630559414648,3.573463478920614,2.4288714475223996,596.5047746583722,0.9,1.8,2.769667910206473,0.0013387619931698482,0.0012549786066864655,2.2618909790073972e-05
S43A13T05,S43A13T01;S43A13T02;S43A13T03,10.0,43013,0.03568180821240039,0.1771357313648802,0.03989556868459403,0.1850457110125622,0.5744511057730687,0.12126248537882048,0.08345495024971744,0.027071724169181972,0.14967363605833775,0.1790991651989345,0.2501107419991065,1.5420406344319206,0.0519535816462087,1.5630559414648,3.573463478920614,0.7147265179496085,415.66364662706695,0.9,1.8,2.769667910206473,0.0021900545748349044,0.002104066479503142,5.395650549691e-06
S43A13T05,S43A13T01;S43A13T02;S43A13T03,10.0,43014,0.10516545291973958,0.18179292273573364,0.01304211254499038,0.2104246562174941,0.6504017912003586,0.12126248537882048,0.08345495024971744,0.027071724169181972,0.14967363605833775,0.1790991651989345,0.2501107419991065,1.5420406344319206,0.0519535816462087,1.5630559414648,3.573463478920614,2.5287513048304486,581.675148030849,0.9,1.8,2.769667910206473,0.0019368434003413611,0.001876702372663651,3.1588516167362044e-06
