held_out_trial,physics_weight,seed,epoch,total_loss,data,physics,effective_acceleration_l2,effective_acceleration_jerk
S43A13T01,0.0,43013,1,0.014921784266421503,0.014921784266421503,0.45086789957103984,0.01912945838727732,0.0005491952520574917
S43A13T01,0.0,43013,50,0.001372670953613042,0.001372670953613042,0.3891222377381068,0.01912945838727732,0.0005491952520574917
S43A13T01,0.0,43013,100,0.0012826745127875662,0.0012826745127875662,0.3931525732155477,0.01912945838727732,0.0005491952520574917
S43A13T01,0.0,43013,150,0.0012711010787251576,0.0012711010787251576,0.39344091056770697,0.01912945838727732,0.0005491952520574917
S43A13T01,0.0,43013,200,0.0012511224687996611,0.0012511224687996611,0.39364215339183684,0.01912945838727732,0.0005491952520574917
S43A13T01,0.0,43013,250,0.0012219349697833054,0.0012219349697833054,0.39366013127005967,0.01912945838727732,0.0005491952520574917
S43A13T01,0.0,43013,300,0.00119457555599095,0.00119457555599095,0.3938137939170369,0.01912945838727732,0.0005491952520574917
S43A13T01,0.0,43014,1,0.027261393204224455,0.027261393204224455,0.2833730665249521,0.043682837425230936,0.0016209166528584644
S43A13T01,0.0,43014,50,0.001930135328661736,0.001930135328661736,0.2512298265225214,0.043682837425230936,0.0016209166528584644
S43A13T01,0.0,43014,100,0.0013151295136924598,0.0013151295136924598,0.2638991359762445,0.043682837425230936,0.0016209166528584644
S43A13T01,0.0,43014,150,0.0012726350338172615,0.0012726350338172615,0.2593515021084915,0.043682837425230936,0.0016209166528584644
S43A13T01,0.0,43014,200,0.0012565760526166015,0.0012565760526166015,0.25924668556379443,0.043682837425230936,0.0016209166528584644
S43A13T01,0.0,43014,250,0.0012307882078502754,0.0012307882078502754,0.25946427241369646,0.043682837425230936,0.0016209166528584644
S43A13T01,0.0,43014,300,0.0011791975783359357,0.0011791975783359357,0.26048894841101516,0.043682837425230936,0.0016209166528584644
S43A13T01,0.01,43013,1,0.019432925403222685,0.014921784266421503,0.45086789957103984,0.01912945838727732,0.0005491952520574917
S43A13T01,0.01,43013,50,0.0014230914474560685,0.0013588625919166563,0.0017494464707910461,0.28921143433628477,0.01781324739787332
S43A13T01,0.01,43013,100,0.001329838284131125,0.0012826966269584026,0.0015699300942619721,0.2715304360428753,0.004289312625815116
S43A13T01,0.01,43013,150,0.0013109724673603272,0.0012684205523408008,0.0012192315634945734,0.2748376007557881,0.0028758393090017823
S43A13T01,0.01,43013,200,0.0013015053728015983,0.0012609048094133833,0.0009730414427386804,0.27554971124388095,0.0033151778364401137
S43A13T01,0.01,43013,250,0.0012510898516703622,0.0012107816842413844,0.0009081025421445736,0.2760224372727233,0.0036248982802597387
S43A13T01,0.01,43013,300,0.0011875071876615137,0.0011459901382388136,0.0010191980484908927,0.27696317917201835,0.0036287510205893006
S43A13T01,0.01,43014,1,0.03010111306986936,0.027261393204224455,0.2833730665249521,0.043682837425230936,0.0016209166528584644
S43A13T01,0.01,43014,50,0.0019632342559044724,0.0019309849142317972,0.0006538606897664055,0.2527625629180069,0.0004344784832104644
S43A13T01,0.01,43014,100,0.0013594896685436922,0.0013159061266751638,0.0014570911811036152,0.2779318339974258,0.0012194466577496387
S43A13T01,0.01,43014,150,0.0013157460537600594,0.0012731944703352057,0.001156290578595753,0.27578727410624804,0.0034099502282713447
S43A13T01,0.01,43014,200,0.0012997426887080827,0.001257685270720572,0.0010439700988325704,0.2758138701910424,0.004036329980080785
S43A13T01,0.01,43014,250,0.0012760630585558117,0.0012340314204674426,0.0010347012410526707,0.2761823587170394,0.004066389806138372
S43A13T01,0.01,43014,300,0.0012332046848369496,0.0011899179043153342,0.0011446534360172037,0.27717354105196973,0.004122892056246344
S43A13T01,0.1,43013,1,0.06001103636461628,0.014921784266421503,0.45086789957103984,0.01912945838727732,0.0005491952520574917
S43A13T01,0.1,43013,50,0.0016555079035058338,0.0014194906708627339,0.0018147134668880134,0.2906527792423865,0.025480608030059665
S43A13T01,0.1,43013,100,0.0014576891318494839,0.0013140106926082503,0.0009898776391053577,0.2800333005285947,0.01668734527783815
S43A13T01,0.1,43013,150,0.0013871028748277865,0.001277186219412303,0.0006544454942888331,0.28100397289425627,0.01637170869717448
S43A13T01,0.1,43013,200,0.0013304032510943712,0.001248573746534496,0.00034065994277576907,0.281294867671914,0.019634023515106864
S43A13T01,0.1,43013,250,0.0012664259789830735,0.0011953775519576413,0.0001861806929886802,0.2819425718027981,0.024236100546284292
S43A13T01,0.1,43013,300,0.0012077926140371508,0.001127477840395807,0.000255568357710564,0.28289557605194754,0.026468380265092507
S43A13T01,0.1,43014,1,0.05560468905711505,0.027261393204224455,0.2833730665249521,0.043682837425230936,0.0016209166528584644
S43A13T01,0.1,43014,50,0.002022867067426694,0.0019633616859348105,0.00033058126231828004,0.2578185105986581,0.0006654042001896947
S43A13T01,0.1,43014,100,0.0014582001335953837,0.001340236324962275,0.0008793645241399493,0.2790959029021646,0.0021177659288972575
S43A13T01,0.1,43014,150,0.0013708293418130753,0.0012847019282767479,0.0004680599756776627,0.28110031259647134,0.011211384708914099
S43A13T01,0.1,43014,200,0.0013308267316417526,0.001261973895650723,0.00017423324174790033,0.2815075050276607,0.02327876131347348
S43A13T01,0.1,43014,250,0.0013099972380935553,0.0012429398999305077,0.00010834241483634414,0.2816635275347947,0.028056743925933606
S43A13T01,0.1,43014,300,0.0012898497379237894,0.0012214108602175116,0.00012178879475636561,0.28169301792865503,0.028090696437775817
S43A13T01,1.0,43013,1,0.4657921459785521,0.014921784266421503,0.45086789957103984,0.01912945838727732,0.0005491952520574917
S43A13T01,1.0,43013,50,0.004679307287596445,0.0035944597593701015,0.0010404717747601643,0.25436884900509127,0.018938868565669887
S43A13T01,1.0,43013,100,0.0019881287325639267,0.001712679006123292,0.00023469665088337717,0.2747161775184532,0.01328145780541251
S43A13T01,1.0,43013,150,0.0018230155251624865,0.0016289289058659575,0.0001531504880377833,0.2821717106642215,0.012718960192323618
S43A13T01,1.0,43013,200,0.001718334632635762,0.0015559993622666281,0.00012092268142812452,0.28303019794782064,0.013109569146227336
S43A13T01,1.0,43013,250,0.0016115403663132819,0.0014761388406038906,9.234609571078809e-05,0.2830787645729578,0.014747553541307344
S43A13T01,1.0,43013,300,0.0015044328545006757,0.0013926362274415199,6.53045216419893e-05,0.28319490555575694,0.018172614861590743
S43A13T01,1.0,43014,1,0.3106404489295719,0.027261393204224455,0.2833730665249521,0.043682837425230936,0.0016209166528584644
S43A13T01,1.0,43014,50,0.00267028519914792,0.0025227699049640696,0.00012128739814729089,0.2573311820621463,0.0004947778303448074
S43A13T01,1.0,43014,100,0.0019376984142385125,0.001802397512237028,0.0001078703126266414,0.2687874652125029,0.0005518428535927943
S43A13T01,1.0,43014,150,0.0017657571123072084,0.0016223546541833187,0.0001138386738982232,0.2736256202056902,0.0022012222050974382
S43A13T01,1.0,43014,200,0.0016166826638994635,0.001499538098275015,8.316301953366081e-05,0.2762574919080255,0.00635579689998514
S43A13T01,1.0,43014,250,0.001485945985287515,0.001389798254868425,5.474445328400445e-05,0.27859747066122237,0.013543530068963403
S43A13T01,1.0,43014,300,0.00139447301866169,0.0013080101284751414,3.5520263110135505e-05,0.2805642351531485,0.02288620356109826
S43A13T01,10.0,43013,1,4.523603242117911,0.014921784266421503,0.45086789957103984,0.01912945838727732,0.0005491952520574917
S43A13T01,10.0,43013,50,0.03431397939413164,0.027337526663064996,0.0006949374392497836,0.16699788584893827,0.010378549983912059
S43A13T01,10.0,43013,100,0.007948992765610386,0.007201089112666459,7.16047745775124e-05,0.21351346166222718,0.010504561002578868
S43A13T01,10.0,43013,150,0.0037897995190798862,0.003391035016371617,3.6278507575488686e-05,0.24402235012905615,0.011577191940476843
S43A13T01,10.0,43013,200,0.0029851791587070767,0.0027326965018646173,2.1543164382477065e-05,0.2565484593815838,0.011396167079530057
S43A13T01,10.0,43013,250,0.0025649458676501803,0.0023995741663616244,1.2791709205925181e-05,0.26425053218655,0.011029556010649491
S43A13T01,10.0,43013,300,0.0023220983135045065,0.0022000649516048915,8.417356214883487e-06,0.27033149537132534,0.01082665021364806
S43A13T01,10.0,43014,1,2.860998047654141,0.027261393204224455,0.2833730665249521,0.043682837425230936,0.0016209166528584644
S43A13T01,10.0,43014,50,0.01787354171134962,0.012927403198048706,0.0004926203111940878,0.19443234774065413,0.0004921665859720735
S43A13T01,10.0,43014,100,0.004862908466372707,0.0047677459897054,7.178151365523852e-06,0.23077012825503898,0.0003039501865642386
S43A13T01,10.0,43014,150,0.0036042432073710128,0.003550679503869046,2.9525380704668074e-06,0.23702719859961432,0.00033560293733715657
S43A13T01,10.0,43014,200,0.0029112907404988267,0.0028591327812677847,2.7404502417905406e-06,0.2433539697270961,0.00041805984042691434
S43A13T01,10.0,43014,250,0.0025018876583514384,0.0024476403940927923,2.868884537593025e-06,0.2499851244449055,0.0005599064382254497
S43A13T01,10.0,43014,300,0.0022603958992271447,0.0022033314782915797,3.070473445837322e-06,0.2558745698820481,0.0007722294889867679
S43A13T02,0.0,43013,1,0.0112859848985898,0.0112859848985898,0.2716342425396874,0.0462887604333404,0.0016749146105951218
S43A13T02,0.0,43013,50,0.000587232862507719,0.000587232862507719,0.20724793692602492,0.0462887604333404,0.0016749146105951218
S43A13T02,0.0,43013,100,0.0004915437174353807,0.0004915437174353807,0.21983856955823536,0.0462887604333404,0.0016749146105951218
S43A13T02,0.0,43013,150,0.00040822767604827996,0.00040822767604827996,0.25633517017911794,0.0462887604333404,0.0016749146105951218
S43A13T02,0.0,43013,200,0.00039309212053073323,0.00039309212053073323,0.26047644427794775,0.0462887604333404,0.0016749146105951218
S43A13T02,0.0,43013,250,0.00037436686767541015,0.00037436686767541015,0.269266101814077,0.0462887604333404,0.0016749146105951218
S43A13T02,0.0,43013,300,0.00034614503376443625,0.00034614503376443625,0.28613432617109075,0.0462887604333404,0.0016749146105951218
S43A13T02,0.0,43014,1,0.01471669459311128,0.01471669459311128,0.4669917167193515,0.022528148332248064,0.0017644062008662913
S43A13T02,0.0,43014,50,0.0006446236381914319,0.0006446236381914319,0.32666024565425866,0.022528148332248064,0.0017644062008662913
S43A13T02,0.0,43014,100,0.0005804597721892727,0.0005804597721892727,0.3332715390733514,0.022528148332248064,0.0017644062008662913
S43A13T02,0.0,43014,150,0.0004954511486295097,0.0004954511486295097,0.35131850331845343,0.022528148332248064,0.0017644062008662913
S43A13T02,0.0,43014,200,0.0004043821434040486,0.0004043821434040486,0.4031473634570912,0.022528148332248064,0.0017644062008662913
S43A13T02,0.0,43014,250,0.00038527654432876624,0.00038527654432876624,0.42064989591862906,0.022528148332248064,0.0017644062008662913
S43A13T02,0.0,43014,300,0.0003624637790909677,0.0003624637790909677,0.4334690936537216,0.022528148332248064,0.0017644062008662913
S43A13T02,0.01,43013,1,0.014008631114640605,0.0112859848985898,0.2716342425396874,0.0462887604333404,0.0016749146105951218
S43A13T02,0.01,43013,50,0.0006185324274845005,0.0005918857287524176,0.000481392660137569,0.21495792046353698,0.00033698008435352375
S43A13T02,0.01,43013,100,0.0005339848328423063,0.0005069832493402171,0.00033773467330486907,0.23336265139691284,0.0002879716293493122
S43A13T02,0.01,43013,150,0.00047328025560291505,0.00042463740921644936,0.001808018518544005,0.261980317216371,0.004364629479388538
S43A13T02,0.01,43013,200,0.00046631690929646325,0.0004111304606587435,0.001724229682172147,0.2686285047085007,0.01108130134514821
S43A13T02,0.01,43013,250,0.0004621630327813632,0.0004049971161649034,0.0018751006647195981,0.2700400851265406,0.011410901456609723
S43A13T02,0.01,43013,300,0.000457773980133913,0.00039786456670050526,0.002055161511107866,0.27182512634957806,0.012175285687371312
S43A13T02,0.01,43014,1,0.01939062898133889,0.01471669459311128,0.4669917167193515,0.022528148332248064,0.0017644062008662913
S43A13T02,0.01,43014,50,0.0007108609780566659,0.0006456953371037406,0.0024714649182127958,0.23615939481441642,0.016835052289355678
S43A13T02,0.01,43014,100,0.000608347918067652,0.0005841823673819148,0.00016304279254005741,0.21933338578393327,0.0006017841819433418
S43A13T02,0.01,43014,150,0.0005377675174028838,0.000511149166788645,0.0003071129819690178,0.23258238899820052,0.0002889818947285991
S43A13T02,0.01,43014,200,0.00047502964127405287,0.0004289419313069152,0.0016781549454750067,0.257317421272198,0.0035744183851677725
S43A13T02,0.01,43014,250,0.0004629777913766595,0.000408297509588782,0.0018400259856246957,0.2679178871820909,0.00948823321342149
S43A13T02,0.01,43014,300,0.0004576237528248604,0.0003995193084061198,0.0019771807225677927,0.27041841218700174,0.011290795974362486
S43A13T02,0.1,43013,1,0.03845571294321247,0.0112859848985898,0.2716342425396874,0.0462887604333404,0.0016749146105951218
S43A13T02,0.1,43013,50,0.0006883238920429682,0.0006338958407104242,0.0003081541275488522,0.22381806554148018,0.0012308320235107082
S43A13T02,0.1,43013,100,0.0005762102749191945,0.0005425979548222228,9.842505285982351e-05,0.2316482989078061,0.0006049849202086056
S43A13T02,0.1,43013,150,0.0005477639962174718,0.0005117020598148153,0.00010737956088952533,0.23713958583911254,0.0016100217297929035
S43A13T02,0.1,43013,200,0.000523253026154731,0.0004829109782537079,0.00010402295023194706,0.24432905908163408,0.005506846969665072
S43A13T02,0.1,43013,250,0.0005063607342053191,0.00045955766068589036,9.243868341495042e-05,0.2514474664486163,0.012414458533072076
S43A13T02,0.1,43013,300,0.0004976533250234541,0.00044331834617400206,8.195113914267832e-05,0.25734874391978846,0.02040499054320538
S43A13T02,0.1,43014,1,0.061419883486080525,0.01471669459311128,0.4669917167193515,0.022528148332248064,0.0017644062008662913
S43A13T02,0.1,43014,50,0.0010232108660028977,0.0006972099926169801,0.0028044491408578593,0.23846917040826357,0.0217090422593053
S43A13T02,0.1,43014,100,0.0006715577800439587,0.0005991404710446279,0.0004591322123521798,0.22492729452370497,0.004011358311742384
S43A13T02,0.1,43014,150,0.0005838693191082908,0.0005590092831301896,1.2058344442309776e-05,0.23108478911468824,0.0005457226224014221
S43A13T02,0.1,43014,200,0.0005534177967869243,0.0005223454142414345,6.558641157857021e-05,0.23762722739416056,0.0007510186482167611
S43A13T02,0.1,43014,250,0.0005307943724316413,0.0004934231245340592,0.00010019265860567986,0.24364352278547327,0.0029876297584669445
S43A13T02,0.1,43014,300,0.0005147468529940202,0.00047259017949226627,0.00010180088939466848,0.24887275662266997,0.007089308900020084
S43A13T02,1.0,43013,1,0.28292653122893113,0.0112859848985898,0.2716342425396874,0.0462887604333404,0.0016749146105951218
S43A13T02,1.0,43013,50,0.0013422493203582861,0.0010732736438539142,0.00024588295143779856,0.2054464371198935,0.002548081354584151
S43A13T02,1.0,43013,100,0.0006384440117077151,0.0005924377734903745,2.236537504950398e-05,0.22537334941995227,0.0011035282258414199
S43A13T02,1.0,43013,150,0.0006149564722603098,0.0005813401741862398,1.0368231973950046e-05,0.22622578272076221,0.0006254878280437252
S43A13T02,1.0,43013,200,0.0006070243919970901,0.0005758219413557427,8.033035143844334e-06,0.22721670404185304,0.0004477450933176574
S43A13T02,1.0,43013,250,0.0006002147846290081,0.0005700369297832784,7.017146843219893e-06,0.22807931348557697,0.0003527766539520977
S43A13T02,1.0,43013,300,0.0005935636401197661,0.0005638888455046315,6.439903026168185e-06,0.22903002576200113,0.0003318890127662949
S43A13T02,1.0,43014,1,0.4817124285334969,0.01471669459311128,0.4669917167193515,0.022528148332248064,0.0017644062008662913
S43A13T02,1.0,43014,50,0.007157493442509814,0.003640950064405374,0.0034922052988395295,0.1403527986586989,0.010302799399041338
S43A13T02,1.0,43014,100,0.0007554150272844596,0.000607372028580488,0.00012201030067681487,0.224081031169966,0.0036245949101599596
S43A13T02,1.0,43014,150,0.0005659121861522638,0.0005263186563597781,1.3558476616233205e-05,0.23759509414034022,0.0022755437622185067
S43A13T02,1.0,43014,200,0.0005574147383394519,0.0005232231655462002,7.900396901744925e-06,0.2375933433351809,0.0025318415579887363
S43A13T02,1.0,43014,250,0.0005521689733609649,0.0005195361199795964,5.897665821607956e-06,0.23835257969644577,0.0028999295901159772
S43A13T02,1.0,43014,300,0.0005476015599132465,0.0005155451489107978,4.748813011858999e-06,0.23916811460037637,0.0033907865305521194
S43A13T02,10.0,43013,1,2.7276347140861175,0.0112859848985898,0.2716342425396874,0.0462887604333404,0.0016749146105951218
S43A13T02,10.0,43013,50,0.010349010647027541,0.007050993390328101,0.0003276879864672271,0.18477150270766163,0.0026602417564048357
S43A13T02,10.0,43013,100,0.003407898602998584,0.0030608470383712786,3.253964732507967e-05,0.1914058510304657,0.0025145062734623896
S43A13T02,10.0,43013,150,0.001992365908934606,0.001802337096934644,1.6798520984784055e-05,0.1975453882975502,0.00228906332236658
S43A13T02,10.0,43013,200,0.0012716427706381268,0.0011446775143502444,1.0467770389700689e-05,0.20206581971585233,0.002080970419290133
S43A13T02,10.0,43013,250,0.0009422676542281552,0.000848667798878357,7.09896081001244e-06,0.20696718607844475,0.0019135286418291613
S43A13T02,10.0,43013,300,0.0007980140377224852,0.0007201430649657808,5.494786893362945e-06,0.21149982001471382,0.001773121821603548
S43A13T02,10.0,43014,1,4.68463787900766,0.01471669459311128,0.4669917167193515,0.022528148332248064,0.0017644062008662913
S43A13T02,10.0,43014,50,0.06859926319267184,0.03271435657135982,0.003587425291629514,0.05566467529997384,0.00508723748687387
S43A13T02,10.0,43014,100,0.027528067414444517,0.021806284030171985,0.0005710594990245413,0.09023061964913237,0.0021653320622069803
S43A13T02,10.0,43014,150,0.008979976051321826,0.007823373269573821,0.00011426157146255979,0.13373392261027744,0.0006136748613792717
S43A13T02,10.0,43014,200,0.002902769989910397,0.0027667479281758382,1.180100057628022e-05,0.17573794314585445,0.0004382616571714352
S43A13T02,10.0,43014,250,0.0019100413803212878,0.0017815297984757662,1.0850018276912831e-05,0.19464319778095399,0.0005470792982979891
S43A13T02,10.0,43014,300,0.0013705240943951774,0.0012840597244643721,6.535552706760599e-06,0.20384508803913723,0.0007243340592856356
S43A13T03,0.0,43013,1,0.02386425630957188,0.02386425630957188,0.47549281883996336,0.0475322212754866,0.001295138654021835
S43A13T03,0.0,43013,50,0.0018219612489236974,0.0018219612489236974,0.39640108820890824,0.0475322212754866,0.001295138654021835
S43A13T03,0.0,43013,100,0.0012865594139884933,0.0012865594139884933,0.4129847760540953,0.0475322212754866,0.001295138654021835
S43A13T03,0.0,43013,150,0.0012705682247541703,0.0012705682247541703,0.41339162254188405,0.0475322212754866,0.001295138654021835
S43A13T03,0.0,43013,200,0.0012523338910113192,0.0012523338910113192,0.4138606809711282,0.0475322212754866,0.001295138654021835
S43A13T03,0.0,43013,250,0.0012452113232072827,0.0012452113232072827,0.4151565928245187,0.0475322212754866,0.001295138654021835
S43A13T03,0.0,43013,300,0.0011838924954877899,0.0011838924954877899,0.4168101901452897,0.0475322212754866,0.001295138654021835
S43A13T03,0.0,43014,1,0.021892895587212784,0.021892895587212784,0.20774396874553025,0.08520296356971481,0.0020951758567876217
S43A13T03,0.0,43014,50,0.0016081482841756832,0.0016081482841756832,0.17867898535843538,0.08520296356971481,0.0020951758567876217
S43A13T03,0.0,43014,100,0.0013103180547114478,0.0013103180547114478,0.18313597874466434,0.08520296356971481,0.0020951758567876217
S43A13T03,0.0,43014,150,0.0012736478711343894,0.0012736478711343894,0.18155919466404413,0.08520296356971481,0.0020951758567876217
S43A13T03,0.0,43014,200,0.0012566000389903054,0.0012566000389903054,0.1822674630801319,0.08520296356971481,0.0020951758567876217
S43A13T03,0.0,43014,250,0.0012339295271375425,0.0012339295271375425,0.18280287258584993,0.08520296356971481,0.0020951758567876217
S43A13T03,0.0,43014,300,0.0011999628821712717,0.0011999628821712717,0.18362012581675116,0.08520296356971481,0.0020951758567876217
S43A13T03,0.01,43013,1,0.028625232858753083,0.02386425630957188,0.47549281883996336,0.0475322212754866,0.001295138654021835
S43A13T03,0.01,43013,50,0.001938782804565672,0.0018514847872131068,0.0026114021056538174,0.31002177167646167,0.030181819128380676
S43A13T03,0.01,43013,100,0.0013573354349256702,0.0013095723536404099,0.0014575135554288105,0.27819031776448866,0.00536891395452355
S43A13T03,0.01,43013,150,0.001316863744828543,0.0012723164315333053,0.0012482096400165852,0.2760740330287702,0.004457813592194756
S43A13T03,0.01,43013,200,0.001300311602140914,0.0012563894990362176,0.0011911448179272894,0.2765754336349225,0.004353111561931333
S43A13T03,0.01,43013,250,0.0012754639164800337,0.0012315003386783035,0.001194700386453822,0.27687322340867687,0.004329251596324348
S43A13T03,0.01,43013,300,0.0012357523002749543,0.0011904099647528346,0.001311400818976935,0.27759338093132596,0.004468989239217701
S43A13T03,0.01,43014,1,0.023980950746881845,0.021892895587212784,0.20774396874553025,0.08520296356971481,0.0020951758567876217
S43A13T03,0.01,43014,50,0.0016644189807002673,0.0016258451495208325,0.0005619382560571859,0.27152211139559007,0.005802237479303969
S43A13T03,0.01,43014,100,0.0013565464961959608,0.001311495715624028,0.0013335154285597287,0.2789326985883847,0.0038223564274972913
S43A13T03,0.01,43014,150,0.0013184203474636543,0.001273636826200543,0.0012405557962432317,0.2768477485454024,0.004693188446138801
S43A13T03,0.01,43014,200,0.0013012720475802145,0.0012566270039884536,0.0012315392148544394,0.27739814564638166,0.0045898368785783185
S43A13T03,0.01,43014,250,0.0012930229250735033,0.001248344089835482,0.001227866592630822,0.27774511338864505,0.004625657972848797
S43A13T03,0.01,43014,300,0.0012441995292516834,0.0011983186777230362,0.001331582213433459,0.278150995237007,0.004749929870611808
S43A13T03,0.1,43013,1,0.07141958655434978,0.02386425630957188,0.47549281883996336,0.0475322212754866,0.001295138654021835
S43A13T03,0.1,43013,50,0.0025574975150424737,0.002116646433911352,0.0036748338805004774,0.31966492127353213,0.0414012009537206
S43A13T03,0.1,43013,100,0.0014703978425774106,0.0013098900875599222,0.001095703483824376,0.28382413366052867,0.022554993268997913
S43A13T03,0.1,43013,150,0.001379592889299926,0.0012850389930393815,0.00041207051405277133,0.2823102131941708,0.02511582353585041
S43A13T03,0.1,43013,200,0.0013882047164486154,0.001309146919314402,0.00018033294545764973,0.2823859505420529,0.03278590753424332
S43A13T03,0.1,43013,250,0.0013183751881403192,0.0012423422539898268,0.00012998540988489292,0.28257626964824,0.03477676619717901
S43A13T03,0.1,43013,300,0.0012950795065585334,0.001217769611492469,0.00014334042900622558,0.2828230630812023,0.03469354585732167
S43A13T03,0.1,43014,1,0.042677907933979575,0.021892895587212784,0.20774396874553025,0.08520296356971481,0.0020951758567876217
S43A13T03,0.1,43014,50,0.001873787159608759,0.0017717482779001268,0.0006082379945493097,0.2828619577967553,0.01292888647402557
S43A13T03,0.1,43014,100,0.001459321184016597,0.0013363819916403935,0.0008414099156521477,0.28466565799473825,0.010331635011514934
S43A13T03,0.1,43014,150,0.0013611807008476805,0.0012809282614187128,0.00027488895365032493,0.2830883221828112,0.024454711845654047
S43A13T03,0.1,43014,200,0.0013350852874455018,0.0012597707810590385,0.00013842575173894577,0.2828874484287167,0.03318318636969695
S43A13T03,0.1,43014,250,0.0013143232262258066,0.0012390350189300956,0.0001313905549334097,0.28311396630066166,0.03383775517230384
S43A13T03,0.1,43014,300,0.0012876635854053879,0.0012095494598370418,0.00015893967815660504,0.2833296434110359,0.03388719341158211
S43A13T03,1.0,43013,1,0.49936312351031686,0.02386425630957188,0.47549281883996336,0.0475322212754866,0.001295138654021835
S43A13T03,1.0,43013,50,0.004677742401801881,0.002719295522263209,0.0019077169735269895,0.23649437568039014,0.02708046844364413
S43A13T03,1.0,43013,100,0.002015916156943605,0.0017049231462364612,0.0002681364993017922,0.2782276936702369,0.015033742038327596
S43A13T03,1.0,43013,150,0.0017411148383465465,0.0015764935743128776,0.00012317342098633937,0.2820437569380577,0.013243467353523747
S43A13T03,1.0,43013,200,0.001608266604316834,0.0014825702749122454,8.107932620665452e-05,0.2823642437072377,0.01638057882721015
S43A13T03,1.0,43013,250,0.0014920600024095133,0.0013887265251550825,5.24382267695628e-05,0.28286336255581523,0.022608914229286455
S43A13T03,1.0,43013,300,0.0014092421397390897,0.0013150748013878685,3.4406151359447554e-05,0.2834929252205951,0.031411894469714007
S43A13T03,1.0,43014,1,0.22964747980495678,0.021892895587212784,0.20774396874553025,0.08520296356971481,0.0020951758567876217
S43A13T03,1.0,43014,50,0.002861267988390413,0.0023389277655153705,0.0004827362882772189,0.26905979581981915,0.01269795501584177
S43A13T03,1.0,43014,100,0.001982497089627681,0.00176937881887498,0.00017946373117238754,0.2765913997952871,0.005995399600784793
S43A13T03,1.0,43014,150,0.0017626105227483294,0.0016283633134716307,9.883473661089906e-05,0.280564911903929,0.0073559814754067115
S43A13T03,1.0,43014,200,0.001590327529207688,0.0014804448611771689,6.798018513413518e-05,0.2814860198542225,0.013753880910961502
S43A13T03,1.0,43014,250,0.001452597601245234,0.0013581554832013318,4.0894881467681566e-05,0.2822548827694377,0.025321748299276886
S43A13T03,1.0,43014,300,0.0013787918356764964,0.0012862440254255995,2.5855876255603984e-05,0.28307348957223627,0.038384585038069303
S43A13T03,10.0,43013,1,4.778798493069987,0.02386425630957188,0.47549281883996336,0.0475322212754866,0.001295138654021835
S43A13T03,10.0,43013,50,0.0538906125406817,0.042797325995566016,0.0011064153954298988,0.1319436269295645,0.01593822812374165
S43A13T03,10.0,43013,100,0.012685087857745457,0.01049613226667788,0.00021513681832334487,0.20725564892435125,0.0168618429416941
S43A13T03,10.0,43013,150,0.003636306497317467,0.0029151456067950323,6.796249577931281e-05,0.25549159358213863,0.015986773371092843
S43A13T03,10.0,43013,200,0.0022218399953934692,0.0019723430251106116,2.066552709662394e-05,0.27725423734846594,0.015116275581771588
S43A13T03,10.0,43013,250,0.0020153428706684044,0.001872025566300204,1.0024761871091604e-05,0.283569807924115,0.01471270486487255
S43A13T03,10.0,43013,300,0.0019452582285238056,0.0018380107366855775,6.405038831032429e-06,0.2848791079730237,0.01470919273060125
S43A13T03,10.0,43014,1,2.099343198514729,0.021892895587212784,0.20774396874553025,0.08520296356971481,0.0020951758567876217
S43A13T03,10.0,43014,50,0.017536738950766288,0.013168953472998832,0.00043379335025886767,0.20587378249241103,0.009264596929537385
S43A13T03,10.0,43014,100,0.004354935345032909,0.00392697133092874,3.9661518764805566e-05,0.24485813301043646,0.006863013155070183
S43A13T03,10.0,43014,150,0.0026315417328917883,0.0024168033364137245,1.812723120098836e-05,0.26739426627664864,0.006726657840514966
S43A13T03,10.0,43014,200,0.00232998736435818,0.0021811366365348133,1.146229794766387e-05,0.2759227324491204,0.006635475101816189
S43A13T03,10.0,43014,250,0.0022092173427053006,0.002111268738921006,6.365054158134684e-06,0.2785505521335489,0.006443006989593217
S43A13T03,10.0,43014,300,0.0021293826653693286,0.00205769796679056,3.7303442928785932e-06,0.279489096611142,0.006432345988868412
S43A13T05,0.0,43013,1,0.020023113528260587,0.020023113528260587,0.20312036886427917,0.08411310731797061,0.002119486444237175
S43A13T05,0.0,43013,50,0.0014408004747507271,0.0014408004747507271,0.17338825680163672,0.08411310731797061,0.002119486444237175
S43A13T05,0.0,43013,100,0.0012886156266613132,0.0012886156266613132,0.17033360164859368,0.08411310731797061,0.002119486444237175
S43A13T05,0.0,43013,150,0.0012704931954510518,0.0012704931954510518,0.17076984245443438,0.08411310731797061,0.002119486444237175
S43A13T05,0.0,43013,200,0.0012514496901688012,0.0012514496901688012,0.17105472109097666,0.08411310731797061,0.002119486444237175
S43A13T05,0.0,43013,250,0.0012181828555143104,0.0012181828555143104,0.1713920366800217,0.08411310731797061,0.002119486444237175
S43A13T05,0.0,43013,300,0.0011398866903404455,0.0011398866903404455,0.17204010323832963,0.08411310731797061,0.002119486444237175
S43A13T05,0.0,43014,1,0.017513908096530795,0.017513908096530795,0.23497146582859219,0.057735550965758324,0.0011094767843483364
S43A13T05,0.0,43014,50,0.0014721206705282678,0.0014721206705282678,0.19914628987351943,0.057735550965758324,0.0011094767843483364
S43A13T05,0.0,43014,100,0.0012759986744418994,0.0012759986744418994,0.1937894908533853,0.057735550965758324,0.0011094767843483364
S43A13T05,0.0,43014,150,0.0012578194954757044,0.0012578194954757044,0.19333147103422063,0.057735550965758324,0.0011094767843483364
S43A13T05,0.0,43014,200,0.0012310709888042378,0.0012310709888042378,0.1930142789013888,0.057735550965758324,0.0011094767843483364
S43A13T05,0.0,43014,250,0.0011795657959784633,0.0011795657959784633,0.19246656648018123,0.057735550965758324,0.0011094767843483364
S43A13T05,0.0,43014,300,0.001101584179037829,0.001101584179037829,0.19190548354675518,0.057735550965758324,0.0011094767843483364
S43A13T05,0.01,43013,1,0.022064848014079413,0.020023113528260587,0.20312036886427917,0.08411310731797061,0.002119486444237175
S43A13T05,0.01,43013,50,0.001485453606483266,0.0014398294890938313,0.0012889980011074758,0.27191437649541,0.005542699728819128
S43A13T05,0.01,43013,100,0.0013316613286761942,0.001289443712682724,0.0011928991660263876,0.26633377975654154,0.0036552463575522122
S43A13T05,0.01,43013,150,0.0013111890506455237,0.0012692845784263798,0.001133445074151991,0.2676807863148344,0.0038019428461407673
S43A13T05,0.01,43013,200,0.001290998508238186,0.001249663760029939,0.001091160891483741,0.26789898722801564,0.0036332405706080728
S43A13T05,0.01,43013,250,0.0012795583655435554,0.0012384349541775628,0.0010692807563682232,0.2680183337435091,0.003628770427959354
S43A13T05,0.01,43013,300,0.0011758516506559574,0.0011329904278571921,0.0012393725699927879,0.2679570786274946,0.0036717892360876862
S43A13T05,0.01,43014,1,0.01987050578669764,0.017513908096530795,0.23497146582859219,0.057735550965758324,0.0011094767843483364
S43A13T05,0.01,43014,50,0.0015166105502034725,0.001466986860421249,0.0024156829797298356,0.2450200633089138,0.0009648536540337642
S43A13T05,0.01,43014,100,0.0013180727758013765,0.001276586731937375,0.0012380339807879371,0.26907160328963553,0.0021985437271587337
S43A13T05,0.01,43014,150,0.0012983940882559867,0.001257835418319027,0.001063756090781515,0.2675861813645478,0.003162490892689799
S43A13T05,0.01,43014,200,0.0012708196547585805,0.0012305972584493539,0.000992730320347135,0.26787839656134804,0.003507253449620495
S43A13T05,0.01,43014,250,0.001220042599945116,0.0011789369365277573,0.0010698463922915568,0.2681619688538682,0.003591002609056218
S43A13T05,0.01,43014,300,0.0011400767825209747,0.001095591433753533,0.0014064724062867705,0.26853086115408487,0.0035675385891654966
S43A13T05,0.1,43013,1,0.040345681211864534,0.020023113528260587,0.20312036886427917,0.08411310731797061,0.002119486444237175
S43A13T05,0.1,43013,50,0.0016816834828067753,0.0015376602455148302,0.0010446571714424042,0.2797718820249456,0.01158033194520991
S43A13T05,0.1,43013,100,0.0014188561681095157,0.00131890133209157,0.000614941665616074,0.27405644383966393,0.011055025072371848
S43A13T05,0.1,43013,150,0.001344458184712885,0.0012701177686197387,0.00023406301311689444,0.27297907789376036,0.02363620699208073
S43A13T05,0.1,43013,200,0.0013149398484813331,0.0012446074788606562,0.00012783369252991324,0.2731528371877963,0.030233716648905895
S43A13T05,0.1,43013,250,0.0012822385893688595,0.0012112959342505125,0.00013205850910405755,0.27350236104400893,0.030386568103540148
S43A13T05,0.1,43013,300,0.0012351658422256975,0.0011571324147411982,0.00020749332550221676,0.27349365500734807,0.029934729433542875
S43A13T05,0.1,43014,1,0.041017937711270935,0.017513908096530795,0.23497146582859219,0.057735550965758324,0.0011094767843483364
S43A13T05,0.1,43014,50,0.0016737742452498042,0.0015075249858566033,0.001389488124105721,0.2555301070586667,0.0017474362767622039
S43A13T05,0.1,43014,100,0.0013988386154562685,0.0012972312437966342,0.0006768484441055275,0.27505410655544277,0.006417116593537439
S43A13T05,0.1,43014,150,0.001345772252752936,0.0012705708949726292,0.00032287148893171957,0.27299057506614677,0.015615151380520399
S43A13T05,0.1,43014,200,0.0013094702155212717,0.001243928852357139,0.00014032150158249985,0.2732776865076221,0.02418144435512071
S43A13T05,0.1,43014,250,0.0012718678612230624,0.0012051790444862242,0.00013613617261339084,0.2731501113972876,0.025760188335770456
S43A13T05,0.1,43014,300,0.001218809387897939,0.001139491226325773,0.00027157700198653854,0.27283910837590214,0.024876550535921717
S43A13T05,1.0,43013,1,0.22315401318971578,0.020023113528260587,0.20312036886427917,0.08411310731797061,0.002119486444237175
S43A13T05,1.0,43013,50,0.003068529583698868,0.0025150552383896734,0.0005187422846970758,0.24520950056268206,0.010211110555850502
S43A13T05,1.0,43013,100,0.0018963307731215513,0.0016951044826218323,0.00016804070666407597,0.26637314800952605,0.006548269034690514
S43A13T05,1.0,43013,150,0.0016904395058325499,0.0015606568971026915,9.39776286625925e-05,0.27133490394562637,0.008671489672703194
S43A13T05,1.0,43013,200,0.0015335339986354178,0.0014272250264106931,6.405733592358023e-05,0.27251029583055825,0.015000606718088484
S43A13T05,1.0,43013,250,0.001414522363406632,0.0013232094442810788,3.8710741703422666e-05,0.27302472107152925,0.025299705314977602
S43A13T05,1.0,43013,300,0.001354278737691762,0.0012619444459120244,2.870739555500796e-05,0.2736013163703275,0.0362667645876969
S43A13T05,1.0,43014,1,0.2524922569570039,0.017513908096530795,0.23497146582859219,0.057735550965758324,0.0011094767843483364
S43A13T05,1.0,43014,50,0.002256177391532168,0.0019089578771182604,0.0003205663296034992,0.25720175969903775,0.0009330088405045516
S43A13T05,1.0,43014,100,0.0017480629646009433,0.0015965205319547632,0.00012282193274465127,0.26641237362093223,0.002079262539435629
S43A13T05,1.0,43014,150,0.0016031696413511016,0.0014900310810102106,8.024328644703949e-05,0.2693955322726784,0.005955720666583743
S43A13T05,1.0,43014,200,0.0014708946221344053,0.0013819305948926553,4.816669973535263e-05,0.27129336631396855,0.013667990875000436
S43A13T05,1.0,43014,250,0.0013788425372114998,0.0012986290272840708,2.8255384084706968e-05,0.272936987107945,0.024664427131927374
S43A13T05,1.0,43014,300,0.0013387619931698482,0.0012549786066864655,2.2618909790073972e-05,0.2738236448551497,0.0337821122077936
S43A13T05,10.0,43013,1,2.0512373329682285,0.020023113528260587,0.20312036886427917,0.08411310731797061,0.002119486444237175
S43A13T05,10.0,43013,50,0.009873169878072092,0.0067339066986013335,0.0003109905399816334,0.20619706636981636,0.008738073017443337
S43A13T05,10.0,43013,100,0.004270011238544541,0.003978156128260117,2.6284899307228185e-05,0.22516170172606254,0.006489947039535472
S43A13T05,10.0,43013,150,0.00314848786166983,0.002948877019662358,1.693538060323902e-05,0.23949052853989486,0.006307983121092095
S43A13T05,10.0,43013,200,0.002626079059183295,0.0024765418963474685,1.184573462204931e-05,0.24971925327905464,0.006107891287428053
S43A13T05,10.0,43013,250,0.0023527618466569465,0.0022423126607344023,7.884864336656876e-06,0.25691069454420434,0.005909473101554863
S43A13T05,10.0,43013,300,0.0021900545748349044,0.002104066479503142,5.395650549691e-06,0.2618058396183758,0.005851005873014934
S43A13T05,10.0,43014,1,2.3672354494143337,0.017513908096530795,0.23497146582859219,0.057735550965758324,0.0011094767843483364
S43A13T05,10.0,43014,50,0.015776799927449653,0.013580924328897162,0.00021736948977973177,0.2136066429544091,0.0008200364597314534
S43A13T05,10.0,43014,100,0.004343585261584092,0.00426114848108158,5.796365728104211e-06,0.2377680958957146,0.0006963136318979087
S43A13T05,10.0,43014,150,0.0024365739700856876,0.0023797461616858005,3.097395518887011e-06,0.250128146158948,0.0008410385951224822
S43A13T05,10.0,43014,200,0.0020790255543267524,0.0020219998341064653,2.998718046775593e-06,0.25900863091637477,0.0011376766608941168
S43A13T05,10.0,43014,250,0.0019905402222285605,0.001932331021319806,3.034819453430142e-06,0.2632129936392786,0.0015397070105252029
S43A13T05,10.0,43014,300,0.0019368434003413611,0.001876702372663651,3.1588516167362044e-06,0.26500592368094267,0.002051919142253665
