held_out_trial,time_s,actual_lateral_right_m,pinn_lateral_right_m,baseline_lateral_right_m,effective_acceleration_lateral_right_m_s2,physics_residual_lateral_right_m_s2,actual_vertical_headward_m,pinn_vertical_headward_m,baseline_vertical_headward_m,effective_acceleration_vertical_headward_m_s2,physics_residual_vertical_headward_m_s2,actual_forward_nose_proxy_m,pinn_forward_nose_proxy_m,baseline_forward_nose_proxy_m,effective_acceleration_forward_nose_proxy_m_s2,physics_residual_forward_nose_proxy_m_s2
S43A13T01,0.0,0.0,0.0,0.0,-0.6575749508427279,-0.7603168858568684,0.0,-0.0,0.0,7.690271904544423,1.4618898024717533,0.0,0.0,0.0,3.7600289364569073,-3.1437956228297304
S43A13T01,0.03333333333333333,0.013767071813334225,0.01228150262847329,0.040479973456844606,-0.668254026743064,-0.7573614724596635,-0.0021287555717581785,-0.0029239561691248262,-0.025247403005506906,7.699807869851064,1.457446011274337,-0.0018773352967462894,-0.00029267636830920926,0.0022601676271003,3.7652043117161256,-3.139575674726536
S43A13T01,0.06666666666666667,0.03358602373895811,0.022979000356442854,0.07881417497872056,-0.678969022182928,-0.7542370654056615,-0.009132242639786736,-0.00656947189050361,-0.05801819573319042,7.709161773901047,1.4530945398647548,-0.0018021514206757083,0.00010977834453186034,-0.0005148716055305017,3.770292467251473,-3.1353964831367467
S43A13T01,0.1,0.052268148561058575,0.03208405850178719,0.12402466688444015,-0.6897221161605844,-0.7509489922294508,-0.019299976433647337,-0.010930988582793498,-0.10200960128157675,7.7183326113930875,1.4488398803520397,-0.005077135950464037,0.0012176617503856409,-0.0032340091396469706,3.7752933270156745,-3.131251929187944
S43A13T01,0.13333333333333333,0.06805566806640018,0.03958838191835673,0.1822434650320471,-0.7005154586210387,-0.7475024320301391,-0.028387068187191056,-0.016003043509889146,-0.1570828852522823,7.727319369766641,1.4446864594709483,-0.006256193768266027,0.003041135963669697,-0.00570563287088522,3.7802067967541113,-3.127136047262899
S43A13T01,0.16666666666666666,0.08880532504637123,0.045483806852135406,0.22981556019443972,-0.7113511710843119,-0.7439024197691839,-0.03818833745205252,-0.021780265987417297,-0.1803302634155599,7.7361210283941935,1.4406386391575667,-0.009353571346512015,0.005590234125479829,-0.014340637080992981,3.785032764109601,-3.1230430209265263
S43A13T01,0.2,0.1076050484435706,0.04976229298914728,0.27051180973199607,-0.7222313472687762,-0.7401538504773089,-0.05162890746443205,-0.028257373670195908,-0.19544649697790828,7.744736557783172,1.4367007170858983,-0.010186478896177409,0.00887486674183414,-0.01714389804083347,3.789771098720406,-3.1189671789230804
S43A13T01,0.23333333333333334,0.13954571331989712,0.052415915689741695,0.313280157039166,-0.7331580537086887,-0.7362614833671576,-0.07147501681759605,-0.03542916892094858,-0.1762102798824142,7.753164918787802,1.4328769271625506,-0.011039905726842212,0.01290482784059407,-0.027798997456132995,3.7944216523116716,-3.1149029912480284
S43A13T01,0.26666666666666666,0.1652822134038176,0.053436858404001794,0.34035962562640876,-0.7441333303650406,-0.732229945848808,-0.08534043404882441,-0.0432905352606007,-0.1825435622159548,7.761405061831275,1.4291714399768596,-0.017404916240717216,0.01768980095152849,-0.038580549911040464,3.7989842587807305,-3.110845065298665
S43A13T01,0.3,0.18992329455111884,0.05281740526313594,0.37584971395223526,-0.7551591912289307,-0.7280637374455635,-0.10543638683349998,-0.051836433900521325,-0.1921237111569664,7.769455926138592,1.4255883632041222,-0.021196339933334262,0.023239364913892065,-0.04329758922571813,3.803458734276526,-3.106788142106808
S43A13T01,0.3333333333333333,0.22232248872485794,0.05054993384183115,0.4044361645141466,-0.7662376249166619,-0.723767233607855,-0.12783319905884838,-0.061061900357115784,-0.21475278919737872,7.777316438980491,1.4221317419598138,-0.024348283347404923,0.029562999515792103,-0.047508412752908125,3.807844877273596,-3.102727092656578
S43A13T01,0.36666666666666664,0.2577401437204319,0.046626908086670235,0.4337908592517017,-0.7773705952557939,-0.7193446894233289,-0.1544960792613026,-0.07096204114921491,-0.23531011840051677,7.784985514928786,1.4188055591030073,-0.033138198565888045,0.03667009096951718,-0.051138807070046664,3.812142468640978,-3.0986569142897076
S43A13T01,0.4,0.3043497194183863,0.04104087140583865,0.45932881869535996,-0.7885600418614088,-0.7148002432215556,-0.19382643932628618,-0.08153203057875232,-0.2630670138359373,7.7924620551236154,1.4156137354873382,-0.03622572582598746,0.044569937226897866,-0.05451767227075643,3.8163512717064108,-3.094572727200403
S43A13T01,0.43333333333333335,0.3468178492506921,0.03378443991547647,0.48489137815719774,-0.7998078807019446,-0.7101379200719098,-0.23203451662320573,-0.0927671075952639,-0.2923404263477875,7.799744946552897,1.4125601301582869,-0.043429809150311804,0.05327175313866592,-0.05873354548619967,3.8204710323162656,-3.0904697710214246
S43A13T01,0.4666666666666667,0.3812837902958365,0.024850295838160147,0.5104643466156417,-0.8111160046537983,-0.7053616351736106,-0.27719343597219404,-0.10466257274479222,-0.32292693689707125,7.806833061344511,1.4096485404955779,-0.04704403642182697,0.06278467546167059,-0.06126208129411861,3.8245014788916465,-3.0863434015027016
S43A13T01,0.5,0.41052243314089587,0.014231181049130848,0.5322033757943124,-0.8224862840441441,-0.7004751971368889,-0.3336304322768866,-0.11721378520382308,-0.3624174373565423,7.813725256071638,1.4068827022998622,-0.058913297537757627,0.07311776771770626,-0.055521693377603855,3.8284423224810693,-3.0821890872833784
S43A13T01,0.5333333333333333,0.46102537005792044,0.0019198907660214481,0.5589288115677092,-0.8339205671812807,-0.6954823111545673,-0.38647734757709395,-0.13041615989893046,-0.39674804604461666,7.820420371071678,1.4042662898230711,-0.06675039137233477,0.08428002490759542,-0.059009073714960565,3.832293256810187,-3.0780024067579794
S43A13T01,0.5666666666666667,0.507483356235665,-0.012090732622031919,0.5777680536824604,-0.8454206808718878,-0.6903865820634716,-0.4513777025980835,-0.1442651647128526,-0.4212604896616172,7.826917229779274,1.4018029157419596,-0.07702129264293746,0.09628037808406421,-0.06039920225508238,3.8360539583290585,-3.073779045037083
S43A13T01,0.6,0.5765488659694031,-0.027807805589868978,0.6000146330665539,-0.8569884309246032,-0.6851915172951915,-0.48912979490870506,-0.15875631777776966,-0.46825758110309107,7.8332146380739305,1.3994961310746765,-0.09363911329543509,0.10912769878684164,-0.06612162797212161,3.839724086257353,-3.069514791002521
S43A13T01,0.6333333333333333,0.7029276029086065,-0.045238409380213424,0.6288616367709617,-0.8686256026393383,-0.6799005297158655,-0.5961868315845531,-0.17388518485660054,-0.4666746449129804,7.839311383642769,1.3973494250403329,-0.11207263003820482,0.12283080334330197,-0.057321389972945,3.843303282628106,-3.0652055344571254
S43A13T01,0.6666666666666666,0.7541161873009533,-0.06438959577971032,0.6650828646983085,-0.8803339612817782,-0.6745169403547373,-0.49080962898342084,-0.18964737681318297,-0.45781437211238857,7.845206235358924,1.3953662248618537,-0.1742786714203527,0.13739845703786935,-0.05628063365161101,3.846791172330416,-3.0608472633685526
S43A13T01,0.7,0.6831273670221274,-0.08526839277064951,0.6845078639057411,-0.8921152525424877,-0.6690439810213594,-0.542446014370799,-0.206038547172246,-0.45503317644843566,7.8508979426762355,1.393549895512452,-0.15373322338478423,0.15283937815329177,-0.05136748265594704,3.8501873631516728,-3.0564360612067523
S43A13T01,0.7333333333333333,0.6920082345438523,-0.10788181006179387,0.6816429760882304,-0.9039712029801549,-0.663484796811287,-0.5341469639073713,-0.2230543897701305,-0.44743469638662914,7.856385235040744,1.3919037394064908,-0.1581341877724329,0.1691622418867909,-0.04965379491649713,3.853491445819781,-3.0519681043743034
S43A13T01,0.7666666666666667,0.7413020984733644,-0.1322368445015905,0.6768401468105377,-0.9159035204483705,-0.657842448500322,-0.4894612310671449,-0.24069063649725198,-0.4310803670467827,7.861666821319703,1.3904309960354801,-0.11733282290973422,0.18637568414399086,-0.043516369852074986,3.8567029940460107,-3.047439659728864
S43A13T02,0.0,0.0,0.0,0.0,-1.022146344231579,0.3628895248764117,0.0,-0.0,0.0,-0.6290591514185584,9.723197089508982,0.0,0.0,0.0,0.7814249851969166,-0.7925364210611527
S43A13T02,0.03333333333333333,0.03853755997088032,0.02752466755381083,0.007227730420948292,-1.0386867822115433,0.3880801214563593,-0.018566383763443994,-0.013575726053949475,-0.0027216497292644457,-0.6265412595984617,9.712148128442402,-0.0027435798929208964,0.0028616555663558045,0.0008243706500050433,0.7397539142416896,-0.7581083526051311
S43A13T02,0.06666666666666667,0.07167467118439746,0.054326473622004344,0.014455460841896584,-1.0553995403988141,0.4138188829507069,-0.04992980456535068,-0.0279526416234228,-0.0054432994585288915,-0.6239371789542619,9.700683814011674,0.0006873746760963396,0.005702906888685602,0.0016487413000100867,0.6976931952833779,-0.7234031941137241
S43A13T02,0.1,0.10632437782777887,0.08041544712334202,0.022791608934465857,-1.0722837997265107,0.4401052721262426,-0.07461318293910768,-0.04314059166581781,-0.00879432977341132,-0.6212456700665201,9.688800173629811,-0.004106576387744872,0.008515581429405315,0.002727517433331859,0.6552449687044147,-0.6884197658139922
S43A13T02,0.13333333333333333,0.1398025292534698,0.10580203481943676,0.031482135391570513,-1.0893386350231982,0.4669378300704915,-0.11926314962307139,-0.059149789857225146,-0.012247786408756655,-0.6184655675170552,9.67649391925056,0.002333423725595196,0.011291385308193624,0.003568627974670393,0.6124115903567764,-0.6531567512601392
S43A13T02,0.16666666666666666,0.1678052408260966,0.13049710071988133,0.039243174056058684,-1.1065630133876647,0.4943141548528003,-0.14737187856839673,-0.07599082094864264,-0.016038840611739973,-0.6155957815676408,9.663762473461766,-0.021354633132262442,0.014021907383094692,0.003468226159946554,0.5691956358621708,-0.6176126933029426
S43A13T02,0.2,0.20481643436081415,0.1545119245595126,0.04689193350044577,-1.1239557926856982,0.5222308828374572,-0.19158343145971268,-0.09367464241682716,-0.020142413009867202,-0.6126352996762948,9.650603993880132,-0.019615582633288837,0.01669862373205666,0.003036943515014426,0.525599904745942,-0.5817859908639723
S43A13T02,0.23333333333333334,0.24756076611433026,0.1778581993287333,0.05693810852294045,-1.1415157201759258,0.550683672808407,-0.24974980880106146,-0.11221258538437809,-0.023602151706604707,-0.6095831878461356,9.637017395686481,-0.024398270097206493,0.0193129025430739,0.003046510453107824,0.48162742438588974,-0.5456748965986125
S43A13T02,0.26666666666666666,0.35466456426507625,0.2005480278407917,0.06659118899624565,-1.159241431271657,0.5796671930556898,-0.3491384689333944,-0.13161635478552614,-0.026915136546015225,-0.6064385918022285,9.623002372144406,-0.01339673743649108,0.021856009419907736,0.0033407094138166505,0.43728145375716054,-0.5092775155311915
S43A13T02,0.3,0.361784084618834,0.22259391832305944,0.07527585387785342,-1.1771314484454494,0.6091751115629913,-0.3858664673258561,-0.15189802875615016,-0.03093017357479012,-0.603200737992581,9.608559412950207,-0.026008252726729054,0.02431911310905383,0.0029544169128547216,0.3925654869539836,-0.47259180474360096
S43A13T02,0.3333333333333333,0.4056852571133766,0.24400877902263213,0.0842195337762474,-1.1951841802829881,0.6392000894237998,-0.42228053912974334,-0.17307005722875862,-0.03672464370500325,-0.599868934409997,9.59368982026806,-0.0428264604483774,0.026693291652206155,0.0030892950987952035,0.34748325646892847,-0.4356155741961667
S43A13T02,0.36666666666666664,0.43896062030547905,0.2648059118199997,0.09466955293805929,-1.2133979206925447,0.6697337776004813,-0.4382489184866465,-0.1951452597155447,-0.04261453803666212,-0.596442571232174,9.578395722311578,-0.0552967917281886,0.02896953896694041,0.0034920679963592344,0.30203873621032806,-0.3983464887560233
S43A13T02,0.4,0.48240483986303,0.2849990048480722,0.10504735233754632,-1.2317708482760852,0.700766817126353,-0.4382846288650985,-0.2181368222651476,-0.048639221284895735,-0.5929211212781658,9.562680084341597,-0.06672643874786552,0.03113877185670754,0.003978710154241067,0.2562361442385786,-0.3607820715038074
S43A13T02,0.43333333333333335,0.49346827697637025,0.3046021241174911,0.11487316986867278,-1.2503010258677396,0.7322888428354225,-0.45173617948359485,-0.2420582935814185,-0.05460329717092774,-0.5893041402799019,9.546546716959282,-0.07202549491166785,0.03319183744949493,0.004973507780441409,0.21007994520207315,-0.32291970838401224
S43A13T02,0.4666666666666667,0.5355175606799936,0.3236297041528894,0.12469898739979923,-1.2689864002450655,0.7642884906881525,-0.46260965515409475,-0.2669235802952883,-0.06056737305695974,-0.5855912669682694,9.530000281584769,-0.07647763635453661,0.03511952106268943,0.005968305406641749,0.16357485245395811,-0.2847566542581756
S43A13T02,0.5,0.6166071516617304,0.3420965376485659,0.13588873903011975,-1.2878248020180936,0.796753408744211,-0.37419163426946256,-0.29274694138375446,-0.06655411999136224,-0.5817822229738637,9.513046293023043,-0.11178234419933349,0.03691255448975972,0.00605964539252312,0.11672582983109092,-0.24629004041271318
S43A13T02,0.5333333333333333,0.6256204897138282,0.3600177641558897,0.14643408248425857,-1.3068139457008314,0.8296702718151057,-0.3675909722049963,-0.31954298173303414,-0.07451534651589874,-0.5778768125433242,9.495691119032008,-0.1031898546525787,0.038561624702388476,0.004627715081243816,0.0695380930771523,-0.20751688356510883
S43A13T02,0.5666666666666667,0.6278810831745505,0.3774088578186402,0.15627132916235728,-1.325951429969395,0.8630247998106764,-0.3599135226279972,-0.34732664484605463,-0.0834706785703514,-0.5738749220727364,9.47794197682126,-0.10952413717457121,0.04005738295962254,0.0023637103494890837,0.02201711089244138,-0.16843409640317422
S43A13T02,0.6,0.6440362463620668,0.3942856141763752,0.1657256027051223,-1.3452347381105254,0.8968017797739171,-0.3458485132318442,-0.3761132046976583,-0.09205683209875863,-0.569776519460426,9.459806926425255,-0.12136752498377326,0.0413904543134952,-0.0002405155972786157,-0.025831394406421692,-0.12903849968218747
S43A13T02,0.6333333333333333,0.6601458425181594,0.41066413605981456,0.17955164704756058,-1.364661238663742,0.9309850915786522,-0.3363023890279779,-0.4059182567441703,-0.10009596207040837,-0.5655816532820529,9.44129486090998,-0.13136373743066254,0.04255144749840755,-0.0015386865444361568,-0.07400144663289335,-0.08932683589406543
S43A13T02,0.6666666666666666,0.6743482885119618,0.4265608186060708,0.193255978174819,-1.384228186259856,0.9655577372441804,-0.3268563093639532,-0.43675770809729775,-0.10882737377021894,-0.5612904517915794,9.422415493388815,-0.13714551314481163,0.043530965189361975,-0.0025509034003428142,-0.12248681589794665,-0.04929578451146703
S43A13T02,0.7,0.682003792981676,0.4419923334253615,0.20977117453446714,-1.4039327226580542,1.0005018738004674,-0.3212674528801902,-0.4686477668756748,-0.11866014799075658,-0.5569031217524489,9.403179340840417,-0.13991075732470626,0.044319614611924005,-0.0033217899071446553,-0.17128101921262265,-0.008941978797580769
S43A13T02,0.7333333333333333,0.684500647063405,0.4569756119545595,0.22562643223034815,-1.423771877983173,1.0357988496167934,-0.3217781905357261,-0.501604930750739,-0.13042632987049338,-0.5524199471038184,9.383597704739048,-0.14530253927760173,0.04490801848456462,-0.00454542029364441,-0.22037732153848075,0.03173797584006735
S43A13T02,0.7666666666666667,0.6946515274724296,0.4715278280365627,0.2392787213973893,-1.443742572164214,1.071429244086216,-0.3290710871811174,-0.535645974706973,-0.1418944478730046,-0.5478412874673229,9.363682648525803,-0.14812187035981295,0.04528682627182802,-0.00557452821417288,-0.26976873729752043,0.07274748198648798
S43A13T02,0.8,0.7020851766860434,0.48566637976796395,0.2531546002549368,-1.4638416165745225,1.1073729105378207,-0.3309171081344593,-0.5707879380398828,-0.153678570910857,-0.5431675765005525,9.343446971967797,-0.1492750494970773,0.045446725724574574,-0.007021263675768945,-0.31944803235176994,0.11408992889475106
S43A13T02,0.8333333333333334,0.702741248170281,0.4994088706608699,0.2696873446489242,-1.484065715873474,1.1436090222288682,-0.3331253443505507,-0.6070481106183669,-0.165706720874338,-0.5383993201037423,9.322904182470584,-0.15551327084122957,0.045378454681418934,-0.009467482916128893,-0.3694077264613261,0.15576866976176384
S43A13T02,0.8666666666666667,0.7104123363170092,0.5127730901679045,0.28649643276395814,-1.5044114700488258,1.1801161212494735,-0.33357570142082515,-0.6444440184413511,-0.17804764811837534,-0.5335370944869081,9.302068463427903,-0.15136907124054294,0.045072813103381085,-0.0117729024538127,-0.4196400962279903,0.19778699767934696
S43A13T02,0.9,0.7047259425151877,0.5257769936224519,0.30397699098535846,-1.5248753766582726,1.2168721701538425,-0.343141594196956,-0.6829934085217004,-0.19299898364336865,-0.5285815441050361,9.280954639711165,-0.160119913203258,0.04452067531177132,-0.014009489711389704,-0.47013717853008086,0.2401481203493389
S43A13T02,0.9333333333333333,0.7059992834215414,0.5384386816489988,0.32240524831907985,-1.545453833268106,1.2538546061142903,-0.34202749940227173,-0.7227142331334471,-0.21075908962955206,-0.5235333794693179,9.259578140419096,-0.15502623881574415,0.043713002397406366,-0.014600799618942895,-0.5208907744522856,0.28285513366477044
S43A13T02,0.9666666666666667,0.7030111237537582,0.5507763791010132,0.34039777506684654,-1.5661431400861792,1.2910403973774653,-0.3381106723171393,-0.7636246334612828,-0.22865160527559036,-0.5183933748429632,9.237954959025842,-0.15432110054870818,0.0426408547674443,-0.017139686183665504,-0.5718924537125544,0.32591099427208586
S43A13T02,1.0,0.7022529966041053,0.5628084135861476,0.35828804389200464,-1.5869395027857573,1.3284061017866922,-0.33889411739824055,-0.8057429226940184,-0.24651641023599757,-0.513162365830348,9.216101611082781,-0.15464837552081567,0.041295404794448896,-0.019780216107998624,-0.6231335595863838,0.3693184912421034
S43A13T02,1.0333333333333334,0.6966429052925993,0.5745531936406253,0.3751875401415525,-1.607839035516147,1.3659279271200186,-0.3491669831781571,-0.8490875686063148,-0.26312204500730585,-0.5078412468686099,9.194035089645606,-0.15497487511518546,0.03966794953074369,-0.023031868934587557,-0.6746052143267078,0.41308021698902747
S43A13T02,1.0666666666666667,0.6944418689016574,0.5860291866164851,0.3914942816661253,-1.628837764095378,1.4035817929808354,-0.35089963351124126,-0.8936771756754113,-0.28024255696765626,-0.5024309686310694,9.171772818613746,-0.14992560787148546,0.03774992344973967,-0.02601760649800544,-0.7262983250759106,0.4571985375881734
S43A13T02,1.1,0.693173625838013,0.5972548963468841,0.4085918720951993,-1.6499316293795239,1.4413433939666769,-0.35218429180840366,-0.939530466781789,-0.3008561853410856,-0.4969325353520531,9.149332604183464,-0.1450001414708768,0.03553291117470067,-0.028905509921821514,-0.7782035902644282,0.5016755626531234
S43A13T02,1.1333333333333333,0.6833185151533763,0.6082488406558664,0.4280625686864347,-1.6711164908026683,1.4791882638323488,-0.36120782802809354,-0.9866662645447206,-0.323287096807552,-0.4913470020828735,9.12673258462923,-0.13317885522456957,0.03300866015438342,-0.030554867807975356,-0.8303115064884518,0.5465131149421905
S43A13T02,1.1666666666666667,0.6639405025847385,0.6190295287799417,0.4445448149548115,-1.6923881300808703,1.5170918403558145,-0.36790523316210405,-1.035103472345437,-0.3454724258696638,-0.48567547188884064,9.103991178639829,-0.12346045200672053,0.030169093244157896,-0.033903862273222826,-0.8826123758572852,0.5917126998720045
S43A13T02,1.2,0.6584587839230425,0.6296154387693949,0.46338976056451786,-1.7137422550729053,1.5550295306094486,-0.3775263204226904,-1.084861055092179,-0.3672588570423885,-0.47991909299718494,9.081127032445924,-0.11482262729420711,0.027006321150589235,-0.03680483815165324,-0.9350963137990291,0.6372754751227612
S43A13T02,1.2333333333333334,0.6498277938626233,0.6400249949375434,0.4857665422719499,-1.7351745037899728,1.5929767763354128,-0.3840680181021062,-1.1359580197826873,-0.38629575571690394,-0.47407905590592947,9.058158965984981,-0.10926014731054176,0.023512654697053506,-0.041549595330422816,-0.9877532573111907,0.6832022205247775
S43A13T02,1.2666666666666666,0.6369852051941147,0.6502765454260866,0.5078936356621422,-1.7566804485460554,1.6309091191220846,-0.3866975228890908,-1.188413395920719,-0.4060766938803564,-0.46815659046357666,9.035105918356374,-0.11248584669379798,0.01968061686777993,-0.04644458753610751,-1.040572973641117,0.7294933084199302
S43A13T02,1.3,0.6280674212709072,0.6603883399543395,0.5280168161123838,-1.7782556002400265,1.6688022650786023,-0.3774078736591245,-1.242246215843924,-0.42534185645859873,-0.462152962929471,9.011986892825192,-0.07846327048987825,0.015502954587764808,-0.0549021239110569,-1.0935450693791504,0.7761486746936137
S43A13T02,1.3333333333333333,0.6190780068507387,0.6703785078194187,0.5417590895850933,-1.7998954127601965,1.706632148706904,-0.3776534942145924,-1.2974754950208984,-0.44745960899031484,-0.45606947302462053,8.988820901636963,-0.07552471830603348,0.010972650196284128,-0.061454171593143335,-1.1466589999456684,0.8231677906734198
S43A13T02,1.3666666666666667,0.6163880819272891,0.6802650362134275,0.5619258128934137,-1.8215952875014896,1.7443749956749033,-0.4431077819148402,-1.354120212375431,-0.4660509364168406,-0.4499074509824886,8.965626910907352,-0.058528896099145016,0.006082932572261696,-0.06802216226064846,-1.1999040794515612,0.8705496360897711
S43A13T02,1.4,0.6118485996631968,0.6900657489223545,0.5820925362017338,-1.8433505779850434,1.7820073842008026,-0.4318528364308303,-1.4121992906958802,-0.4846422638433661,-0.4436682546091599,8.942423785850938,-0.07156242439677091,0.0008272878705131853,-0.07459015292815352,-1.2532694909098638,0.9182926732906955
S43A13T02,1.4333333333333333,0.6105803357867068,0.6997982854697162,0.6121257978700135,-1.8651565945696678,1.8195063047668727,-0.4297184222133381,-1.4717315771872461,-0.5030057505419011,-0.4373532663620505,8.919230236611435,-0.06500309723766348,-0.0048005301711136344,-0.07271355480749976,-1.306744296774972,0.966394822898688
S43A13T02,1.4666666666666666,0.6224034885689476,0.7094800807660467,0.6442817716570142,-1.887008609244263,1.8568492178913092,-0.4159281745503885,-1.5327358242228515,-0.5239360870317405,-0.4309638904558892,8.896064764951749,-0.0722697998183503,-0.01080649039243703,-0.07090420469018939,-1.3603174497842447,1.0148534410912324
S43A13T02,1.5,0.5952072569512117,0.7191283453230702,0.6679334115628913,-1.90890186048998,1.8940141096988423,-0.39603640875650203,-1.5952306703516377,-0.52340547834268,-0.4245015500046734,8.872945612057096,-0.060851945457978264,-0.017196274876755263,-0.07662412686726595,-1.4139778040755733,1.0636652986787936
S43A13T02,1.5333333333333334,0.593372427835914,0.7287600460888838,0.6924621162730243,-1.9308315582007596,1.9309795450447573,-0.3936920765975652,-1.6592346216158664,-0.5068185739320884,-0.41796768420760566,8.849890707696618,-0.05631840385035275,-0.023975270157348738,-0.08682731092857197,-1.467714126553313,1.1128265621447153
S43A13T02,1.5666666666666667,0.5840138857768316,0.7383918879576762,0.7222204504345315,-1.9527928886505768,1.967724717962354,-0.40318579547022493,-1.724766033232569,-0.4872355506431038,-0.4113637455869386,8.826917620980245,-0.048927473964193224,-0.031148558998363274,-0.09795234592451785,-1.5215151084739074,1.1623327768004752
S43A13T02,1.6,0.5854869603915192,0.7480402960045175,0.7353867913690896,-1.9747810194956734,2.004229499221043,-0.41242039367045924,-1.7918430916903685,-0.4889753602908303,-0.4046911972850808,8.804043512936529,-0.05102371355715045,-0.038720912781633116,-0.09783952433287273,-1.5753693772214923,1.2121788521973023
S43A13T02,1.6333333333333333,0.5730987705093593,0.7577213984924691,0.7249457710708568,-1.9967911047999327,2.0404744808005946,-0.4196370805951296,-1.860483797311341,-0.4943326041030729,-0.3979515104279052,8.781285091125046,-0.038053521852311124,-0.046696784528729246,-0.09216284955228009,-1.6292655082432257,1.2623590499217006
S43A13T02,1.6666666666666667,0.5673421350327275,0.7674510106958431,0.7223931149998388,-2.018818290071485,2.0764410171066654,-0.4197003446827491,-1.9307059473254098,-0.49377029869548267,-0.391146161560823,8.758658566483126,-0.03304823467978908,-0.05508030258504837,-0.08895001797398046,-1.683192037113204,1.31286697388729
S43A13T02,1.7,0.5622985820649997,0.7772446195797873,0.7238214065037297,-2.0408577172986857,2.112111262773432,-0.418691883383845,-2.002527119502332,-0.4887427440615691,-0.38427663016361785,8.736179612591645,-0.030637527522949945,-0.06387526499010232,-0.09213955567409216,-1.7371374716934713,1.3636955632196013
S43A13T02,1.7333333333333334,0.5517966320767917,0.787117369372599,0.7309402113226465,-2.0629045299736353,2.147468206920634,-0.4147161529099079,-2.075964656383796,-0.48394248240398313,-0.3773443962496406,8.713863327528374,-0.02759873004656947,-0.07308513455544502,-0.09094040089750167,-1.7910903043603126,1.414837087813596
S43A13T02,1.7666666666666666,0.5454005111318667,0.7970840480632413,0.7378610547402179,-2.0849538780915187,2.1824957037545554,-0.40964235652047754,-2.151035650155296,-0.4707470989349449,-0.37035093805437913,8.691724198460062,-0.026124239777155563,-0.08271303466871424,-0.08402266351644039,-1.845039024263722,1.4662831466260335
S43A13T02,1.8,0.5374768444316098,0.8071590748524882,0.7447818981577892,-2.107000923114196,2.217178499425154,-0.4100471858097737,-2.2277569281945757,-0.4575517154659064,-0.3632977298180064,8.66977606910632,-0.016567154059822148,-0.09276174583933436,-0.077104926135379,-1.8989721295880408,1.5180246687467158
S43A13T03,0.0,0.0,0.0,0.0,-0.7264655662453374,-0.4844591671643741,0.0,0.0,0.0,-5.76942579513093,15.967561345974918,0.0,0.0,0.0,-6.3604061279414905,5.719774248936092
S43A13T03,0.03333333333333333,0.02735934704775056,0.025725583945727923,0.04911328586114196,-0.7624474119481257,-0.4925093401410032,-0.019842698741240783,-0.011497842846254592,-0.027051157839366954,-5.752397744219766,15.951293120822545,0.005331338650395909,0.0030567936981301803,-0.0004184542460484008,-6.3411978773090345,5.730616032795087
S43A13T03,0.06666666666666667,0.05521837488196868,0.050056784778035684,0.09675795332672761,-0.7984506739723467,-0.5003946470951282,-0.038440687034972054,-0.022559887687708256,-0.07118999448478074,-5.734100997419443,15.933430137713213,0.007655900673912953,0.005435196647557599,-0.0060535509207195045,-6.321377290246967,5.7412074985321535
S43A13T03,0.1,0.08747267020368826,0.0729448404589234,0.16671299201623535,-0.8344747893387565,-0.5080828375118109,-0.04748839015911599,-0.03318565158670733,-0.1437228659637035,-5.714552473176519,15.913999875683803,0.008996508585527592,0.00716899851739956,-0.008713836857897502,-6.300948951050556,5.751537025762911
S43A13T03,0.13333333333333333,0.11819866041843852,0.09434118488303078,0.22644941215241013,-0.8705191507548626,-0.5155407912150425,-0.07199551979851249,-0.043375002156241974,-0.17073559097375776,-5.693769939283922,15.89303073390191,0.016519679159609273,0.0082923731633582,-0.023769995814917195,-6.2799177311413406,5.761592732888129
S43A13T03,0.16666666666666666,0.14617549677099045,0.11419748534512773,0.29269929066036643,-0.9065831052965523,-0.5227346003886217,-0.08544997682369826,-0.05312814575058424,-0.16280133913995035,-5.671771979152772,15.870551962553296,0.021713915018878115,0.008839860017921452,-0.03843910768021408,-6.258288775302722,5.771362513732658
S43A13T03,0.2,0.1668925549291151,0.13246568093315061,0.32477349984943954,-0.9426659532260507,-0.529629654825689,-0.11596302356666954,-0.062445615616572366,-0.16868532865381683,-5.648577957174665,15.846593593042279,0.01320099812381191,0.008846344927416037,-0.04509668996647368,-6.2360674876474045,5.780834075170879
S43A13T03,0.23333333333333334,0.22695002431737132,0.1490980217534189,0.36145576408923547,-0.9787669469384191,-0.5361907299555234,-0.14870737981919335,-0.07132826004460352,-0.1761801723444222,-5.6242079832722185,15.821186367670986,0.016143967999991037,0.00834704049327907,-0.05534003168204377,-6.213259517379769,5.789994975465425
S43A13T03,0.26666666666666666,0.2724479201467916,0.16404710889143803,0.396367019101354,-1.0148852900280707,-0.5423820771906445,-0.19629589451487295,-0.07977723055807495,-0.19855230878405242,-5.598682876735311,15.794361668959738,0.014301709316059646,0.007377465975934718,-0.061546849946814586,-6.189870744416303,5.798832663038426
S43A13T03,0.3,0.31321809177971754,0.17726593500898347,0.43447960789718193,-1.0510201364659104,-0.548167516135277,-0.23720985768563585,-0.08779397017961886,-0.22830956248047538,-5.572024129439736,15.766151448766617,0.005174486935309919,0.005973426820299901,-0.06910762309091234,-6.165907264927218,5.807334515389999
S43A13T03,0.3333333333333333,0.3625175554235322,0.18870792547596976,0.47153319095219565,-1.0871705898771402,-0.553510528197332,-0.3034027550071098,-0.09538020181201357,-0.2583468643663745,-5.544253868544075,15.736588157360483,0.010854760704774535,0.004170993862194425,-0.07494792818319536,-6.141375376861858,5.81548787787676
S43A13T03,0.36666666666666664,0.3935883685388522,0.19832697993393647,0.5084536245282527,-1.1233357029091344,-0.5583743511504853,-0.3531061353758864,-0.10253791677112528,-0.30054890415192453,-5.515394818759313,15.705704672597372,-0.005665371156003733,0.0020064822747933656,-0.07535043336011253,-6.116281565519674,5.823280102063976
S43A13T03,0.4,0.45182524622483206,0.2060775141868273,0.5322676064639215,-1.1595144766783667,-0.5627220742002659,-0.40663386696454895,-0.10926936350764614,-0.35755634152843574,-5.485470264284118,15.673534229346181,-0.0018663333506937496,-0.000483569686264361,-0.07445693613282435,-6.090632489227577,5.83069858336874
S43A13T03,0.43333333333333335,0.5112666456223758,0.21191450231408845,0.5669504079952278,-1.195705860285,-0.5665167331182694,-0.4195091750534493,-0.11557703655374586,-0.41130808932715723,-5.454504010496985,15.640110349305372,-0.03136824590458693,-0.0032624220814025592,-0.07060046543948738,-6.0644349651828495,5.837730797717614
S43A13T03,0.4666666666666667,0.5107679351603533,0.21579351890096232,0.6157860910360152,-1.231908750383484,-0.5697214050215473,-0.46107426635809934,-0.12146366573004877,-0.4749017872009433,-5.4225203454942985,15.605466771348405,-0.04301554695805885,-0.00629315477283874,-0.08410577874105753,-6.037695955519307,5.844364336951378
S43A13T03,0.5,0.5451811996068734,0.21767078128118073,0.6846087640110041,-1.2681219907973762,-0.5722993023894749,-0.43788408083832775,-0.12693220564759158,-0.5094562543154048,-5.389544001561217,15.569637382531738,-0.04034262028894345,-0.009538688942727802,-0.08346056859027762,-6.010422553652151,5.85058694272063
S43A13T03,0.5333333333333333,0.6459692770503627,0.21750319168806073,0.7152260191494751,-1.3043443721665513,-0.5742138659280653,-0.43541386437353796,-0.13198582553860394,-0.4813108700564708,-5.355600116659779,15.532656149895445,-0.043973753636154196,-0.012961808590911165,-0.10018951097320479,-5.982621970954913,5.856386538630073
S43A13T03,0.5666666666666667,0.6398333983825517,0.21524837921124776,0.6979764677312122,-1.3405746316150353,-0.5754288559112386,-0.4218046260320487,-0.1366278994490952,-0.4877051631788345,-5.320714196015931,15.494557053182827,-0.05072889807133069,-0.016525181961778858,-0.08544243215796525,-5.954301523819166,5.861751260405043
S43A13T03,0.6,0.6669508078131805,0.2108647414580168,0.7016239103639322,-1.3768114524278625,-0.5759084416500133,-0.42641288331164173,-0.14086199682531697,-0.45209648296528376,-5.2849120738845565,15.455374018602196,-0.03807573432745324,-0.02019138285237066,-0.06993539937950198,-5.925468621145037,5.866669483872121
S43A13T05,0.0,0.0,0.0,0.0,4.821790858821373,-1.6115703292514385,0.0,-0.0,0.0,6.006611875013785,0.9131998769494132,0.0,0.0,0.0,-4.100447991713985,3.3666941462143507
S43A13T05,0.03333333333333333,0.013399312208423192,0.01635151134433364,0.033880580500554675,4.789573908301317,-1.6096195565750362,-0.0012880481721506687,-0.0027505576932994676,-0.02165721825626223,6.053981516387301,0.8906332768473533,0.0029912096821798264,0.00017574368077321765,0.0008807962979822578,-4.072959588663685,3.351378953406046
S43A13T05,0.06666666666666667,0.03008697482863354,0.03623623674088884,0.06805398686651594,4.75696428584414,-1.6080164723741488,-0.0036441956934145647,-0.008681128000618363,-0.05078743771864227,6.101407610617609,0.8682964109278588,0.006424119390472878,-0.0004502289826628437,0.0022050627530444994,-4.045204567254403,3.336228204268938
S43A13T05,0.1,0.04149244364591029,0.059619726524302155,0.10133326373874707,4.723976916577987,-1.6067539314631616,-0.007205568358253589,-0.017763837727230693,-0.08160170071035357,6.148873941580741,0.8461652672317177,0.005076517141688439,-0.0018639106399767206,-0.005193756409977999,-4.017195687023523,3.3212827678438988
S43A13T05,0.13333333333333333,0.06435222760683154,0.08646673310210963,0.16336196788232724,4.690626957108094,-1.6058231522953235,-0.01327079559447919,-0.029970540490850822,-0.13887102765898696,6.1963642927675116,0.8242147528697261,0.007029981798992088,-0.00405078384356413,-0.0034681969980110724,-3.98894606262174,3.306582860682457
S43A13T05,0.16666666666666666,0.08150872562189268,0.11674123754621388,0.19227837760674205,4.656929769055055,-1.6052137604723695,-0.023588359746162024,-0.04527286260408376,-0.1696220368328637,6.243862481681138,0.8024188418773921,0.004822870771012449,-0.006995790947456345,-0.01279381530766808,-3.960469143621905,3.2921678956945106
S43A13T05,0.2,0.1060492133925848,0.15040647818077085,0.23049922782769472,4.622900891975188,-1.6049138446962967,-0.03424040993608002,-0.06364224995500255,-0.18332062759456857,6.291352393919413,0.780750732361307,0.004862567932922099,-0.010683305270717649,-0.019884292072688138,-3.9317786933038144,3.2780763362536693
S43A13T05,0.23333333333333334,0.13033831515410207,0.18742498107427047,0.25975873590842974,4.588556015776596,-1.6049100249418151,-0.049605852780491566,-0.08505001567350766,-0.19823530718149415,6.338818016750712,0.7591830117137208,0.008078043622548773,-0.015097103663758672,-0.022216921252386713,-3.902888766490163,3.2643455567764823
S43A13T05,0.26666666666666666,0.1525902892492403,0.22775859232945966,0.30411081597245454,4.553910952747978,-1.6051875324873257,-0.06012523576118256,-0.10946738836272957,-0.17700392533050333,6.386243471996123,0.7376878285760844,0.00588873291103894,-0.020220340607751377,-0.03173181410662873,-3.873813686514917,3.2510117109340984
S43A13T05,0.3,0.17358087314374102,0.2713685120511627,0.32254406044456424,4.518981609319927,-1.6057303013028665,-0.07948884442452475,-0.1368655606680147,-0.1808433883678651,6.433613048034832,0.71623707015255,0.0013607011537777826,-0.02603552396789348,-0.04114992430979563,-3.844568021411073,3.2381096085816283
S43A13T05,0.3333333333333333,0.19477799637482693,0.31821532985915046,0.35311274222053063,4.48378395768007,-1.6065210701573736,-0.09292896919401894,-0.1672157379510701,-0.18680315382686366,6.480911230756256,0.6948025434121448,-0.003444848605404083,-0.03252449251072618,-0.047117791580145334,-3.815166559409806,3.225672602402284
S43A13T05,0.36666666666666664,0.23284031100025152,0.36825906180115003,0.37617987758473265,4.448334007364405,-1.607541494677453,-0.11297726908787564,-0.20048918683369443,-0.20002663701977685,6.5281227332908225,0.6733561586741645,-0.0068024162699570736,-0.03966839528415837,-0.05071212796285929,-3.785624283847589,3.2137324851618057
S43A13T05,0.4,0.2568228018941443,0.4214591885100148,0.40157539185223645,4.412647776946967,-1.6087722684673538,-0.1309815346694153,-0.2366572833742353,-0.22032376206587165,6.575232524360925,0.6518701140462202,-0.009063902502965293,-0.04744767294641527,-0.05375831267380627,-3.755956347581631,3.2023193983548426
S43A13T05,0.43333333333333335,0.29866855883988863,0.4777746944391217,0.42374435858966497,4.3767412659489615,-1.61019325228748,-0.15316163512696146,-0.2756915606404933,-0.2381856702163299,6.622225855104915,0.6303170791784343,-0.010168697468139547,-0.055842041116936844,-0.0588396937112805,-3.7261780470173247,3.1914617529010467
S43A13T05,0.4666666666666667,0.336667340374009,0.5371641080013706,0.44551589600159064,4.3406304270867215,-1.6117836101883922,-0.18209003277438984,-0.3175637554452559,-0.2640715785055127,6.669088284239583,0.6086703768103563,-0.014873290278943007,-0.06483047580844443,-0.06131844913120995,-3.696304795853713,3.1811861624160116
S43A13T05,0.5,0.37496608918674645,0.5995855424298059,0.467383679697791,4.3043311389748755,-1.6135219514103283,-0.21260264292143705,-0.3622458540149272,-0.2886135683949321,6.7158057014403045,0.5869041606192393,-0.028366507283863997,-0.07439120098512084,-0.06187417218698251,-3.666352098654778,3.1715173894434003
S43A13T05,0.5333333333333333,0.42273278721884744,0.6649967371719961,0.48206397556039526,4.267859179397664,-1.6153864767867434,-0.24372141869595765,-0.4097101363678155,-0.31596862857275076,6.762364348832837,0.5649935879281207,-0.03218872522959881,-0.08450167827726883,-0.06526323404530099,-3.6363355243552844,3.162478304891548
S43A13T05,0.5666666666666667,0.47582538958907483,0.7333550996259304,0.4972269438745351,4.231230199256841,-1.6173551283350909,-0.2945457732872063,-0.45992921918643315,-0.3455077817211811,6.808750840506331,0.5429149858992499,-0.03450671235500986,-0.09513859886808171,-0.06344558209782859,-3.60627067981004,3.154089860772843
S43A13T05,0.6,0.5109872900221509,0.8046177470224123,0.5125469251981484,4.194459697299419,-1.6194057406799893,-0.34389663345232757,-0.5128760969775957,-0.3784687526991761,6.8549521799733135,0.5206460099210819,-0.04702251895498262,-0.10627787755343944,-0.05940487426472807,-3.5761731834948045,3.1463710761995562
S43A13T05,0.6333333333333333,0.5625993603316554,0.8787415482577545,0.532688917282962,4.157562995722709,-1.6215161929339161,-0.40451674411034644,-0.568524181325051,-0.4001369534732711,6.900955775519109,0.4981657929939347,-0.049147077428883384,-0.117894648961097,-0.06755751062441238,-3.54605863946566,3.1393390364477316
S43A13T05,0.6666666666666666,0.6041355218759229,0.9556831654810554,0.546739917910032,4.1205552167475785,-1.623664559658489,-0.4562386932433942,-0.6268473380517043,-0.42126454264738084,6.946749453400019,0.47545508502882505,-0.07147506770843358,-0.12996326590141122,-0.06280405512567663,-3.515942611681413,3.1330089047633614
S43A13T05,0.7,0.6666347530014161,1.0353990952424168,0.5638304850889941,4.083451260243868,-1.6258292595455086,-0.5079174071866965,-0.6878199221220891,-0.45928740692474407,6.9923214688665185,0.45249638109391466,-0.08896222304791085,-0.14245729980800909,-0.0687902200444402,-3.485840598790716,3.127393946454577
S43A13T05,0.7333333333333333,0.7289724583293813,1.1178457090121823,0.6087587817368696,4.0462657824843316,-1.6279892004905028,-0.5577628148594884,-0.7514168101304158,-0.47665787359537387,7.037660515004528,0.4292740377714379,-0.06418544808332173,-0.15534954321367567,-0.07359898860186558,-3.455768009481828,3.122505564691562
S43A13T05,0.7666666666666667,0.765347544552891,1.2029792928865124,0.6351370773673652,4.009013176095614,-1.6301239197821422,-0.5496539645512076,-0.8176134302351586,-0.4548312779475409,7.082755729404239,0.40577437692288054,-0.06999346533859475,-0.16861201419436964,-0.08226895709915796,-3.425740138488652,3.1183533473243394
S43A13T05,0.8,0.8376254965465425,1.2907560863013776,0.6513406126507485,3.9717075512665483,-1.6322137181972565,-0.5177530828989195,-0.886385789417521,-0.4538644638813436,7.127596698681886,0.38198577629936104,-0.0843974581801418,-0.18221596270276647,-0.0867149427918756,-3.395772143341688,3.114945123928734
S43A13T05,0.8333333333333334,0.8395419185509818,1.3811323195851972,0.6316598538270873,3.934362718265547,-1.6342397868720675,-0.5149828208181937,-0.9577104979581131,-0.4620094733170011,7.172173460895145,0.3578987465754562,-0.06333565782935971,-0.19613187870219997,-0.07885421025745691,-3.3658790219469226,3.112287032203879
S43A13T05,0.8666666666666667,0.8446370699084352,1.4740642501898438,0.633326732045432,3.8969921713103206,-1.6361843259142246,-0.5009598800815878,-1.0315647910435894,-0.45519457334675656,7.216476505907212,0.33350599452614027,-0.07422048474302646,-0.2103295020024158,-0.07539981599868269,-3.3360755910696676,3.110383592771682
S43A13T05,0.9,0.8260927881868226,1.5695081974503724,0.6485765835727182,3.8596090738243998,-1.6380306538253855,-0.45678103201893266,-1.107926547432647,-0.4419737667295201,7.2604967737681205,0.30880247220598456,-0.07590622116894956,-0.22477783369021165,-0.057325237099003196,-3.3063764657937282,3.1092377913701554
