trial,mode,frame0,nominal_time_s,raw_review_flag,raw_repeated_previous,foot_separation_camera_xz_m,foot_separation_camera_x_m,com_camera_x_m,foot_midpoint_camera_x_m,com_relative_to_foot_midpoint_camera_x_m,com_camera_y_m,foot_midpoint_camera_y_m,com_relative_to_foot_midpoint_camera_y_m,com_camera_z_m,foot_midpoint_camera_z_m,com_relative_to_foot_midpoint_camera_z_m
S43A10T02,raw,0,0.0,False,False,0.28731814195179894,0.2818157958984375,-1.401669114151496,-1.3479622192382812,-0.0537068949132149,-0.17864170162582235,0.7272645263671875,-0.9059062279930099,2.0939429560259737,2.084388427734375,0.00955452829159853
S43A10T02,raw,1,0.03333333333333333,False,False,0.30872063324687693,0.30783642578125003,-1.400249981314357,-1.3393542480468752,-0.060895733267481766,-0.18287849455437952,0.7192825317382813,-0.9021610262926608,2.0950687045442,2.0412904663085936,0.053778238235606235
S43A10T02,raw,2,0.06666666666666667,False,False,0.31369890473219325,0.31283972167968765,-1.4012172932339695,-1.3372142944335939,-0.06400299880037563,-0.18405494686624077,0.7120916137695312,-0.896146560635772,2.0936921519072293,2.036297790527344,0.05739436137988552
S43A10T02,raw,3,0.1,False,False,0.315890695016136,0.31491113281250005,-1.40236179669686,-1.3393614501953126,-0.0630003465015474,-0.1857090144489843,0.7115554504394532,-0.8972644648884376,2.092546067978859,2.0333899536132813,0.05915611436557766
S43A10T02,raw,4,0.13333333333333333,False,False,0.3161374355742668,0.31602453613281245,-1.3950986657600648,-1.3346856079101563,-0.06041305784990847,-0.18265919910580722,0.6991333618164063,-0.8817925609222135,2.096182434465822,2.026342834472656,0.06983959999316625
S43A10T02,raw,5,0.16666666666666666,False,False,0.2895586682755592,0.28410974121093746,-1.4045359880067794,-1.3510692749023439,-0.053466713104435515,-0.17859198348916255,0.7192463073730468,-0.8978382908622093,2.086040816444965,2.071642883300781,0.014397933144183916
S43A10T02,raw,6,0.2,False,False,0.3024284270255537,0.3021018066406249,-1.4005665312281108,-1.3369404296875,-0.06362610154061077,-0.17866183501401778,0.707133056640625,-0.8857948916546428,2.08449162837556,2.04196826171875,0.04252336665680989
S43A10T02,raw,7,0.23333333333333334,False,False,0.30375249269138693,0.3034520263671876,-1.3974519005361157,-1.3361831665039063,-0.06126873403220934,-0.17948322422716856,0.7048575134277344,-0.884340737654903,2.090979219504353,2.043733947753906,0.04724527175044679
S43A10T02,raw,8,0.26666666666666666,False,False,0.31501083776739325,0.3141964111328124,-1.390864527156981,-1.3482804565429687,-0.04258407061401237,-0.18938116621863516,0.6909983520507812,-0.8803795182694163,2.09745306136152,2.026610717773438,0.07084234358808228
S43A10T02,raw,9,0.3,False,False,0.3191119325952366,0.3182019042968749,-1.3919173319323535,-1.3416881103515625,-0.050229221580790906,-0.18820982756948432,0.6875059204101563,-0.8757157479796407,2.0950839471692113,2.026469909667969,0.06861403750124229
S43A10T02,raw,10,0.3333333333333333,False,False,0.3134012999239495,0.31191210937500014,-1.3936709618242342,-1.3422894287109375,-0.05138153311329674,-0.18801884836767893,0.6898702087402344,-0.8778890571079133,2.096429433350344,2.0273213500976563,0.0691080832526878
S43A10T02,raw,11,0.36666666666666664,False,False,0.3118850231987666,0.3107005615234375,-1.3935719993869136,-1.3421484985351562,-0.0514235008517574,-0.1877386734964848,0.6903932495117188,-0.8781319230082035,2.097394829870888,2.0307522583007813,0.06664257157010667
S43A10T02,raw,12,0.4,False,False,0.30412083356573133,0.303698974609375,-1.3948611520622447,-1.3422430419921874,-0.052618110070057345,-0.18573417918478755,0.6902480773925781,-0.8759822565773656,2.1014577350236934,2.0288837890625,0.07257394596119315
S43A10T02,raw,13,0.43333333333333335,False,False,0.3041195374303792,0.30369775390625,-1.3948612197562285,-1.3422442626953126,-0.05261695706091585,-0.18573387130698346,0.6902470703125,-0.8759809416194835,2.1014585913868022,2.0288812255859376,0.0725773658008646
S43A10T02,raw,14,0.4666666666666667,False,False,0.3067143731904632,0.3064854736328124,-1.3935872053693896,-1.3489672241210937,-0.044619981248295915,-0.1887068555918794,0.6875184631347657,-0.8762253187266451,2.1056611540295926,2.025019897460938,0.08064125656865473
S43A10T02,raw,15,0.5,False,False,0.3118073750973849,0.3116624755859374,-1.3919846678663692,-1.3469403686523438,-0.04504429921402542,-0.18746945807407248,0.6817674255371093,-0.8692368836111818,2.1025575178257645,2.0204736938476566,0.08208382397810787
S43A10T02,raw,16,0.5333333333333333,False,False,0.27263656433101624,0.26126782226562484,-1.3973139869201154,-1.3828394775390627,-0.01447450938105277,-0.186171486059381,0.7033269958496093,-0.8894984819089904,2.0995566291500958,2.0483997192382812,0.05115690991181454
S43A10T02,raw,17,0.5666666666666667,False,False,0.30950322449561757,0.3078924560546874,-1.3953564864301495,-1.3588906860351564,-0.03646580039499314,-0.18534525153744172,0.6960379638671875,-0.8813832154046293,2.097930059081414,2.0146473388671877,0.08328272021422611
S43A10T02,raw,18,0.6,False,False,0.3216330453231143,0.3191621093749999,-1.3918544769641736,-1.3582050781250001,-0.033649398839173505,-0.18646279986256428,0.6864588317871094,-0.8729216316496737,2.1002022465245282,2.0008516845703124,0.09935056195421588
S43A10T02,raw,19,0.6333333333333333,False,False,0.2986872784258184,0.28102136230468755,-1.4015656610003726,-1.3842251586914063,-0.017340502308966332,-0.17989363627712127,0.7239892578125,-0.9038828940896213,2.102376922960536,2.05109912109375,0.0512778018667861
S43A10T02,raw,20,0.6666666666666666,False,False,0.29658858537234306,0.27208959960937507,-1.402063691292552,-1.3858638916015624,-0.016199799690989503,-0.17660109505028496,0.7275625915527344,-0.9041636866030194,2.111584319822947,2.0725227661132815,0.039061553709665464
S43A10T02,raw,21,0.7,False,False,0.28719697475881034,0.26217944335937493,-1.4025883538912047,-1.38680419921875,-0.015784154672454642,-0.17652771953546736,0.7337641906738281,-0.9102919102092955,2.1074961835138546,2.0878908081054686,0.019605375408386028
S43A10T02,raw,22,0.7333333333333333,False,False,0.2864566153620732,0.2616273193359375,-1.4031401388124358,-1.3863078002929687,-0.016832338519467083,-0.1764098752700056,0.7337598266601563,-0.9101697019301619,2.107218412945364,2.090194641113281,0.017023771832083145
S43A10T02,raw,23,0.7666666666666667,False,False,0.2864544565305057,0.2616260986328125,-1.4031417506561448,-1.3863054809570312,-0.01683626969911356,-0.17640950924528426,0.7337588500976563,-0.9101683593429406,2.107218242610938,2.090197631835937,0.017020610775000833
S43A10T02,raw,24,0.8,False,True,0.2864544565305057,0.2616260986328125,-1.4031417506561448,-1.3863054809570312,-0.01683626969911356,-0.17640950924528426,0.7337588500976563,-0.9101683593429406,2.107218242610938,2.090197631835937,0.017020610775000833
S43A10T02,raw,25,0.8333333333333334,False,True,0.2864544565305057,0.2616260986328125,-1.4031417506561448,-1.3863054809570312,-0.01683626969911356,-0.17640950924528426,0.7337588500976563,-0.9101683593429406,2.107218242610938,2.090197631835937,0.017020610775000833
S43A10T02,raw,26,0.8666666666666667,False,True,0.2864544565305057,0.2616260986328125,-1.4031417506561448,-1.3863054809570312,-0.01683626969911356,-0.17640950924528426,0.7337588500976563,-0.9101683593429406,2.107218242610938,2.090197631835937,0.017020610775000833
S43A10T02,raw,27,0.9,False,False,0.29591178022410386,0.26360522460937497,-1.408027251810796,-1.374099365234375,-0.033927886576420985,-0.17430671691099878,0.7249813537597656,-0.8992880706707643,2.11130857695124,2.0851064453125,0.026202131638739967
S43A10T02,raw,28,0.9333333333333333,False,False,0.29623895599698047,0.2636845703124999,-1.4081186108922634,-1.373743408203125,-0.03437520268913841,-0.17435509285538103,0.7248939208984375,-0.8992490137538185,2.1111894613916156,2.0850438232421875,0.026145638149428052
S43A10T02,raw,29,0.9666666666666667,False,False,0.3096120967852683,0.2884373779296876,-1.4162872000934226,-1.3530720825195313,-0.06321511757389131,-0.17318918512800197,0.7479319763183594,-0.9211211614463614,2.11011581651411,2.093565368652344,0.01655044786176596
S43A10T02,raw,30,1.0,False,False,0.31386859731494055,0.29896948242187493,-1.4098904280625966,-1.3570396728515626,-0.052850755211033995,-0.17377097680588494,0.7395130920410157,-0.9132840688469006,2.1072514324952345,2.1060115966796875,0.0012398358155469857
S43A10T02,raw,31,1.0333333333333334,False,False,0.31314088584030947,0.3056108398437498,-1.4076393903536182,-1.3667451171875,-0.040894273166118156,-0.17430836705076563,0.743525390625,-0.9178337576757656,2.1102051968192255,2.1064434814453126,0.0037617153739128995
S43A10T02,raw,32,1.0666666666666667,False,False,0.303038093361894,0.2953917236328125,-1.4028922221789148,-1.3679863891601562,-0.0349058330187586,-0.17457744814459528,0.7407502441406251,-0.9153276922852204,2.1130739425125085,2.1053214111328127,0.007752531379695782
S43A10T02,raw,33,1.1,False,False,0.3096282499800051,0.30904406738281254,-1.4004383934614166,-1.3483338012695314,-0.052104592191885235,-0.1777967085068856,0.7316363220214843,-0.9094330305283699,2.106439865126327,2.0606561279296876,0.04578373719663942
S43A10T02,raw,34,1.1333333333333333,False,False,0.30146753543829746,0.29977978515625003,-1.4028313823694503,-1.3602464599609374,-0.04258492240851286,-0.17817388295522762,0.7349470520019532,-0.9131209349571808,2.1124443078220883,2.0802088623046875,0.03223544551740076
S43A10T02,raw,35,1.1666666666666667,False,False,0.3116922295382743,0.30707141113281233,-1.4053105590289965,-1.3677467651367188,-0.03756379389227771,-0.17803459648260103,0.7387189636230469,-0.9167535601056479,2.1142904067477155,2.0864119873046874,0.027878419443028157
S43A10T02,raw,36,1.2,False,False,0.319542711670391,0.3142137451171876,-1.406656625682097,-1.3704990844726563,-0.03615754120944059,-0.17759344004398017,0.744176025390625,-0.9217694654346051,2.1096424265777896,2.100782470703125,0.008859955874664482
S43A10T02,raw,37,1.2333333333333334,False,False,0.3328003458342402,0.332249267578125,-1.4009491476511613,-1.3671522216796874,-0.03379692597147388,-0.1777704254129199,0.7288306579589844,-0.9066010833719043,2.1185705957705827,2.0486635742187502,0.06990702155183248
S43A10T02,raw,38,1.2666666666666666,False,False,0.3307053973575638,0.32901403808593743,-1.3927596951168923,-1.3720933227539063,-0.020666372362986074,-0.1781355741043497,0.7241734619140625,-0.9023090360184122,2.1157767470498636,2.031631286621094,0.08414546042876969
S43A10T02,raw,39,1.3,False,False,0.31528578775117727,0.3034914550781249,-1.3965898783228372,-1.3742418212890626,-0.022348057033774626,-0.173973592645921,0.7351389465332031,-0.9091125391791242,2.118917913053259,2.061513671875,0.05740424117825915
S43A10T02,raw,40,1.3333333333333333,False,False,0.32374621767613293,0.3221319580078126,-1.389301716785685,-1.3720338745117187,-0.017267842273966272,-0.17932169326446762,0.7198207397460937,-0.8991424330105613,2.1181445934228194,2.0209495849609374,0.097195008461882
S43A10T02,raw,41,1.3666666666666667,False,False,0.32002124955438616,0.31821081542968765,-1.3920954447754321,-1.3729473266601562,-0.019148118115275947,-0.17857386495384206,0.7212940979003906,-0.8998679628542327,2.115970521217388,2.013360290527344,0.10261023069004382
S43A10T02,raw,42,1.4,False,False,0.33054898278800243,0.3276392822265626,-1.390370481425626,-1.3739398803710938,-0.01643060105453209,-0.18161385713796369,0.7124781494140625,-0.8940920065520261,2.117237972459773,2.011433349609375,0.10580462285039793
S43A10T02,raw,43,1.4333333333333333,False,False,0.33968184013617253,0.33565209960937503,-1.3881268273010654,-1.3781312255859375,-0.009995601715127922,-0.18590330289079568,0.7022049560546875,-0.8881082589454832,2.1158646146352256,1.9975772705078128,0.11828734412741282
S43A10T02,raw,44,1.4666666666666666,False,False,0.3515115580459794,0.34546813964843737,-1.385941764205315,-1.3790615844726561,-0.006880179732658753,-0.18516747648572845,0.6943170166015625,-0.8794844930872909,2.113806723509458,1.9962835083007813,0.1175232152086767
S43A10T02,raw,45,1.5,False,False,0.3565384097154242,0.3482629394531249,-1.3873349820965764,-1.3833997802734377,-0.003935201823138668,-0.18646632765017368,0.6968057861328125,-0.8832721137829862,2.11654348035998,1.9972155151367188,0.11932796522326106
S43A10T02,raw,46,1.5333333333333334,False,False,0.35662771261114834,0.3463173828124999,-1.385249756199873,-1.3863895263671875,0.001139770167314591,-0.18754030416495573,0.6960663146972657,-0.8836066188622214,2.117657032688999,1.996355224609375,0.12130180807962399
S43A10T02,raw,47,1.5666666666666667,False,False,0.3571322833575663,0.3479172363281251,-1.3812372372209634,-1.3893218994140626,0.008084662193099224,-0.1881173187285008,0.6945901489257813,-0.8827074676542821,2.116486043069253,1.9928954467773439,0.12359059629190927
S43A10T02,raw,48,1.6,False,False,0.3571030376746194,0.3478873291015625,-1.3812633242993564,-1.3894032592773438,0.008139934977987373,-0.18811265659189164,0.6946067810058594,-0.882719437597751,2.116487846127884,1.9928623657226563,0.1236254804052277
S43A10T02,raw,49,1.6333333333333333,False,False,0.35752711206999,0.34824060058593753,-1.3810502563818225,-1.3897262573242188,0.00867600094239629,-0.18811114064694529,0.69453662109375,-0.8826477617406954,2.1164986225945737,1.9929241943359375,0.12357442825863618
S43A10T02,raw,50,1.6666666666666667,False,False,0.3620493852620444,0.35300903320312504,-1.3777581009797126,-1.3881849365234373,0.0104268355437247,-0.1924924061258053,0.6816177978515625,-0.8741102039773678,2.1152035058225476,1.9832916259765625,0.13191187984598507
S43A10T02,raw,51,1.7,False,False,0.3567201252589157,0.3471063232421876,-1.3786052265037025,-1.3861233520507814,0.007518125547078869,-0.19124039294943765,0.6855094909667969,-0.8767498839162345,2.1164388453516327,1.9803384399414063,0.1361004054102264
S43A10T02,raw,52,1.7333333333333334,False,False,0.35826973324892947,0.3459814453125001,-1.3814061196464786,-1.3802880859375,-0.0011180337089786718,-0.19002207979764915,0.6874749145507812,-0.8774969943484304,2.114121012194706,1.9832825927734374,0.13083841942126861
S43A10T02,raw,53,1.7666666666666666,False,False,0.36690770486062857,0.35657250976562493,-1.3763489332264673,-1.3911270751953126,0.014778141968845304,-0.1960676908033612,0.6808045654296875,-0.8768722562330487,2.1172042425751223,1.981752685546875,0.1354515570282473
S43A10T02,raw,54,1.8,False,False,0.37000644473340183,0.3592965087890625,-1.3755945880248746,-1.3942494506835938,0.018654862658719296,-0.19483135144459673,0.6793490295410156,-0.8741803809856123,2.116351894981986,1.9822858886718753,0.1340660063101109
S43A10T02,raw,55,1.8333333333333333,False,False,0.37011225699059047,0.35935729980468745,-1.3756072379270863,-1.3943403930664062,0.018733155139319946,-0.19479893041218324,0.6793418273925782,-0.8741407578047614,2.116361269376638,1.9823356323242187,0.1340256370524191
S43A10T02,raw,56,1.8666666666666667,False,False,0.3720560026142176,0.360809326171875,-1.3755833999661566,-1.3934974365234376,0.017914036557280966,-0.19430161642732874,0.67721875,-0.8715203664273288,2.117753996014184,1.9811796875,0.13657430851418395
S43A10T02,raw,57,1.9,False,False,0.3618689868322817,0.3545656738281251,-1.3720192738020947,-1.3949560546875,0.022936780885405295,-0.19151666236702775,0.6794135742187499,-0.8709302365857776,2.120154406110736,1.9862707519531253,0.13388365415761072
S43A10T02,raw,58,1.9333333333333333,False,False,0.35928956232681286,0.35288708496093757,-1.374997614604798,-1.3905801391601562,0.015582524555358246,-0.1920258591264371,0.6830336303710938,-0.8750594894975309,2.1183667196764504,1.9922201538085937,0.12614656586785666
S43A10T02,raw,59,1.9666666666666666,False,False,0.35493478234779735,0.3467065429687499,-1.3810343562523368,-1.3778216552734377,-0.003212700978899141,-0.1871700831909423,0.6977067565917969,-0.8848768397827392,2.116721175088661,1.9918742065429687,0.12484696854569233
S43A10T02,raw,60,2.0,False,False,0.35235417648527934,0.3461870117187502,-1.3716039991060875,-1.379038818359375,0.0074348192532873725,-0.1891651921809207,0.6818091125488281,-0.8709743047297489,2.117260827626635,1.99209912109375,0.12516170653288516
S43A10T02,raw,61,2.033333333333333,False,False,0.3472458256778876,0.34006689453124994,-1.3702917314967997,-1.3700960693359376,-0.00019566216086208676,-0.19087357885313558,0.6818753967285156,-0.8727489755816512,2.117032605710977,1.9842346191406248,0.13279798657035213
S43A10T02,raw,62,2.066666666666667,False,False,0.34294980325076063,0.33273718261718765,-1.3725309035212532,-1.3651227416992189,-0.007408161822034298,-0.1915101489357635,0.6845526733398437,-0.8760628222756073,2.116687685198781,1.9779097290039063,0.13877795619487476
S43A10T02,raw,63,2.1,False,False,0.3429471222631638,0.3327158203125,-1.372525783065875,-1.3650872802734375,-0.007438502792437518,-0.1915119214406398,0.6845138549804688,-0.8760257764211086,2.116653245026446,1.9778239135742188,0.1388293314522273
S43A10T02,raw,64,2.1333333333333333,False,False,0.342838915700403,0.332531494140625,-1.3724639682777164,-1.364923095703125,-0.007540872574591351,-0.1914296162816562,0.6844223327636718,-0.875851949045328,2.1165225525883993,1.97711181640625,0.13941073618214928
S43A10T02,raw,65,2.1666666666666665,False,False,0.3429828209089112,0.33246423339843756,-1.3724370349329538,-1.3648103637695312,-0.007626671163422527,-0.19145916620419418,0.6843567199707031,-0.8758158861748973,2.1164615118828825,1.9771039428710937,0.13935756901178875
S43A10T02,raw,66,2.2,False,False,0.34291782794719927,0.3320611572265624,-1.3721679531714523,-1.3653173217773438,-0.006850631394108575,-0.1915112305380419,0.6839097900390625,-0.8754210205771044,2.1163827815621876,1.976278991699219,0.14010378986296868
S43A10T02,raw,67,2.2333333333333334,False,False,0.3430418077110038,0.33190502929687504,-1.3720031269985615,-1.3653802490234375,-0.006622877975124064,-0.1915854445495916,0.6837559509277344,-0.875341395477326,2.116140991160554,1.9760953979492188,0.14004559321133536
S43A10T02,raw,68,2.2666666666666666,False,False,0.34293256724115617,0.3297875976562499,-1.3766366405278614,-1.3611656494140625,-0.015470991113798904,-0.1881718078069865,0.6872923889160156,-0.8754641967230021,2.1129875877202102,1.9760167236328126,0.13697086408739767
S43A10T02,raw,69,2.3,False,False,0.3459877844811841,0.33283691406250004,-1.371480992798511,-1.3653426513671874,-0.006138341431323635,-0.18967192374432482,0.6822606201171875,-0.8719325438615123,2.113549897305251,1.9777075805664064,0.1358423167388445
S43A10T02,raw,70,2.3333333333333335,False,False,0.3498728702242223,0.33750891113281245,-1.3702222276212708,-1.3638641967773437,-0.006358030843927054,-0.1904381163643771,0.6798542785644531,-0.8702923949288303,2.1123155980266195,1.9726181640625002,0.13969743396411927
S43A10T02,raw,71,2.3666666666666667,False,False,0.35316523482148476,0.33701635742187497,-1.372139355668199,-1.364897705078125,-0.007241650590073867,-0.19283993070986039,0.6786319580078125,-0.8714718887176729,2.11185798315723,1.9676480712890627,0.14420991186816723
S43A10T02,raw,72,2.4,False,False,0.3556396830224808,0.3373477783203125,-1.3729107386915227,-1.3601760864257812,-0.012734652265741442,-0.19201174244197403,0.6763999633789062,-0.8684117058208802,2.110006685585187,1.9614244995117187,0.1485821860734684
S43A10T02,raw,73,2.433333333333333,False,False,0.36248579697757777,0.30531018066406257,-1.3700266139560537,-1.3825962524414064,0.012569638485352641,-0.19692360506665998,0.675855224609375,-0.8727788296760349,2.114553784075119,2.0087608032226565,0.10579298085246247
S43A10T02,raw,74,2.466666666666667,False,False,0.35875090822371136,0.34323852539062494,-1.370940164130063,-1.3740919189453127,0.003151754815249763,-0.19424932607696474,0.6665149536132813,-0.860764279690246,2.108213097845881,1.9712012329101563,0.1370118649357246
S43A10T02,raw,75,2.5,False,False,0.3603207122077171,0.3455101318359375,-1.3711199276171024,-1.3801843872070312,0.009064459589928742,-0.19758779649744002,0.6650024108886718,-0.8625902073861118,2.110931836676419,1.967177978515625,0.14375385816079422
S43A10T02,raw,76,2.533333333333333,False,False,0.3585148059315446,0.3464427490234374,-1.368753192315008,-1.3831825561523439,0.01442936383733584,-0.19701378549276777,0.6660407409667969,-0.8630545264595646,2.113843736380574,1.9679141845703123,0.14592955181026168
S43A10T02,raw,77,2.566666666666667,False,False,0.35723943428306965,0.3457642822265625,-1.3703124390633665,-1.3813347778320313,0.011022338768664763,-0.19703960278307056,0.6683030700683594,-0.86534267285143,2.1151063949293833,1.9682205810546876,0.1468858138746958
S43A10T02,raw,78,2.6,False,False,0.35723542138133163,0.3462977294921874,-1.369773268566549,-1.3770088500976563,0.007235581531107371,-0.1957555156940829,0.6654543151855469,-0.8612098308796298,2.1148152324463845,1.9655612182617188,0.14925401418466566
S43A10T02,raw,79,2.6333333333333333,False,False,0.33729149431106087,0.33155297851562504,-1.3700074347703592,-1.3782587890625,0.008251354292140745,-0.19264849469089368,0.6743788452148438,-0.8670273399057375,2.1242835519300023,1.9895303344726565,0.1347532174573458
S43A10T02,raw,80,2.6666666666666665,False,False,0.33263819129525635,0.3291151123046876,-1.3673750452978697,-1.3692223510742187,0.001847305776349062,-0.19244934528951382,0.6730455932617188,-0.8654949385512326,2.1245097748503827,1.9912473144531249,0.13326246039725786
S43A10T02,raw,81,2.7,False,False,0.32515223264480936,0.3222841796875,-1.3674870502480034,-1.3641627197265627,-0.003324330521440766,-0.18928244947199466,0.6782295532226563,-0.867512002694651,2.124268153930376,1.9928757324218749,0.13139242150850095
S43A10T02,raw,82,2.7333333333333334,False,False,0.3227528314185777,0.3198139648437499,-1.367020967889096,-1.3623587646484374,-0.004662203240658691,-0.18984077370369365,0.6819355163574219,-0.8717762900611156,2.1268400703062587,1.9934102172851562,0.13342985302110244
S43A10T02,raw,83,2.7666666666666666,False,False,0.3233941729264069,0.3204771728515625,-1.3606829973681231,-1.365741882324219,0.005058884956095744,-0.19362697587794842,0.6821096801757813,-0.8757366560537297,2.131402975440787,1.9902301025390625,0.1411728729017243
S43A10T02,raw,84,2.8,False,False,0.3273877115790437,0.32471142578125,-1.3565264950620701,-1.3691705322265626,0.012644037164492472,-0.19448686890775368,0.675946044921875,-0.8704329138296287,2.132328573275987,1.9917967529296874,0.14053182034629952
S43A10T02,raw,85,2.8333333333333335,False,False,0.32827652908811206,0.32584375,-1.3557475131168901,-1.3697844238281252,0.014036910711235029,-0.1945522829980142,0.674659423828125,-0.8692117068261392,2.133966010782687,1.990314636230469,0.14365137455221832
S43A10T02,raw,86,2.8666666666666667,False,False,0.318739779194441,0.31762451171874995,-1.3477822731384492,-1.3834447021484375,0.03566242900998828,-0.19833175246316292,0.6686112670898438,-0.8669430195530067,2.14448686194241,1.998289123535156,0.14619773840725392
S43A10T02,raw,87,2.9,False,False,0.31058187629926515,0.31056945800781244,-1.3431302515148638,-1.3888294067382811,0.04569915522341739,-0.19873939438279126,0.6687828979492187,-0.8675222923320101,2.154217492092125,2.0069248046875,0.14729268740462498
S43A10T02,raw,88,2.933333333333333,False,False,0.31968745030137524,0.31784570312499993,-1.3389941431634402,-1.3943989257812501,0.0554047826178099,-0.20255726199468993,0.6705106201171875,-0.8730678821118775,2.1605109192729555,2.0258003540039065,0.134710565269049
S43A10T02,raw,89,2.966666666666667,False,False,0.3109894935111403,0.3036728515624998,-1.3344792501690357,-1.39543603515625,0.06095678498721435,-0.1967726827274662,0.6751431274414063,-0.8719158101688724,2.176461410452947,2.0541647338867186,0.12229667656622834
S43A10T02,raw,90,3.0,False,False,0.30728343705608224,0.2899307861328124,-1.3308935581827637,-1.3974059448242189,0.0665123866414552,-0.19507252813227569,0.6794842224121094,-0.8745567505443851,2.184197718952816,2.0788160400390625,0.10538167891375361
S43A10T02,raw,91,3.033333333333333,False,False,0.3067546990146844,0.2756112060546876,-1.3238578730599964,-1.3948700561523437,0.07101218309234736,-0.19214101245379284,0.687276611328125,-0.8794176237819178,2.1976935135568074,2.1031240234375,0.09456949011930726
S43A10T02,raw,92,3.066666666666667,False,False,0.29706668678797327,0.26326171874999993,-1.3177865177104795,-1.3932073974609376,0.07542087975045808,-0.19183668653876018,0.6858294372558593,-0.8776661237946195,2.2037704473536732,2.1112594604492188,0.09251098690445447
S43A10T02,raw,93,3.1,False,False,0.2953197877364126,0.25523559570312493,-1.3129398271353112,-1.3906109619140625,0.07767113477875132,-0.19159161543675762,0.6921593627929687,-0.8837509782297264,2.2108961796257534,2.1230841064453125,0.08781207318044082
S43A10T02,raw,94,3.1333333333333333,False,False,0.2916455979716991,0.24670336914062507,-1.3077551370577685,-1.3871903076171876,0.07943517055941918,-0.19241207618809333,0.6917332763671875,-0.8841453525552808,2.2193366587325682,2.126460083007813,0.09287657572475538
S43A10T02,raw,95,3.1666666666666665,False,False,0.28359544672792064,0.24662768554687498,-1.304618749011124,-1.383458984375,0.07884023536387597,-0.1903973421481602,0.6966224365234375,-0.8870197786715976,2.224514793254594,2.1270360107421875,0.0974787825124066
S43A10T02,raw,96,3.2,False,False,0.276630635382463,0.2406871337890626,-1.2966989664720745,-1.3841963500976564,0.0874973836255819,-0.18546784696628282,0.7108069458007813,-0.8962747927670641,2.2368867032345574,2.1375665283203125,0.09932017491424494
S43A10T02,raw,97,3.2333333333333334,False,False,0.2819074451175991,0.24067492675781255,-1.291150481048769,-1.3839458618164062,0.09279538076763716,-0.18335029006124393,0.7173678588867187,-0.9007181489479626,2.245502491718523,2.1406629638671877,0.10483952785133521
S43A10T02,raw,98,3.2666666666666666,False,False,0.28328887291621013,0.2322969970703126,-1.2756863917944752,-1.379464050292969,0.10377765849849374,-0.1780382436050185,0.7154833068847657,-0.8935215504897842,2.2567573108872407,2.153182861328125,0.10357444955911577
S43A10T02,raw,99,3.3,False,False,0.2853794965037055,0.22833337402343767,-1.2692939888849946,-1.3785457153320313,0.10925172644703673,-0.18044383176669954,0.7134849243164063,-0.8939287560831058,2.267052001802729,2.1530429687500003,0.1140090330527288
S43A10T02,raw,100,3.3333333333333335,False,False,0.27755778957511074,0.22811376953124984,-1.2589305207394053,-1.3820540771484375,0.12312355640903228,-0.1830210468019665,0.7064072875976563,-0.8894283343996228,2.280500234774762,2.148331787109375,0.13216844766538705
S43A10T02,raw,101,3.3666666666666667,False,False,0.27780482599177253,0.2271536865234376,-1.250714125201822,-1.3771537475585938,0.12643962235677186,-0.17722362827302587,0.7063675537109375,-0.8835911819839634,2.2866107986867585,2.1490681152343747,0.13754268345238385
S43A10T02,raw,102,3.4,False,False,0.2524875784181543,0.19933081054687496,-1.2403259072094246,-1.3715311279296873,0.13120522072026275,-0.17757104790493905,0.7162470703125,-0.8938181182174391,2.2944015116653853,2.157951049804687,0.1364504618606981
S43A10T02,raw,103,3.433333333333333,False,False,0.24962694318423442,0.18539904785156236,-1.221822225137299,-1.3708416137695312,0.14901938863223219,-0.16993952432131304,0.7262708129882813,-0.8962103373095944,2.3172901932286636,2.1593299560546875,0.15796023717397611
S43A10T02,raw,104,3.466666666666667,False,False,0.2447985371082601,0.19161767578125,-1.215913524877101,-1.363199951171875,0.14728642629477418,-0.16176602965592937,0.7336273498535156,-0.895393379509445,2.3293977334534426,2.1630631103515627,0.16633462310187985
S43A10T02,raw,105,3.5,False,False,0.24915048982035684,0.2174332275390627,-1.2088083554449318,-1.360835144042969,0.1520267885980371,-0.1553258729610545,0.7348266906738281,-0.8901525636348826,2.3370393064683133,2.149575317382813,0.18746398908550033
S43A10T02,raw,106,3.533333333333333,False,False,0.27433583774860837,0.2501931152343748,-1.2010348513434461,-1.3738492431640625,0.17281439182061642,-0.1462654440327563,0.741908203125,-0.8881736471577564,2.361133457926798,2.1630482177734374,0.1980852401533606
S43A10T02,raw,107,3.566666666666667,False,False,0.316776195350135,0.2957604980468749,-1.188025432864074,-1.3776756591796875,0.18965022631561346,-0.13002677392904455,0.7472799682617188,-0.8773067421907634,2.3768946118657963,2.1646326904296878,0.21226192143610856
S43A10T02,raw,108,3.6,False,False,0.3263670977269203,0.30722668457031244,-1.1720387819468836,-1.3807582397460938,0.2087194577992102,-0.11361399416608425,0.7517574157714844,-0.8653714099375687,2.3944238572086944,2.170976196289063,0.22344766091963164
S43A10T02,raw,109,3.6333333333333333,False,False,0.34352579136447775,0.3227213134765625,-1.160373980438658,-1.3852887573242187,0.22491477688556083,-0.10561661526358074,0.7486051940917968,-0.8542218093553775,2.4152458674234123,2.174902099609375,0.24034376781403743
S43A10T02,raw,110,3.6666666666666665,False,False,0.3434013767551008,0.3357587890625,-1.1417171296463169,-1.384664306640625,0.24294717699430812,-0.08420119842727188,0.7586813659667969,-0.8428825643940688,2.438317614018052,2.1725842285156247,0.2657333855024273
S43A10T02,raw,111,3.7,False,False,0.3618403576163842,0.34949682617187494,-1.1275239283548546,-1.3784163818359376,0.250892453481083,-0.06521019139688161,0.7497114868164063,-0.814921678213288,2.4514545803842838,2.1633790283203123,0.2880755520639715
S43A10T02,raw,112,3.7333333333333334,False,False,0.3626299482066822,0.35171801757812515,-1.1014092457605151,-1.3879974365234375,0.2865881907629224,-0.05154976355567586,0.7188804016113282,-0.770430165167004,2.487742011206814,2.135170288085938,0.35257172312087626
S43A10T02,raw,113,3.7666666666666666,False,False,0.3060607798928028,0.25540502929687503,-1.0761671632238248,-1.4343560791015624,0.3581889158777376,-0.026811047357343718,0.6976372680664062,-0.72444831542375,2.5108131045890043,2.1197014160156247,0.39111168857337963
S43A10T02,raw,114,3.8,True,False,0.23891827173199628,0.16121984863281247,-1.0337991178893333,-1.4196301879882813,0.385831070098948,0.00043685656584470205,0.6343709716796875,-0.6339341151138428,2.54002379182471,2.107543884277344,0.432479907547366
S43A10T02,raw,115,3.8333333333333335,True,False,0.010261242923370524,0.008539184570312441,-0.7427979928639018,-1.2835615844726562,0.5407635916087544,0.24611228723253858,0.10578670883178712,0.14032557840075147,2.8548397232853318,2.069220947265625,0.7856187760197066
S43A10T02,raw,116,3.8666666666666667,False,True,0.010261242923370524,0.008539184570312441,-0.7427979928639018,-1.2835615844726562,0.5407635916087544,0.24611228723253858,0.10578670883178712,0.14032557840075147,2.8548397232853318,2.069220947265625,0.7856187760197066
S43A10T02,raw,117,3.9,False,True,0.010261242923370524,0.008539184570312441,-0.7427979928639018,-1.2835615844726562,0.5407635916087544,0.24611228723253858,0.10578670883178712,0.14032557840075147,2.8548397232853318,2.069220947265625,0.7856187760197066
S43A10T02,raw,118,3.933333333333333,False,True,0.010261242923370524,0.008539184570312441,-0.7427979928639018,-1.2835615844726562,0.5407635916087544,0.24611228723253858,0.10578670883178712,0.14032557840075147,2.8548397232853318,2.069220947265625,0.7856187760197066
S43A10T02,raw,119,3.966666666666667,False,True,0.010261242923370524,0.008539184570312441,-0.7427979928639018,-1.2835615844726562,0.5407635916087544,0.24611228723253858,0.10578670883178712,0.14032557840075147,2.8548397232853318,2.069220947265625,0.7856187760197066
S43A10T02,raw,120,4.0,False,True,0.010261242923370524,0.008539184570312441,-0.7427979928639018,-1.2835615844726562,0.5407635916087544,0.24611228723253858,0.10578670883178712,0.14032557840075147,2.8548397232853318,2.069220947265625,0.7856187760197066
S43A10T02,raw,121,4.033333333333333,False,True,0.010261242923370524,0.008539184570312441,-0.7427979928639018,-1.2835615844726562,0.5407635916087544,0.24611228723253858,0.10578670883178712,0.14032557840075147,2.8548397232853318,2.069220947265625,0.7856187760197066
S43A10T02,raw,122,4.066666666666666,False,True,0.010261242923370524,0.008539184570312441,-0.7427979928639018,-1.2835615844726562,0.5407635916087544,0.24611228723253858,0.10578670883178712,0.14032557840075147,2.8548397232853318,2.069220947265625,0.7856187760197066
S43A10T02,raw,123,4.1,False,True,0.010261242923370524,0.008539184570312441,-0.7427979928639018,-1.2835615844726562,0.5407635916087544,0.24611228723253858,0.10578670883178712,0.14032557840075147,2.8548397232853318,2.069220947265625,0.7856187760197066
S43A10T02,raw,124,4.133333333333334,False,True,0.010261242923370524,0.008539184570312441,-0.7427979928639018,-1.2835615844726562,0.5407635916087544,0.24611228723253858,0.10578670883178712,0.14032557840075147,2.8548397232853318,2.069220947265625,0.7856187760197066
S43A10T02,raw,125,4.166666666666667,False,True,0.010261242923370524,0.008539184570312441,-0.7427979928639018,-1.2835615844726562,0.5407635916087544,0.24611228723253858,0.10578670883178712,0.14032557840075147,2.8548397232853318,2.069220947265625,0.7856187760197066
S43A10T02,raw,126,4.2,False,True,0.010261242923370524,0.008539184570312441,-0.7427979928639018,-1.2835615844726562,0.5407635916087544,0.24611228723253858,0.10578670883178712,0.14032557840075147,2.8548397232853318,2.069220947265625,0.7856187760197066
S43A10T02,raw,127,4.233333333333333,False,True,0.010261242923370524,0.008539184570312441,-0.7427979928639018,-1.2835615844726562,0.5407635916087544,0.24611228723253858,0.10578670883178712,0.14032557840075147,2.8548397232853318,2.069220947265625,0.7856187760197066
S43A10T02,raw,128,4.266666666666667,False,False,0.009014852986594126,0.008970458984374874,-0.7482118423210682,-1.2809279785156251,0.5327161361945569,0.23257208858490108,0.09169778060913086,0.14087430797577022,2.8561148891701476,2.06837548828125,0.7877394008888974
S43A10T02,raw,129,4.3,True,False,0.01954206700163197,0.0020584716796876457,-0.7702550480128799,-1.2795662231445313,0.5093111751316514,0.16805386268302708,0.0821549949645996,0.08589886771842747,2.837802821091807,2.046255981445313,0.791546839646494
S43A10T02,raw,130,4.333333333333333,False,False,0.03330996182816208,0.005814331054687427,-0.7623372594875638,-1.2729223022460938,0.51058504275853,0.14191459567992037,0.029851019859313967,0.11206357582060641,2.8533057175967356,2.0628038330078127,0.7905018845889229
S43A10T02,raw,131,4.366666666666666,False,False,0.07770666627822648,0.06190026855468744,-0.7313847220754551,-1.2405385131835938,0.5091537911081386,0.139962732283732,0.0021685028076171876,0.1377942294761148,2.8888235744938995,2.0931624755859377,0.7956610989079618
S43A10T02,raw,132,4.4,False,False,0.08272733197415916,0.06395788574218764,-0.7192395260601383,-1.2190341186523437,0.4997945925922054,0.13867853970914373,-0.01897145652770996,0.1576499962368537,2.8881552660632184,2.1131317138671877,0.7750235521960307
S43A10T02,raw,133,4.433333333333334,False,False,0.09673110851041937,0.07480847167968752,-0.709368608878162,-1.2192521362304687,0.5098835273523067,0.14423993471630048,-0.0330883617401123,0.1773282964564128,2.8946912004495227,2.1293076171875,0.7653835832620226
S43A10T02,raw,134,4.466666666666667,False,False,0.014814611045081406,0.0019104003906249556,-0.6991073324517969,-1.2630163574218751,0.5639090249700782,0.20670809675163285,0.05513206672668457,0.1515760300249483,2.8994880199940405,2.107954833984375,0.7915331860096653
S43A10T02,raw,135,4.5,False,False,0.023273950692454463,0.02314196777343769,-0.6882801573907628,-1.2583684692382813,0.5700883118475185,0.22585053467413688,0.06205736732482911,0.16379316734930777,2.899417110228357,2.113126708984375,0.7862904012439818
S43A10T02,raw,136,4.533333333333333,True,False,0.11078300434036276,0.09798339843750004,-0.647378993143068,-1.16281591796875,0.515436924825682,0.3021900941903574,0.14502832794189452,0.1571617662484629,2.8949242926125573,2.1228092041015625,0.7721150885109949
S43A10T02,raw,137,4.566666666666666,False,False,0.022864248005697,0.021690551757812537,-0.701492033967939,-1.2027968139648437,0.5013047799969047,0.3003592337913874,0.1529337272644043,0.1474255065269831,2.927825488678585,2.138140625,0.7896848636785849
S43A10T02,raw,138,4.6,True,False,0.03434328167156086,0.03118579101562502,-0.62523114093724,-1.0609002685546876,0.4356691276174476,0.36646123954485493,0.37115844726562497,-0.004697207720770036,2.9181013856749103,2.164274169921875,0.7538272157530352
S43A10T02,raw,139,4.633333333333334,False,True,0.03434328167156086,0.03118579101562502,-0.62523114093724,-1.0609002685546876,0.4356691276174476,0.36646123954485493,0.37115844726562497,-0.004697207720770036,2.9181013856749103,2.164274169921875,0.7538272157530352
S43A10T02,raw,140,4.666666666666667,False,True,0.03434328167156086,0.03118579101562502,-0.62523114093724,-1.0609002685546876,0.4356691276174476,0.36646123954485493,0.37115844726562497,-0.004697207720770036,2.9181013856749103,2.164274169921875,0.7538272157530352
S43A10T02,raw,141,4.7,False,True,0.03434328167156086,0.03118579101562502,-0.62523114093724,-1.0609002685546876,0.4356691276174476,0.36646123954485493,0.37115844726562497,-0.004697207720770036,2.9181013856749103,2.164274169921875,0.7538272157530352
S43A10T02,raw,142,4.733333333333333,False,True,0.03434328167156086,0.03118579101562502,-0.62523114093724,-1.0609002685546876,0.4356691276174476,0.36646123954485493,0.37115844726562497,-0.004697207720770036,2.9181013856749103,2.164274169921875,0.7538272157530352
S43A10T02,raw,143,4.766666666666667,True,False,0.39845757402482435,0.25151416015625006,-0.7148795528995564,-1.33657373046875,0.6216941775691935,0.3586551488012938,0.5523106079101563,-0.1936554591088625,2.906532153444676,2.2451259765625,0.661406176882176
S43A10T02,raw,144,4.8,False,False,0.4358251481533052,0.2807982177734376,-0.724615901183205,-1.3663762817382814,0.6417603805550764,0.34991716070689444,0.5641056518554688,-0.21418849114857436,2.9043726143564452,2.253466796875,0.650905817481445
S43A10T02,raw,145,4.833333333333333,False,False,0.42662107853146575,0.2991136474609375,-0.7273949571469109,-1.3909984741210937,0.6636035169741827,0.3481035970604223,0.5327230987548828,-0.18461950169446045,2.898656623863295,2.227276611328125,0.6713800125351703
S43A10T02,raw,146,4.866666666666666,False,False,0.4495983797841094,0.30250732421875015,-0.7495487686796438,-1.4169044189453124,0.6673556502656686,0.34246626187911744,0.44690605163574215,-0.10443978975662471,2.88086457172751,2.190150634765625,0.6907139369618851
S43A10T02,raw,147,4.9,False,False,0.3921187672860168,0.26246923828125013,-0.7454613290324738,-1.409747802734375,0.6642864737019013,0.34525379835924164,0.4488743591308594,-0.10362056077161774,2.878650216750342,2.189193054199219,0.6894571625511232
S43A10T02,raw,148,4.933333333333334,True,False,0.19868101539365327,0.11887976074218765,-0.7361108295590241,-1.3281852416992188,0.5920744121401947,0.3546305076342693,0.3285810546875,0.026049452946769303,2.849762895383234,2.12090625,0.7288566453832339
S43A10T02,raw,149,4.966666666666667,True,False,0.11419343096969514,0.10211059570312497,-0.6517183503833636,-1.1513304443359376,0.499612093952574,0.3610753883839348,0.4288926696777344,-0.06781728129379955,2.8420739016888255,2.11011181640625,0.7319620852825754
S43A10T02,raw,150,5.0,False,True,0.11419343096969514,0.10211059570312497,-0.6517183503833636,-1.1513304443359376,0.499612093952574,0.3610753883839348,0.4288926696777344,-0.06781728129379955,2.8420739016888255,2.11011181640625,0.7319620852825754
S43A10T02,raw,151,5.033333333333333,False,True,0.11419343096969514,0.10211059570312497,-0.6517183503833636,-1.1513304443359376,0.499612093952574,0.3610753883839348,0.4288926696777344,-0.06781728129379955,2.8420739016888255,2.11011181640625,0.7319620852825754
S43A10T02,raw,152,5.066666666666666,False,True,0.11419343096969514,0.10211059570312497,-0.6517183503833636,-1.1513304443359376,0.499612093952574,0.3610753883839348,0.4288926696777344,-0.06781728129379955,2.8420739016888255,2.11011181640625,0.7319620852825754
S43A10T02,raw,153,5.1,False,True,0.11419343096969514,0.10211059570312497,-0.6517183503833636,-1.1513304443359376,0.499612093952574,0.3610753883839348,0.4288926696777344,-0.06781728129379955,2.8420739016888255,2.11011181640625,0.7319620852825754
S43A10T02,raw,154,5.133333333333334,False,True,0.11419343096969514,0.10211059570312497,-0.6517183503833636,-1.1513304443359376,0.499612093952574,0.3610753883839348,0.4288926696777344,-0.06781728129379955,2.8420739016888255,2.11011181640625,0.7319620852825754
S43A10T02,raw,155,5.166666666666667,False,False,0.1255764460094251,0.10971569824218763,-0.6532718819314012,-1.1772571411132813,0.5239852591818801,0.36336717692458914,0.43767068481445315,-0.074303507889864,2.840207873686173,2.0989318847656246,0.7412759889205485
S43A10T02,filtered,0,0.0,False,False,0.28711615521277906,0.2813363562766482,-1.4016909959231445,-1.3481309570380302,-0.05356003888511429,-0.17864219972601458,0.7270265528604181,-0.9056687525864326,2.093907979012044,2.0841640948591436,0.009743884152900506
S43A10T02,filtered,1,0.03333333333333333,False,False,0.2900133347180328,0.28703657048539766,-1.400889844234813,-1.3456349616082066,-0.05525488262660638,-0.17965995517848107,0.7219172298756182,-0.9015771850540993,2.093406035312158,2.0751566295051607,0.0182494058069973
S43A10T02,filtered,2,0.06666666666666667,False,False,0.29376364334449395,0.29261190898260314,-1.400093042250512,-1.3432306033936214,-0.056862438856890574,-0.18066785557400872,0.716910137099398,-0.8975779926734067,2.0929625567218637,2.06638242417211,0.026580132549753888
S43A10T02,filtered,3,0.1,False,False,0.2981018692196218,0.2978812495302392,-1.3992980206277827,-1.3410475301050728,-0.05825049052270992,-0.18165646431079674,0.7120836071368584,-0.8937400714476551,2.0926294484189576,2.0580205259156723,0.03460892250328529
S43A10T02,filtered,4,0.13333333333333333,False,False,0.3026759254881208,0.3026715811305418,-1.39850481288305,-1.3392118495855567,-0.05929296329749323,-0.18261403967189485,0.7075181483957003,-0.8901321880675951,2.09245089290347,2.0502346562206224,0.042216236682847796
S43A10T02,filtered,5,0.16666666666666666,False,False,0.3070922506914491,0.30682432332946985,-1.397717749967143,-1.337841281007016,-0.059876468960126994,-0.18352568574267925,0.7032972970023952,-0.8868229827450744,2.0924603453646493,2.0431699753133064,0.04929037005134296
S43A10T02,filtered,6,0.2,False,False,0.31096257175228037,0.31020109969771625,-1.3969466093556084,-1.3370399477679324,-0.05990666158767599,-0.18437300526364486,0.6995071831745756,-0.8838801884382205,2.092678427656123,2.0369512223179456,0.055727205338177654
S43A10T02,filtered,7,0.23333333333333334,False,False,0.3139460329484685,0.31268883968208394,-1.3962070763165713,-1.3368929794821343,-0.059314096834437,-0.1851343488918307,0.6962346282496283,-0.881368977141459,2.093111885870753,2.0316820972743415,0.06142978859641168
S43A10T02,filtered,8,0.26666666666666666,False,False,0.3157834850231282,0.31420415072881736,-1.395520456125236,-1.3374611803637912,-0.05805927576144465,-0.1857856863932384,0.6935637889835335,-0.8793494753767719,2.093753672212957,2.027445547679399,0.06630812453355794
S43A10T02,filtered,9,0.3,False,False,0.3163226975102395,0.3146969306315992,-1.3949126600792994,-1.3387761117757337,-0.056136548303565625,-0.18630204807020756,0.6915715762562364,-0.877873624326444,2.0945841020389264,2.024304496405917,0.07027960563300928
S43A10T02,filtered,10,0.3333333333333333,False,False,0.3155340299371883,0.3141531756080891,-1.3944125646195462,-1.3408360129740942,-0.05357655164545205,-0.18665940907600456,0.6903222696533824,-0.8769816787293869,2.0955729349885908,2.0223025216597383,0.07327041332885242
S43A10T02,filtered,11,0.36666666666666664,False,False,0.3135159274441401,0.312596892648904,-1.3940499030706912,-1.343603028730334,-0.05044687434035722,-0.18683682604350751,0.6898619006093143,-0.8766987266528218,2.096682147910335,2.021464072692747,0.07521807521758817
S43A10T02,filtered,12,0.4,False,False,0.31048900619078673,0.3100909629835993,-1.3938528883328982,-1.347002208634379,-0.046850679698519304,-0.18681859400271966,0.690213062240269,-0.8770316562429887,2.0978691164531624,2.0217939588754694,0.07607515757769301
S43A10T02,filtered,13,0.43333333333333335,False,False,0.3067770563041013,0.30673674743150525,-1.393845780940673,-1.350922677773608,-0.042923103167064935,-0.18659617779105533,0.6913708092449317,-0.877966987035987,2.099089906442144,2.0232760539966135,0.07581385244553074
S43A10T02,filtered,14,0.4666666666666667,False,False,0.30277366787624715,0.30267219330801653,-1.3940466120105353,-1.3552212471883225,-0.03882536482221277,-0.186169687865362,0.6933002320570639,-0.879469919922426,2.1003023945721497,2.0258713753925353,0.07443101917961448
S43A10T02,filtered,15,0.5,False,False,0.2988950362166598,0.2980682126213845,-1.3944652482609572,-1.3597285404228336,-0.03473670783812355,-0.185548713658996,0.6959361319523059,-0.8814848456113018,2.101468984649959,2.029515890457998,0.07195309419196105
S43A10T02,filtered,16,0.5333333333333333,False,False,0.29552316545154783,0.29312316376577363,-1.3951019507205573,-1.3642574761268893,-0.030844474593668014,-0.1847523934629095,0.6991850039161647,-0.8839373973790742,2.1025587509574777,2.034118536917295,0.06844021404018275
S43A10T02,filtered,17,0.5666666666666667,False,False,0.29294853336211946,0.2880553881770187,-1.3959465342470905,-1.368613692011726,-0.027332842235364474,-0.18380868098907174,0.7029292762661092,-0.886737957255181,2.1035489127821765,2.0395599930372708,0.06398891974490573
S43A10T02,filtered,18,0.6,False,False,0.29132517964707033,0.28309392519121857,-1.3969781858058266,-1.3726072542372423,-0.024370931568584275,-0.18275285622894016,0.7070334915471559,-0.8897863477760961,2.104425612633849,2.045692689146885,0.058732923486963795
S43A10T02,filtered,19,0.6333333333333333,False,False,0.2906511184433455,0.2784677385504841,-1.3981659497595038,-1.3760648009708576,-0.02210114878864622,-0.18162541173460986,0.7113518769960303,-0.8929772887306402,2.1051840267220077,2.052342419210496,0.05284160751151168
S43A10T02,filtered,20,0.6666666666666666,False,False,0.2907812292204979,0.2743940125474529,-1.399469842121935,-1.378841147884222,-0.020628694237712963,-0.18046951471726783,0.715736578950809,-0.8962060936680768,2.1058278758625324,2.0593117152717357,0.04651616059079666
S43A10T02,filtered,21,0.7,False,False,0.2914700847413636,0.2710662818891014,-1.4008425161575238,-1.3808293575172796,-0.02001315864024411,-0.17932829140322193,0.720045751728082,-0.899374043131304,2.106368428711958,2.066384926808282,0.03998350190367628
S43A10T02,filtered,22,0.7333333333333333,False,False,0.29243317947746594,0.2686433094537619,-1.4022313711387893,-1.381968354134408,-0.020263017004381156,-0.1782421968237957,0.7241507135728693,-0.902392910396665,2.106823101019094,2.0733347454813176,0.03348835553777629
S43A10T02,filtered,23,0.7666666666666667,False,False,0.29341086267790434,0.267239685176087,-1.4035809752786754,-1.3822473489489506,-0.021333626329724797,-0.177246718686261,0.7279415098499351,-0.9051882285361961,2.1072137594398486,2.0799297712567144,0.027283988183134156
S43A10T02,filtered,24,0.8,False,True,0.2942207040694854,0.2669190634732306,-1.404835662051413,-1.381706612170126,-0.023129049881287056,-0.17637062082746569,0.7313304383176629,-0.9077010591451286,2.107564840390274,2.0859426489112245,0.021622191479049313
S43A10T02,filtered,25,0.8333333333333334,False,True,0.2947888011252239,0.2676907798553938,-1.4059421545068704,-1.3804344608125647,-0.025507693694305722,-0.1756348666599172,0.734253359454191,-0.9098882261141082,2.1079013954213113,2.091158312463076,0.016743082958235345
S43A10T02,filtered,26,0.8666666666666667,False,True,0.2951559925174559,0.2695103033555759,-1.4068520729832208,-1.3785606882149248,-0.028291384768295957,-0.17505228519063315,0.7366688940305851,-0.9117211792212183,2.108247174851905,2.0953819375425575,0.01286523730934741
S43A10T02,filtered,27,0.9,False,False,0.2954597225687094,0.27228362118699656,-1.4075241870824655,-1.376247001980095,-0.03127718510237054,-0.17462796153917146,0.738555857927681,-0.9131838194668525,2.1086228599822836,2.09844628648946,0.010176573492823415
S43A10T02,filtered,28,0.9333333333333333,False,False,0.29589637239269173,0.2758752588008597,-1.4079262836466797,-1.373675321485658,-0.034250962161021636,-0.1743602594427728,0.7399094659343115,-0.9142697253770843,2.1090445498308017,2.1002182075098705,0.008826342320931158
S43A10T02,filtered,29,0.9666666666666667,False,False,0.29667248022298043,0.28011926152184174,-1.408036540620189,-1.3710349798188468,-0.03700156080134209,-0.17424232222326155,0.7407369309029601,-0.9149792531262216,2.1095225996323697,2.100604097237232,0.008918502395137473
S43A10T02,filtered,30,1.0,False,False,0.29795598993431593,0.28483215195704736,-1.4078443238993665,-1.3685099540533607,-0.0393343698460058,-0.1742638561775459,0.7410530871735583,-0.9153169433511043,2.110060893911904,2.099554150065244,0.010506743846659727
S43A10T02,filtered,31,1.0333333333333334,False,False,0.2998392417563903,0.2898266719199749,-1.4073503608233722,-1.366267202840363,-0.0410831579830091,-0.17441297941543654,0.7408765875635478,-0.9152895669789843,2.1106566154596202,2.0970652066553486,0.013591408804271676
S43A10T02,filtered,32,1.0666666666666667,False,False,0.3023226429621304,0.29492504634235606,-1.4065662875723293,-1.3644470287492187,-0.04211925882311052,-0.1746779211327627,0.7402270822747989,-0.9149050034075616,2.111300542070523,2.0931819968262895,0.01811854524423362
S43A10T02,filtered,33,1.1,False,False,0.30532199927249315,0.2999705783160893,-1.4055136137025548,-1.3631561281389613,-0.04235748556359353,-0.17504838086800142,0.7391236118365331,-0.9141719927045345,2.1119778656314026,2.0879965700384444,0.02398129559295814
S43A10T02,filtered,34,1.1333333333333333,False,False,0.30869543605061905,0.3048365872158689,-1.4042221895361693,-1.3624636791375946,-0.0417585103985747,-0.17551640238209512,0.7375842608755465,-0.9131006632576416,2.112669484900119,2.0816457373210726,0.031023747579046468
S43A10T02,filtered,35,1.1666666666666667,False,False,0.3122806046251145,0.3094320062359459,-1.4027282960915584,-1.3624004901045872,-0.040327805986971166,-0.1760766783426386,0.7356269481858202,-0.9117036265284588,2.113353677888673,2.0743064212846716,0.03904725660400121
S43A10T02,filtered,36,1.2,False,False,0.31593130773268446,0.3137033206500972,-1.4010724998239876,-1.3629609278367183,-0.03811157198726933,-0.1767262737399721,0.7332710898471703,-0.9099973635871423,2.1140080174950056,2.0661889267185325,0.04781909077647306
S43A10T02,filtered,37,1.2333333333333334,False,False,0.31954463286850093,0.3176329087887624,-1.3992974250768881,-1.364107101849299,-0.03519032322758919,-0.17746382975192182,0.73053977934467,-0.9080036090965917,2.1146113611179795,2.0575282962209664,0.05708306489701309
S43A10T02,filtered,38,1.2666666666666666,False,False,0.32307360649293315,0.32123420162183125,-1.397445596544636,-1.3657746231755026,-0.03167097336913338,-0.17828837635684475,0.7274620889336862,-0.905750465290531,2.1151457273716505,2.0485740888871344,0.06657163848451608
S43A10T02,filtered,39,1.3,False,False,0.3265245982421616,0.32454436782297824,-1.3955574929778702,-1.3678791950046547,-0.027678297973215527,-0.17919793240750861,0.7240751100001069,-0.9032730424076155,2.1155978751535165,2.039579093704845,0.07601878144867147
S43A10T02,filtered,40,1.3333333333333333,False,False,0.32994216283580996,0.32761543180354846,-1.3936699321364021,-1.370323325790979,-0.02334660634542307,-0.18018809905960728,0.7204254099140712,-0.9006135089736785,2.115960424099179,2.0307876365979842,0.08517278750119495
S43A10T02,filtered,41,1.3666666666666667,False,False,0.3333862878721564,0.3305048254928904,-1.3918148760380626,-1.3730025682570914,-0.018812307780971205,-0.18125085265581187,0.7165696760922584,-0.8978205287480703,2.1162323994655576,2.0224242349276214,0.09380816453793628
S43A10T02,filtered,42,1.4,False,False,0.3369080035507502,0.3332663563257128,-1.3900187064217104,-1.3758108559436688,-0.014207850478041628,-0.18237371677091316,0.7125744283535003,-0.8949481451244135,2.116419143980819,2.014683376011705,0.10173576796911377
S43A10T02,filtered,43,1.4333333333333333,False,False,0.3405289907272874,0.33594245383063637,-1.388301976327377,-1.3786447040861853,-0.009657272241191617,-0.18353944451785842,0.7085147909541184,-0.8920542354719768,2.1165316068173228,2.0077211379885314,0.10881046882879142
S43A10T02,filtered,44,1.4666666666666666,False,False,0.34422931582996497,0.33855835834644177,-1.386679599538879,-1.3814062352448102,-0.005273364294068772,-0.18472627881214893,0.704472410495462,-0.8891986893076109,2.1165850869418765,2.001649235804117,0.11493585113775939
S43A10T02,filtered,45,1.5,False,False,0.34794510505679793,0.3411186693435704,-1.3851614005788764,-1.3840051578248245,-0.001156242754051906,-0.18590878891926446,0.7005326742224514,-0.8864414631417158,2.1165975663309826,1.9965318777484948,0.12006568858248778
S43A10T02,filtered,46,1.5333333333333334,False,False,0.3515754886504288,0.3436064112318655,-1.383752918632984,-1.3863599493145662,0.0026070306815821898,-0.18705921480965543,0.6967814206668859,-0.8838406354765413,2.1165878112121814,1.9923855833829052,0.12420222782927626
S43A10T02,filtered,47,1.5666666666666667,False,False,0.3549961974712151,0.34598453055494227,-1.3824563424080976,-1.38839856496974,0.005942222561642341,-0.18814919362280313,0.6933013440348127,-0.8814505376576158,2.116573442356174,1.9891818711003537,0.12739157125582046
S43A10T02,filtered,48,1.6,False,False,0.3580762404312555,0.34819953065655085,-1.381271450858133,-1.3900590031544156,0.008787552296282586,-0.18915169982272365,0.6901682840855201,-0.8793199839082437,2.116569176843328,1.9868525013929168,0.12971667545041132
S43A10T02,filtered,49,1.6333333333333333,False,False,0.36069418966936934,0.35018678930051994,-1.380196446466029,-1.391290013312262,0.011093566846233083,-0.1900430053697286,0.6874475761654026,-0.8774905815351313,2.116585424257223,1.9852967828402326,0.13128864141699026
S43A10T02,filtered,50,1.6666666666666667,False,False,0.3627514597471996,0.3518769947292337,-1.3792285913854008,-1.392052139715131,0.012823548329730317,-0.19080445986865796,0.6851906220061851,-0.875995081874843,2.116627382237626,1.9843903255109843,0.13223705672664154
S43A10T02,filtered,51,1.7,False,False,0.3641811530046643,0.35320307516910954,-1.3783645892523033,-1.3923191665579484,0.013954577305645088,-0.1914239035120676,0.6834318369354985,-0.8748557404475661,2.116694723396521,1.9839945646436985,0.1327001587528227
S43A10T02,filtered,52,1.7333333333333334,False,False,0.3649521757534479,0.3541069832399226,-1.3776006933740375,-1.3920798846561293,0.014479191282091852,-0.19189655711688233,0.682186133591689,-0.8740826907085714,2.116781902537377,1.9839663716515803,0.13281553088579656
S43A10T02,filtered,53,1.7666666666666666,False,False,0.36506918192144777,0.3545457278463384,-1.376932561527079,-1.3913399574804544,0.014407395953375257,-0.1922252819807147,0.6814471112891624,-0.8736723932698771,2.116879045733084,1.9841671101849445,0.13271193554813943
S43A10T02,filtered,54,1.8,False,False,0.3645693949745162,0.35449612045842294,-1.376354914841259,-1.3901235472116413,0.013768632370382283,-0.19242016456893313,0.6811861258976408,-0.873606290466574,2.1169733177602943,1.9844705713654323,0.13250274639486204
S43A10T02,filtered,55,1.8333333333333333,False,False,0.36351751786345377,0.3539578186327452,-1.3758610892518595,-1.3884742921861921,0.012613202934332657,-0.1924974523411514,0.6813524087368598,-0.8738498610780112,2.1170506086880683,1.9847693250933816,0.13228128359468672
S43A10T02,filtered,56,1.8666666666666667,False,False,0.3619998346873918,0.35295440348650975,-1.375442589017983,-1.3864552235730168,0.011012634555033651,-0.19247794061495097,0.6818743771712639,-0.8743523177862148,2.1170973407739857,1.9849791470525728,0.13211819372141287
S43A10T02,filtered,57,1.9,False,False,0.3601183229832523,0.35153241143008995,-1.3750887597879697,-1.3841472807556667,0.009058520967696992,-0.19238497792348802,0.682662230031578,-0.875047207955066,2.1171021787134556,1.985041319719607,0.13206085899384856
S43A10T02,filtered,58,1.9333333333333333,False,False,0.3579852212729781,0.34975843950832686,-1.3747866918513094,-1.3816462288690166,0.00685953701770714,-0.1922423097563612,0.6836118475991222,-0.8758541573554834,2.1170574331104794,1.984922757426477,0.1321346756840025
S43A10T02,filtered,59,1.9666666666666666,False,False,0.35571812127724045,0.3477146380653784,-1.3745214423766008,-1.3790579819535904,0.004536539576989629,-0.19207200940336003,0.6846099229335002,-0.8766819323368602,2.1169599794142027,1.9846140665424188,0.13234591287178388
S43A10T02,filtered,60,2.0,False,False,0.35343536196285114,0.3454930705776096,-1.3742766300282525,-1.3764925632859186,0.002215933257666114,-0.19189274369827697,0.6855401464951882,-0.8774328901934652,2.1168115700381045,1.9841258154767076,0.13268575456139686
S43A10T02,filtered,61,2.033333333333333,False,False,0.35125136290762415,0.3431895353969703,-1.374035409105769,-1.3740571555763195,2.1746470550532138e-05,-0.19171858849137016,0.6862901586854011,-0.8780087471767712,2.116618490589796,1.9834834444802842,0.13313504610951155
S43A10T02,filtered,62,2.066666666666667,False,False,0.34927158688550913,0.3408974897289643,-1.3737817769182932,-1.3718488720288415,-0.0019329048894516365,-0.1915585460646105,0.6867588844457828,-0.8783174305103933,2.1163905945012575,1.9827213767377794,0.13366921776347818
S43A10T02,filtered,63,2.1,False,False,0.3475870587084912,0.3387026829021096,-1.373502111970538,-1.3699479844921332,-0.0035541274784047783,-0.19141683136031723,0.6868637789620387,-0.8782806103223559,2.116139835016285,1.9818769820042768,0.13426285301200824
S43A10T02,filtered,64,2.1333333333333333,False,False,0.3462687249854207,0.33667899511838306,-1.3731867871485015,-1.3684123576545932,-0.004774429493908272,-0.19129389608427555,0.6865474518625299,-0.8778413479468055,2.1158784903352474,1.9809850751222462,0.13489341521300124
S43A10T02,filtered,65,2.1666666666666665,False,False,0.34536230272448,0.33488580192320905,-1.3728316579734188,-1.3672737526728442,-0.005557905300574539,-0.19118806130262683,0.6857831074504431,-0.8769711687530699,2.115617338094475,1.9800735926122819,0.13554374548219306
S43A10T02,filtered,66,2.2,False,False,0.3448844962753607,0.3333669660164682,-1.3724391982931512,-1.3665364878786406,-0.005902710414510626,-0.19109754168525614,0.6845782491848582,-0.8756757908701144,2.1153640716663893,1.979160978440031,0.13620309322635826
S43A10T02,filtered,67,2.2333333333333334,False,False,0.3448214489665777,0.33215132598034236,-1.372019051249799,-1.3661786982492508,-0.005840353000548193,-0.1910225780961948,0.6829761558292773,-0.8739987339254721,2.115122256897104,1.9782556324398626,0.1368666244572414
S43A10T02,filtered,68,2.2666666666666666,False,False,0.34512999864663735,0.3312543378323616,-1.3715877870320423,-1.3661561475159745,-0.005431639516067843,-0.19096735753377655,0.6810547497292685,-0.8720221072630451,2.11489109970365,1.977357548337473,0.13753355136617684
S43A10T02,filtered,69,2.3,False,False,0.3457417865914876,0.33068035985921407,-1.371167712940624,-1.3664082500185717,-0.0047594629220522044,-0.19094139568149526,0.6789226450803811,-0.8698640407618764,2.11466623079951,1.9764620161284452,0.1382042146710647
S43A10T02,filtered,70,2.3333333333333335,False,False,0.34656967414728995,0.3304249778411168,-1.3707846641630732,-1.3668656875762406,-0.003918976586832601,-0.19096009023144098,0.6767123798258432,-0.8676724700572842,2.1144416152141146,1.9755650124945445,0.13887660271957003
S43A10T02,filtered,71,2.3666666666666667,False,False,0.34751542969060484,0.3304767615643811,-1.3704648099486727,-1.3674587916949759,-0.0030060182536968405,-0.1910442229085457,0.6745710856412753,-0.865615308549821,2.1142125664771316,1.9746696801451156,0.13954288633201606
S43A10T02,filtered,72,2.4,False,False,0.348477402496101,0.33081792886647543,-1.37023063057632,-1.368125730917514,-0.002104899658806003,-0.19121829237468657,0.6726491159136886,-0.8638674082883752,2.113979697735836,1.9737931274217813,0.14018657031405457
S43A10T02,filtered,73,2.433333333333333,False,False,0.34935695938135314,0.3314235637086016,-1.3700963438690652,-1.3688195178264808,-0.0012768260425843891,-0.19150769349200206,0.6710874058328481,-0.8625950993248501,2.1137534880775593,1.972972683816773,0.14078080426078632
S43A10T02,filtered,74,2.466666666666667,False,False,0.3500627933344592,0.3322592731125067,-1.3700631727736732,-1.369512941669548,-0.0005502311041252206,-0.191934911634676,0.6700045530797546,-0.8619394647144306,2.1135589986542485,1.9722707395666492,0.14128825908759923
S43A10T02,filtered,75,2.5,False,False,0.3505127244121548,0.33327744948016025,-1.370114934213398,-1.3702007405289187,8.580631552068674e-05,-0.19251506052532008,0.6694847542036443,-0.8619998147289644,2.113440158502107,1.9717773842484183,0.1416627742536889
S43A10T02,filtered,76,2.533333333333333,False,False,0.35063317923537834,0.33441259986587446,-1.370214481560177,-1.3708986371417535,0.0006841555815766398,-0.19325124103691477,0.6695677870312104,-0.8628190280681252,2.1134629729243923,1.9716102363397474,0.14185273658464492
S43A10T02,filtered,77,2.566666666666667,False,False,0.35035704051933836,0.3355764789890676,-1.3703015383517072,-1.3716392456031081,0.0013377072514009214,-0.19413031613673626,0.6702421774487014,-0.8643724935854377,2.11371700452478,1.9719111086496555,0.1418058958751245
S43A10T02,filtered,78,2.6,False,False,0.3496209135962839,0.3366539825936403,-1.3702924122666233,-1.3724652691466153,0.0021728568799919135,-0.19511976230144015,0.6714425239714438,-0.8665622862728839,2.1143145505045005,1.9728394606938826,0.14147508981061785
S43A10T02,filtered,79,2.6333333333333333,False,False,0.34836300943391474,0.3375008852733157,-1.3700819730329084,-1.3734207991601348,0.0033388261272264685,-0.19616625090819342,0.6730516813323627,-0.8692179322405561,2.115387094880346,1.9745629211933915,0.14082417368695443
S43A10T02,filtered,80,2.6666666666666665,False,False,0.34652277487120864,0.33794450710917934,-1.3695481178578892,-1.3745418366785365,0.004993718820647253,-0.19719652027893453,0.6749081412462714,-0.8721046615252059,2.1170788471376465,1.9772454932527563,0.13983335388489015
S43A10T02,filtered,81,2.7,False,False,0.3440431227934888,0.3377882396266634,-1.3685587401664736,-1.3758473392387467,0.007288599072273083,-0.19812091499086867,0.6768185195069325,-0.8749394344978012,2.1195374755272685,1.9810343524390004,0.13850312308826807
S43A10T02,filtered,82,2.7333333333333334,False,False,0.34087566418604737,0.33682054301198394,-1.3669809739184173,-1.3773321115214685,0.010351137603051175,-0.19883970014877084,0.6785745943523345,-0.8774142945011053,2.122902479368305,1.9860463839240419,0.13685609544426303
S43A10T02,filtered,83,2.7666666666666666,False,False,0.33698877481324485,0.3348285554862056,-1.3646922231572056,-1.3789626921846727,0.014270469027467092,-0.19925192405598152,0.6799738751470876,-0.8792257992030692,2.1272919870310147,1.9923557477889255,0.1349362392420892
S43A10T02,filtered,84,2.8,False,False,0.33237770752877,0.3316158704408525,-1.3615922253636592,-1.3806770519741594,0.01908482661050015,-0.19926623535021534,0.6808422469751698,-0.8801084823253852,2.132789075753775,1.9999837813663441,0.13280529438743094
S43A10T02,filtered,85,2.8333333333333335,False,False,0.3270753586701123,0.32702339941626657,-1.3576151614973933,-1.3823884460417983,0.024773284544405083,-0.1988127024770942,0.6810568689640897,-0.8798695714411839,2.139428946016935,2.00889242095391,0.13053652506302527
S43A10T02,filtered,86,2.8666666666666667,False,False,0.321161789706304,0.32095162779403963,-1.3527406412531455,-1.3839932150354457,0.031252573782300175,-0.19785438198290284,0.6805672341056883,-0.8784216160885912,2.147188410918687,2.0189820441186344,0.1282063668000526
S43A10T02,filtered,87,2.9,False,False,0.31477028100466603,0.3133820693901854,-1.3470022855467279,-1.3853817776055437,0.038379492058815856,-0.1963971843664863,0.6794121570760911,-0.8758093414425774,2.1559791529413705,2.0300942120412575,0.12588494090011304
S43A10T02,filtered,88,2.933333333333333,False,False,0.30808766998759807,0.30439541385180036,-1.3404926245571442,-1.386451577443502,0.04595895288635776,-0.19449653171890818,0.6777304742354897,-0.872227005954398,2.1656460423945334,2.042019268566546,0.12362677382798726
S43A10T02,filtered,89,2.966666666666667,False,False,0.301347162989486,0.29418379759712554,-1.3333631494982006,-1.3871204086393893,0.053757259141188785,-0.19225941655540393,0.6757634444489904,-0.8680228610043943,2.1759715039791914,2.054508192166577,0.12146331181261427
S43A10T02,filtered,90,3.0,False,False,0.2948128974011412,0.2830548504853718,-1.3258186128564724,-1.3873383936795558,0.0615197808230834,-0.18984076504073408,0.6738472524666463,-0.8636880175073804,2.1866864752206614,2.067287577679211,0.11939889754145039
S43A10T02,filtered,91,3.033333333333333,False,False,0.28875737770150667,0.271425682006027,-1.3181050673151622,-1.3870969533918245,0.06899188607666229,-0.1874334692803835,0.6723946481700895,-0.859828117450473,2.1974879508744083,2.0800762273925684,0.11741172348183992
S43A10T02,filtered,92,3.066666666666667,False,False,0.28343532338104277,0.2598057469297457,-1.3104916560651227,-1.3864333843813856,0.07594172831626289,-0.18525205167224856,0.6718655955280576,-0.8571176472003061,2.2080624893075695,2.0926016231686484,0.11546086613892115
S43A10T02,filtered,93,3.1,False,False,0.27905970214401243,0.24876851646470977,-1.3032467884368617,-1.3854301175109893,0.08218332907412762,-0.18351061104249533,0.6727278190332573,-0.8562384300757526,2.218114416704976,2.1046145722751275,0.11349984442984873
S43A10T02,filtered,94,3.1333333333333333,False,False,0.27578647317428456,0.23891299835694646,-1.2966100095893007,-1.38420831997899,0.08759831038968935,-0.1823964133362793,0.6754092571062615,-0.8578056704425409,2.2273968546185907,2.115900571908168,0.11149628271042289
S43A10T02,filtered,95,3.1666666666666665,False,False,0.27371253497524417,0.2308173018100712,-1.2907615407201567,-1.382916158485841,0.09215461776568423,-0.18204115826388662,0.6802455662269393,-0.8622867244908259,2.2357431710156126,2.12628688544317,0.1094562855724428
S43A10T02,filtered,96,3.2,False,False,0.2728863311234831,0.22498752342234019,-1.2857920545133188,-1.3817126903186956,0.0959206358053768,-0.1824925037212689,0.6874268470929721,-0.869919350814241,2.2430960706718652,2.135644900522408,0.10745117014945738
S43A10T02,filtered,97,3.2333333333333334,False,False,0.2733241492667448,0.22180612687420154,-1.2816756809536443,-1.380748922354079,0.09907324140043472,-0.18368879130321414,0.696948551782244,-0.8806373430854582,2.249531351451963,2.1438879600917287,0.10564339136023415
S43A10T02,filtered,98,3.2666666666666666,False,False,0.2750204810063889,0.22148459228330686,-1.2782494346305424,-1.3801480117765967,0.10189857714605433,-0.18544002799886303,0.7085719456109048,-0.8940119736097678,2.2552734060575923,2.1509654339000805,0.10430797215751175
S43A10T02,filtered,99,3.3,False,False,0.27794096692696796,0.22402532147233623,-1.2752021507246627,-1.3799868259451005,0.10478467522043777,-0.18741799756135083,0.7217994222758459,-0.9092174198371967,2.260699878939927,2.1568542513819375,0.10384562755798932
S43A10T02,filtered,100,3.3333333333333335,False,False,0.2819926754068531,0.22919752357745482,-1.2720755689450824,-1.3802810976625326,0.10820552871745015,-0.1891578805280804,0.7358693228765731,-0.9250272034046536,2.2663335103845728,2.161549389055179,0.10478412132939363
S43A10T02,filtered,101,3.3666666666666667,False,False,0.2869770599283419,0.23653102472587095,-1.2682794002246565,-1.3809761903378184,0.11269679011316192,-0.19007296433756493,0.7497736569309118,-0.9398466212684767,2.2728201030063366,2.165054864550536,0.10776523845580055
S43A10T02,filtered,102,3.4,False,False,0.29254134794718456,0.24533064510729807,-1.2631210772504704,-1.3819450301942866,0.1188239529438162,-0.18948296642694576,0.7623003021834232,-0.9517832686103689,2.2808926872588757,2.167376631716255,0.1135160555426209
S43A10T02,filtered,103,3.433333333333333,False,False,0.2981487783489482,0.2547120239824816,-1.2558494984784496,-1.382994096868312,0.12714459838986247,-0.18665524700142905,0.7720989832110423,-0.9587542302124714,2.2913232658114637,2.168518421716753,0.12280484409471093
S43A10T02,filtered,104,3.466666666666667,False,False,0.30308395232210633,0.26365767187371736,-1.2457105414058092,-1.3838775389933113,0.13816699758750217,-0.18085685531533469,0.7777677887909362,-0.9586246441062709,2.3048648741040063,2.1684810836439956,0.1363837904600107
S43A10T02,filtered,105,3.5,False,False,0.3064985885868361,0.2710897811017323,-1.2320105969767448,-1.384318568789999,0.15230797181325428,-0.17141405577737828,0.7779544448047218,-0.9493685005821,2.322187973435057,2.1672654140826024,0.15492255935245458
S43A10T02,filtered,106,3.533333333333333,False,False,0.3074909341434051,0.27595418117714665,-1.2141830402018166,-1.3840363791086707,0.16985333890685417,-0.15777485205259667,0.7714643174268354,-0.9292391694794321,2.3438162465843617,2.164877908105554,0.1789383384788077
S43A10T02,filtered,107,3.566666666666667,False,False,0.30520416439709336,0.2773080695810095,-1.1918515861396406,-1.3827760205392814,0.1909244343996408,-0.13956920353000174,0.7573654950117554,-0.8969346985417572,2.370067547145757,2.161338394439742,0.2087291527060149
S43A10T02,filtered,108,3.6,False,False,0.29892687421114755,0.2744030635161916,-1.1648840531522882,-1.3803380813545258,0.2154540282022377,-0.11666123160125338,0.7350805707492392,-0.8517418023504926,2.4010059324868487,2.156688204858125,0.2443177276287236
S43A10T02,filtered,109,3.6333333333333333,False,False,0.2881806808846074,0.2667549357177834,-1.1334302938837368,-1.376604726032786,0.2431744321490492,-0.08918783848285007,0.7044551333788994,-0.7936429718617495,2.436410292653371,2.1509974217936456,0.2854128708597252
S43A10T02,filtered,110,3.6666666666666665,False,False,0.2727837437251244,0.2541922494261599,-1.09793902126506,-1.3715587416288049,0.27361972036374493,-0.05757886182777477,0.6657945688527409,-0.7233734306805156,2.475764034458845,2.1443698694807622,0.3313941649780827
S43A10T02,filtered,111,3.7,False,False,0.2528831770371926,0.23687798919507252,-1.0591499309387657,-1.3652927498338525,0.30614281889508677,-0.022555161137065766,0.6198635350899595,-0.6424186962270253,2.5182686229684403,2.136944848766917,0.3813237742015234
S43A10T02,filtered,112,3.7333333333333334,False,False,0.22895337754944428,0.21530103584541793,-1.0180597870834953,-1.3580066519178642,0.33994686483436887,0.01489719207740644,0.5678461829124664,-0.5529489908350599,2.5628816339648495,2.1288951146309785,0.433986519333871
S43A10T02,filtered,113,3.7666666666666666,False,False,0.20176114051507799,0.190237649018411,-0.9758637852535613,-1.349992615559524,0.3741288303059628,0.0535763084938425,0.5112694813250364,-0.4576931728311939,2.608377525305716,2.120421178814021,0.4879563464916954
S43A10T02,filtered,114,3.8,True,False,0.17230206113514304,0.1626865791807428,-0.9338762419114072,-1.3416083654766142,0.40773212356520705,0.0921348480574549,0.4518963467083058,-0.35976149865085094,2.6534268582982397,2.111742590481227,0.5416842678170126
S43A10T02,filtered,115,3.8333333333333335,True,False,0.1417159632353359,0.13378455627112484,-0.8934371425521509,-1.3332410372442847,0.43980389469213377,0.12916654186621263,0.39159907108897973,-0.2624325292227671,2.696687503984019,2.103087307881439,0.5936001961025799
S43A10T02,filtered,116,3.8666666666666667,False,True,0.11119186531808244,0.10471123850163977,-0.8558129599841595,-1.3252652003555303,0.4694522403713708,0.16330220790879443,0.33222619551413274,-0.1689239876053383,2.7368997688395633,2.094680544508366,0.6422192243311975
S43A10T02,filtered,117,3.9,False,True,0.08187587499742555,0.07659389968336594,-0.822101136742106,-1.3179996544399604,0.4958985176978543,0.1933073665279742,0.27547699668115544,-0.08216963015318124,2.772976633097851,2.086734509530316,0.6862421235675349
S43A10T02,filtered,118,3.933333333333333,False,True,0.05480296107827895,0.05042200797798402,-0.7931475315134514,-1.311668085332541,0.5185205538190897,0.21817311236133655,0.22279689316077078,-0.004623780799434235,2.8040805651464487,2.079440262466313,0.7246403026801356
S43A10T02,filtered,119,3.966666666666667,False,True,0.030922899799301122,0.02698043360587654,-0.7694849393669501,-1.306368534960166,0.5368835955932159,0.23719230028643257,0.17530438519160224,0.061887915094830326,2.829679656082298,2.0729625070511277,0.7567171490311702
S43A10T02,filtered,120,4.0,False,True,0.011984288864036987,0.006807546699286737,-0.7512986584681722,-1.3020558781495528,0.5507572196813806,0.25001429960974514,0.1337559915384392,0.11625830807130594,2.8495779468680618,2.067437633028337,0.7821403138397249
S43A10T02,filtered,121,4.033333333333333,False,True,0.011343112832830425,0.009818695527920918,-0.7384222772402818,-1.2985401873998743,0.5601179101595926,0.2566734086289858,0.09855066036629975,0.15812274826268605,2.863917505797542,2.0629747689430182,0.8009427368545237
S43A10T02,filtered,122,4.066666666666666,False,True,0.02299745206713683,0.022866973598367757,-0.7303637575767719,-1.2955021534493798,0.565138395872608,0.2575882846699681,0.06977005512457803,0.18781822954539007,2.8731526985284868,2.059659125417741,0.8134935731107458
S43A10T02,filtered,123,4.1,False,True,0.03251463983708645,0.032514638553937436,-0.7263588650090423,-1.2925248120458699,0.5661659470368275,0.2535321978799138,0.04724668382878022,0.2062855140511336,2.8779998191763827,2.0575565625716488,0.8204432566047339
S43A10T02,filtered,124,4.133333333333334,False,True,0.039133099337181336,0.039091656704772104,-0.7254463769237293,-1.2891389221399452,0.5636925452162159,0.24557633900550294,0.03064865334553518,0.21492768565996775,2.8793675149143048,2.0567181561509917,0.822649358763313
S43A10T02,filtered,125,4.166666666666667,False,True,0.043128529572530605,0.04301431474466244,-0.7265575398917102,-1.2848776594630413,0.5583201195713311,0.23501061151430808,0.01956828350828732,0.21544232800602076,2.878275020926472,2.057183581706839,0.8210914392196331
S43A10T02,filtered,126,4.2,False,True,0.044905577153948,0.044717262116648504,-0.7286111089916683,-1.2793350191615374,0.5507239101698691,0.22324816204473405,0.013602057165373532,0.20964610487936053,2.875766010366938,2.058982370292856,0.8167836400740822
S43A10T02,filtered,127,4.233333333333333,False,True,0.04484462209665001,0.04459215646024406,-0.7306050523082266,-1.2722216082613422,0.5416165559531156,0.21172122918278327,0.01241131129093014,0.19930991789185312,2.872825836650561,2.0621324711959357,0.8106933654546253
S43A10T02,filtered,128,4.266666666666667,False,False,0.043231550985357574,0.04293992286919068,-0.7316966203943174,-1.2634114468227189,0.5317148264284015,0.20177662704851007,0.015756369762384006,0.18602025728612606,2.8703091707875283,2.066636026627358,0.8036731441601703
S43A10T02,filtered,129,4.3,True,False,0.04022164866171585,0.03994163327456812,-0.7312638646294031,-1.2529740179262534,0.5217101532968503,0.19457926254261412,0.023500988712858217,0.1710782738297559,2.868883650350561,2.0724727504771367,0.7964108998734241
S43A10T02,filtered,130,4.333333333333333,False,False,0.035839791149761845,0.035650525364064656,-0.7289436794845583,-1.2411870774784446,0.5122433979938863,0.1910314800387837,0.035588436514100576,0.15544304352468313,2.8689933414448965,2.0795917401596595,0.789401601285237
S43A10T02,filtered,131,4.366666666666666,False,False,0.030043117651224735,0.03000501802450173,-0.7246438351786324,-1.2285275560242184,0.503883720845586,0.19171474354916998,0.051994644779207635,0.13972009876996233,2.8708437778630738,2.0879028806699456,0.7829408971931282
S43A10T02,filtered,132,4.4,False,False,0.022958418857334198,0.022860054831592258,-0.7185290234646353,-1.2156400972067527,0.4971110737421174,0.19685826978126275,0.07266708504525062,0.12419118473601214,2.8744082930232926,2.0972691850787855,0.7771391079445071
S43A10T02,filtered,133,4.433333333333334,False,False,0.0159523427386342,0.014032001295551044,-0.7109834145249643,-1.2032851737226473,0.49230175919768304,0.20633685173440222,0.0974599234669668,0.10887692826743542,2.8794534942320156,2.107501438483533,0.7719520557484825
S43A10T02,filtered,134,4.466666666666667,False,False,0.015554595489409908,0.0033508556310961612,-0.7025543825737214,-1.1922710622225465,0.48971667964882515,0.2196974691049825,0.12607635275476836,0.09362111635021414,2.8855802045747763,2.118356373703566,0.76722383087121
S43A10T02,filtered,135,4.5,False,False,0.026788797143392218,0.009287159939958434,-0.6938837006181857,-1.1833759919775084,0.4894922913593227,0.23621163351270727,0.15802779295980712,0.07818384055290015,2.8922751263762847,2.129539320220675,0.7627358061556095
S43A10T02,filtered,136,4.533333333333333,True,False,0.04441344135153215,0.02387344350282583,-0.6856334828553589,-1.177268264828622,0.49163478197326305,0.2549480538579903,0.19261710996163417,0.06233094389635613,2.8989679179163588,2.1407118548579556,0.7582560630584032
S43A10T02,filtered,137,4.566666666666666,False,False,0.06577865389466857,0.040253236289564454,-0.6784143850473816,-1.1744328618895965,0.4960184768422149,0.27485840366986664,0.22894952605236055,0.04590887761750609,2.905088324890824,2.1515044735296414,0.7535838513611828
S43A10T02,filtered,138,4.6,True,False,0.08982969518622523,0.058108660044367655,-0.6727230507831944,-1.1751128456322655,0.5023897948490711,0.29486794100301184,0.2659710105853953,0.02889693041761654,2.910118427531762,2.161533739384887,0.7485846881468752
S43A10T02,filtered,139,4.633333333333334,False,True,0.11566672819011858,0.07696103357309902,-0.6688945797046156,-1.1792726589082787,0.5103780792036631,0.3139625885926338,0.3025301936043977,0.011432394988236116,2.913635876354542,2.1704227985433486,0.7432130778111934
S43A10T02,filtered,140,4.666666666666667,False,True,0.142278105135012,0.0961926965701998,-0.6670740250574775,-1.1865882577377542,0.5195142326802767,0.33126482766419413,0.33745674554091853,-0.0061919178767244065,2.9153450934656724,2.1778236561812534,0.737521437284419
S43A10T02,filtered,141,4.7,False,True,0.16852603251254528,0.11508628877267801,-0.6672087923485689,-1.1964660786680694,0.5292572863195005,0.3460922774591714,0.3696470960106334,-0.023554818551461965,2.9150946976017105,2.1834392424235842,0.7316554551781262
S43A10T02,filtered,142,4.733333333333333,False,True,0.19320439393880784,0.13287734916548577,-0.6690615410844031,-1.208089467949229,0.5390279268648258,0.35799491305431813,0.39814754450428724,-0.04015263144996911,2.9128807500803364,2.187043132330111,0.7258376177502255
S43A10T02,filtered,143,4.766666666666667,True,False,0.21512402855872362,0.14881446111802044,-0.6722410417835601,-1.220487840305877,0.5482467985223168,0.3667692446254961,0.42222528692245387,-0.055456042296957775,2.9088367000030546,2.1884948636508677,0.720341836352187
S43A10T02,filtered,144,4.8,False,False,0.23320559114566475,0.16222020464116405,-0.6762466584136742,-1.2326209936735562,0.556374335259882,0.3724501517661759,0.44141952177726507,-0.06896937001108916,2.903212026557496,2.1877491404712464,0.7154628860862497
S43A10T02,filtered,145,4.833333333333333,False,False,0.24656619321899348,0.1725460566975321,-0.6805209195450557,-1.24346914631989,0.5629482267748342,0.37528316971095266,0.4555673522240537,-0.08028418251310104,2.896342448675081,2.1848578060007857,0.7114846426742951
S43A10T02,filtered,146,4.866666666666666,False,False,0.25458900961935615,0.17941516722669681,-0.684504143093907,-1.25211870644995,0.567614563356043,0.3756816498974195,0.46480231041707243,-0.08912066051965295,2.8886151353434237,2.179964256997062,0.7086508783463619
S43A10T02,filtered,147,4.9,False,False,0.25696813330243806,0.18264854929198315,-0.6876853232181572,-1.2578346317233167,0.5701493085051594,0.37417423292953655,0.46952658478478715,-0.0953523518552506,2.880432567888827,2.1732908557061714,0.7071417121826555
S43A10T02,filtered,148,4.933333333333334,True,False,0.25372467088400025,0.18227242112348652,-0.6896443993594936,-1.2601123312176143,0.5704679318581207,0.3713484314759165,0.4703610028647982,-0.0990125713888817,2.8721785717246235,2.165120740209045,0.7070578315155784
S43A10T02,filtered,149,4.966666666666667,True,False,0.24519409818123808,0.1785068737027835,-0.6900824370048362,-1.2587050215862563,0.5686225845814201,0.3677958590109135,0.4680791349562986,-0.10028327594538511,2.8641895725658126,2.1557760997910567,0.708413472774756
S43A10T02,filtered,150,5.0,False,True,0.2319886992990089,0.17173831352890057,-0.6888379247524636,-1.2536257452186088,0.5647878204661452,0.3640638587005869,0.46353326902062136,-0.09946941032003448,2.856733393713798,2.145595350979176,0.7111380427346221
S43A10T02,filtered,151,5.033333333333333,False,True,0.21494197207017698,0.1624798929239919,-0.685889081001508,-1.2451263371596668,0.5592372561581588,0.3606171303688231,0.4575803484027771,-0.09696321803395402,2.849996976540155,2.134911657072324,0.715085319467831
S43A10T02,filtered,152,5.066666666666666,False,True,0.19504385166631474,0.15132515331298313,-0.6813435413216584,-1.233658026300404,0.5523144849787456,0.35781158746054215,0.45101530447458416,-0.09320371701404201,2.844083376807307,2.12403488247447,0.7200484943328371
S43A10T02,filtered,153,5.1,False,True,0.17337638465588437,0.13890029025666695,-0.6754179034614916,-1.2198197899480037,0.5444018864865121,0.35588126306858914,0.4445177343871363,-0.08863647131854718,2.839017377553546,2.1132384329766976,0.7257789445768483
S43A10T02,filtered,154,5.133333333333334,False,True,0.1510591546142338,0.1258198764352938,-0.6684102630751733,-1.2043009785456626,0.5358907154704894,0.3549377678017159,0.43861583640646296,-0.08367806860474708,2.8347581761126674,2.102751624075699,0.7320065520369683
S43A10T02,filtered,155,5.166666666666667,False,False,0.129212182360624,0.11264974235270286,-0.6606690828914454,-1.1878242142116622,0.5271551313202167,0.35498069550906597,0.43366922615637415,-0.07868853064730819,2.831216944157016,2.092757384248241,0.7384595599087751
