held_out_trial,mechanics,physics_weight,seed,epoch,total_loss,data,physics,effective_torque_l2,effective_torque_rate
S43A11T02,moving_support_variable_length,0.0,43013,1,0.030558339734033487,0.030558339734033487,0.08141988412025075,0.005951040155406634,0.0014569276970332241
S43A11T02,moving_support_variable_length,0.0,43013,50,0.0008402181944696085,0.0008402181944696085,0.20623119319837388,0.005951040155406634,0.0014569276970332241
S43A11T02,moving_support_variable_length,0.0,43013,100,0.0005678846435802114,0.0005678846435802114,0.18875759770634845,0.005951040155406634,0.0014569276970332241
S43A11T02,moving_support_variable_length,0.0,43013,150,0.00041653050974612256,0.00041653050974612256,0.19843072285193222,0.005951040155406634,0.0014569276970332241
S43A11T02,moving_support_variable_length,0.0,43013,200,0.00039018657931164476,0.00039018657931164476,0.21942819050770093,0.005951040155406634,0.0014569276970332241
S43A11T02,moving_support_variable_length,0.0,43013,250,0.0003645033997005398,0.0003645033997005398,0.22246797885797343,0.005951040155406634,0.0014569276970332241
S43A11T02,moving_support_variable_length,0.0,43013,300,0.00032760499542839905,0.00032760499542839905,0.22748602400834392,0.005951040155406634,0.0014569276970332241
S43A11T02,moving_support_variable_length,0.0,43014,1,0.017066861936498375,0.017066861936498375,0.22527494013050417,0.028734350454159414,0.001821345937684996
S43A11T02,moving_support_variable_length,0.0,43014,50,0.0006878588419638856,0.0006878588419638856,0.2785007531982313,0.028734350454159414,0.001821345937684996
S43A11T02,moving_support_variable_length,0.0,43014,100,0.0004007116589129954,0.0004007116589129954,0.2811866771258967,0.028734350454159414,0.001821345937684996
S43A11T02,moving_support_variable_length,0.0,43014,150,0.00037186482571573896,0.00037186482571573896,0.28092405963630945,0.028734350454159414,0.001821345937684996
S43A11T02,moving_support_variable_length,0.0,43014,200,0.000336895005765427,0.000336895005765427,0.2859326275628334,0.028734350454159414,0.001821345937684996
S43A11T02,moving_support_variable_length,0.0,43014,250,0.0002945933364462469,0.0002945933364462469,0.2920219237435154,0.028734350454159414,0.001821345937684996
S43A11T02,moving_support_variable_length,0.0,43014,300,0.00025879778332449274,0.00025879778332449274,0.30379830773903455,0.028734350454159414,0.001821345937684996
S43A11T02,moving_support_variable_length,0.01,43013,1,0.03137459060694857,0.030558339734033487,0.08141988412025075,0.005951040155406634,0.0014569276970332241
S43A11T02,moving_support_variable_length,0.01,43013,50,0.0015495621173637964,0.0008203443662171719,0.06521620482693341,0.0883267941703846,0.0682230234602518
S43A11T02,moving_support_variable_length,0.01,43013,100,0.001028173563546428,0.000542304998625039,0.03539019719035889,0.06624769790307597,0.12534182322749254
S43A11T02,moving_support_variable_length,0.01,43013,150,0.0009835346210133322,0.0004813667911415708,0.034947499704884345,0.07464983028334524,0.1452278497945835
S43A11T02,moving_support_variable_length,0.01,43013,200,0.0009635928891136141,0.0004663855398284278,0.03437478824670089,0.07503771327101867,0.14595569549107554
S43A11T02,moving_support_variable_length,0.01,43013,250,0.0009377374150840309,0.0004489247181616026,0.03367516320698825,0.07474063104535314,0.1445870017480105
S43A11T02,moving_support_variable_length,0.01,43013,300,0.0009011889726157063,0.0004240154278608095,0.032780630857767716,0.07462183178657643,0.14190505299856193
S43A11T02,moving_support_variable_length,0.01,43014,1,0.019324306118786518,0.017066861936498375,0.22527494013050417,0.028734350454159414,0.001821345937684996
S43A11T02,moving_support_variable_length,0.01,43014,50,0.0013902664397221814,0.000689584592442196,0.050586991638434546,0.10410739300805273,0.18440119159483462
S43A11T02,moving_support_variable_length,0.01,43014,100,0.000995646038347078,0.000469045310795694,0.03609194756522444,0.08101520383697675,0.15757973151544202
S43A11T02,moving_support_variable_length,0.01,43014,150,0.0009636555702958005,0.00045178720359659763,0.03535190698582294,0.07800122449053125,0.15054917439192028
S43A11T02,moving_support_variable_length,0.01,43014,200,0.0009315874483080824,0.00042627723905771104,0.03472555091951635,0.07816395639853506,0.15023830441535435
S43A11T02,moving_support_variable_length,0.01,43014,250,0.0008903645217561924,0.00039715611455572094,0.03384074320621124,0.07807625107968698,0.14699335003039038
S43A11T02,moving_support_variable_length,0.01,43014,300,0.0008471038163742258,0.00036939725900304415,0.03271074651167235,0.07863336589751233,0.1427357556647069
S43A11T02,moving_support_variable_length,0.1,43013,1,0.03870238017777113,0.030558339734033487,0.08141988412025075,0.005951040155406634,0.0014569276970332241
S43A11T02,moving_support_variable_length,0.1,43013,50,0.0040693607291763636,0.001185591667027152,0.028284736727004933,0.046791998334797365,0.05061618961523778
S43A11T02,moving_support_variable_length,0.1,43013,100,0.002507695596101076,0.0008151940809929458,0.01363107890367081,0.06380965825988476,0.32301265891506065
S43A11T02,moving_support_variable_length,0.1,43013,150,0.0021853219288444485,0.0006481755879993073,0.010902408595868045,0.08181015028365606,0.4387244662299712
S43A11T02,moving_support_variable_length,0.1,43013,200,0.0017902869299382964,0.0005941140993247696,0.00849561000175074,0.0689468489390905,0.3397171455445435
S43A11T02,moving_support_variable_length,0.1,43013,250,0.0013597208588947618,0.0005951739654801491,0.005334544067785708,0.060048422490429826,0.22508764438699883
S43A11T02,moving_support_variable_length,0.1,43013,300,0.0011909328650004383,0.0005504436148947445,0.004162801752682229,0.0632115798839764,0.2178879168490732
S43A11T02,moving_support_variable_length,0.1,43014,1,0.039599050730531896,0.017066861936498375,0.22527494013050417,0.028734350454159414,0.001821345937684996
S43A11T02,moving_support_variable_length,0.1,43014,50,0.004398710514737168,0.0011972306802396097,0.02940832240538874,0.07868783397387293,0.252778810561296
S43A11T02,moving_support_variable_length,0.1,43014,100,0.0024855448772312097,0.0006342496744873148,0.012646261779211382,0.10580504183687213,0.5760885206390693
S43A11T02,moving_support_variable_length,0.1,43014,150,0.002315689283364223,0.0005990335104567398,0.011214937643793907,0.10406059919591674,0.5847559486085009
S43A11T02,moving_support_variable_length,0.1,43014,200,0.002116473224098264,0.0005937826219840145,0.009779369166432851,0.09806552767122682,0.5349471327038416
S43A11T02,moving_support_variable_length,0.1,43014,250,0.001027402061517267,0.000479283734698324,0.0020310480820036453,0.07606154927351057,0.3374073636912273
S43A11T02,moving_support_variable_length,0.1,43014,300,0.0009460607297877424,0.0005463667639796177,0.00143732478650593,0.06659536244931392,0.2493019509126002
S43A11T02,moving_support_variable_length,1.0,43013,1,0.11198027588599681,0.030558339734033487,0.08141988412025075,0.005951040155406634,0.0014569276970332241
S43A11T02,moving_support_variable_length,1.0,43013,50,0.028497993209874357,0.014592423676035658,0.013894898067877451,0.03533460203867619,0.007138005757382177
S43A11T02,moving_support_variable_length,1.0,43013,100,0.013989433679611581,0.003386689431968695,0.010511597031939228,0.026847441233052497,0.08846247158035254
S43A11T02,moving_support_variable_length,1.0,43013,150,0.00892636375358507,0.0011256274219661837,0.007489407829806675,0.06833674225489615,0.30449482758672325
S43A11T02,moving_support_variable_length,1.0,43013,200,0.0019118696742325978,0.0005689820114060253,0.0008093166341188243,0.10699625763622604,0.5228714029441255
S43A11T02,moving_support_variable_length,1.0,43013,250,0.001018084791770988,0.0005073776325643508,0.00011638128301635555,0.08324782678923591,0.38600109351135803
S43A11T02,moving_support_variable_length,1.0,43013,300,0.0009124077431385785,0.0005345722320198782,5.794959879242308e-05,0.07145327094372306,0.31274058523190496
S43A11T02,moving_support_variable_length,1.0,43014,1,0.24234649684798562,0.017066861936498375,0.22527494013050417,0.028734350454159414,0.001821345937684996
S43A11T02,moving_support_variable_length,1.0,43014,50,0.02730728996306553,0.013742102324944256,0.013533893132461937,0.04116136815370804,0.027178368843965947
S43A11T02,moving_support_variable_length,1.0,43014,100,0.018484277083209044,0.006622253357211665,0.011673482058438002,0.05053474409769746,0.18348819314960782
S43A11T02,moving_support_variable_length,1.0,43014,150,0.011483022649271965,0.0021063474658160417,0.008856125069817578,0.09399619678982553,0.5111504939593634
S43A11T02,moving_support_variable_length,1.0,43014,200,0.009283169783462076,0.001173540484065259,0.007074147407385294,0.1689654080697067,1.0185853512045524
S43A11T02,moving_support_variable_length,1.0,43014,250,0.003771093921327507,0.0007787259733993149,0.0016551815103960392,0.22016500853535947,1.3151699366786171
S43A11T02,moving_support_variable_length,1.0,43014,300,0.002134764536598348,0.0005767442388514803,0.0007229156191406638,0.14801736894985953,0.8203029417112176
S43A11T02,moving_support_variable_length,10.0,43013,1,0.8447592329682535,0.030558339734033487,0.08141988412025075,0.005951040155406634,0.0014569276970332241
S43A11T02,moving_support_variable_length,10.0,43013,50,0.09697642834511196,0.037121136397009945,0.005985319813162399,0.020759535234678415,1.7862954540167018e-05
S43A11T02,moving_support_variable_length,10.0,43013,100,0.09387855830779349,0.03609199428842156,0.005778372737952388,0.02429370718276283,0.00040726912977070534
S43A11T02,moving_support_variable_length,10.0,43013,150,0.09077708313674344,0.0356136013013151,0.005515762909806994,0.028287531639804808,0.0030239841944228935
S43A11T02,moving_support_variable_length,10.0,43013,200,0.08469078827233763,0.03649373368631444,0.004817926235266228,0.03652054960653834,0.0141401784002565
S43A11T02,moving_support_variable_length,10.0,43013,250,0.0687003711988662,0.04168059385920773,0.002694938953778864,0.058994572023564174,0.06448834466746048
S43A11T02,moving_support_variable_length,10.0,43013,300,0.020063777776464353,0.014323715547246327,0.0005455925324985552,0.0935236624565089,0.2747845379868219
S43A11T02,moving_support_variable_length,10.0,43014,1,2.2698209580225233,0.017066861936498375,0.22527494013050417,0.028734350454159414,0.001821345937684996
S43A11T02,moving_support_variable_length,10.0,43014,50,0.09882822428023316,0.03634703265632646,0.006247720609447091,0.02586521592377312,0.0013990078434118279
S43A11T02,moving_support_variable_length,10.0,43014,100,0.09461851811287994,0.0349630624526947,0.0059649545492945115,0.022717042438042567,0.0036384629963370284
S43A11T02,moving_support_variable_length,10.0,43014,150,0.09240460904465006,0.033664093340264135,0.0058728986328004905,0.025457243644808187,0.008983652016543909
S43A11T02,moving_support_variable_length,10.0,43014,200,0.08933969319216017,0.03184002563108938,0.005747615240538967,0.02944248358288577,0.02057090732282982
S43A11T02,moving_support_variable_length,10.0,43014,250,0.08433726921482027,0.028933461529079118,0.005535169196635635,0.03791167489762345,0.04832455189503671
S43A11T02,moving_support_variable_length,10.0,43014,300,0.07583498417919478,0.025086179451641284,0.005060925945655491,0.059426079414137016,0.13360266305715876
S43A11T03,moving_support_variable_length,0.0,43013,1,0.01398196038057284,0.01398196038057284,0.27493270767413486,0.05093525671554941,0.0012725560940930007
S43A11T03,moving_support_variable_length,0.0,43013,50,0.000418880400718507,0.000418880400718507,0.29841750099616443,0.05093525671554941,0.0012725560940930007
S43A11T03,moving_support_variable_length,0.0,43013,100,0.00023776286303612713,0.00023776286303612713,0.282370036305029,0.05093525671554941,0.0012725560940930007
S43A11T03,moving_support_variable_length,0.0,43013,150,0.0002175641791805792,0.0002175641791805792,0.26624635450239337,0.05093525671554941,0.0012725560940930007
S43A11T03,moving_support_variable_length,0.0,43013,200,0.00020745612180019053,0.00020745612180019053,0.2652668865616782,0.05093525671554941,0.0012725560940930007
S43A11T03,moving_support_variable_length,0.0,43013,250,0.00019982917616311914,0.00019982917616311914,0.26575194169978267,0.05093525671554941,0.0012725560940930007
S43A11T03,moving_support_variable_length,0.0,43013,300,0.00019473533361009324,0.00019473533361009324,0.26682507094483976,0.05093525671554941,0.0012725560940930007
S43A11T03,moving_support_variable_length,0.0,43014,1,0.026769156180119703,0.026769156180119703,0.05921832997035334,0.006557398415076115,0.0030047248912495324
S43A11T03,moving_support_variable_length,0.0,43014,50,0.0005070487541559693,0.0005070487541559693,0.15498010904124002,0.006557398415076115,0.0030047248912495324
S43A11T03,moving_support_variable_length,0.0,43014,100,0.00025719404464658854,0.00025719404464658854,0.1361321833483595,0.006557398415076115,0.0030047248912495324
S43A11T03,moving_support_variable_length,0.0,43014,150,0.0002141922410483448,0.0002141922410483448,0.13883421087388567,0.006557398415076115,0.0030047248912495324
S43A11T03,moving_support_variable_length,0.0,43014,200,0.0002069850617025818,0.0002069850617025818,0.14397716242098488,0.006557398415076115,0.0030047248912495324
S43A11T03,moving_support_variable_length,0.0,43014,250,0.0001996968827984915,0.0001996968827984915,0.14564875906689523,0.006557398415076115,0.0030047248912495324
S43A11T03,moving_support_variable_length,0.0,43014,300,0.00019265724711796687,0.00019265724711796687,0.14791560940881457,0.006557398415076115,0.0030047248912495324
S43A11T03,moving_support_variable_length,0.01,43013,1,0.01673765353907984,0.01398196038057284,0.27493270767413486,0.05093525671554941,0.0012725560940930007
S43A11T03,moving_support_variable_length,0.01,43013,50,0.0011719060295115442,0.00042010902487365186,0.06696901156816464,0.08455241939528035,0.0736516470167181
S43A11T03,moving_support_variable_length,0.01,43013,100,0.0007886474934828651,0.0002651810733200782,0.03547581223358192,0.06832413756085852,0.16187588407088183
S43A11T03,moving_support_variable_length,0.01,43013,150,0.0007629690739484267,0.0002722698203439956,0.035088977756438745,0.059998571863386724,0.1338096188537049
S43A11T03,moving_support_variable_length,0.01,43013,200,0.0007455863595404147,0.00026719765256688063,0.034025561247061624,0.05914152119222637,0.13221894238369522
S43A11T03,moving_support_variable_length,0.01,43013,250,0.0007299087688902284,0.00026531507439818403,0.033003433555342444,0.05784924243575545,0.12877443469504438
S43A11T03,moving_support_variable_length,0.01,43013,300,0.0007144545483453719,0.0002659555913360986,0.03185281665827681,0.05627560992313687,0.12434322943419153
S43A11T03,moving_support_variable_length,0.01,43014,1,0.02736499994455599,0.026769156180119703,0.05921832997035334,0.006557398415076115,0.0030047248912495324
S43A11T03,moving_support_variable_length,0.01,43014,50,0.0011750476907643544,0.00047133677220699083,0.050029594639071286,0.07210683808988913,0.1962042883576617
S43A11T03,moving_support_variable_length,0.01,43014,100,0.0007791208324767704,0.00028778788004935047,0.03500563545342185,0.057594351915433384,0.13551716270165803
S43A11T03,moving_support_variable_length,0.01,43014,150,0.0007648455381239873,0.0002691413769277302,0.03502411308631165,0.0602258647794874,0.13944044385519183
S43A11T03,moving_support_variable_length,0.01,43014,200,0.0007523305915352414,0.0002700490381481289,0.03412876333009035,0.058850061540928554,0.13510891393211633
S43A11T03,moving_support_variable_length,0.01,43014,250,0.0007373549896709982,0.0002696985194760024,0.03306596225776209,0.05747503017366581,0.1312493446000084
S43A11T03,moving_support_variable_length,0.01,43014,300,0.0007236165464561929,0.0002729752590272435,0.0319692729874094,0.055483295772942365,0.12540022797756112
S43A11T03,moving_support_variable_length,0.1,43013,1,0.04148159722975197,0.01398196038057284,0.27493270767413486,0.05093525671554941,0.0012725560940930007
S43A11T03,moving_support_variable_length,0.1,43013,50,0.005168579545127013,0.001340351063863306,0.03768120540948485,0.049608806415307766,0.0551470596736909
S43A11T03,moving_support_variable_length,0.1,43013,100,0.002399996531705607,0.0006397820048133037,0.014418853791051518,0.06252108322296966,0.31207703946485416
S43A11T03,moving_support_variable_length,0.1,43013,150,0.002146226819415755,0.000489515218210221,0.011839074642725376,0.07999661403944867,0.4648044755290513
S43A11T03,moving_support_variable_length,0.1,43013,200,0.0019774878243148633,0.00047837034673842415,0.010639850450365465,0.07401466354808794,0.42773096618508394
S43A11T03,moving_support_variable_length,0.1,43013,250,0.0016453422396053713,0.0004360173376171571,0.008855346611932081,0.06051741386909023,0.3177384994080971
S43A11T03,moving_support_variable_length,0.1,43013,300,0.0011726044573751428,0.0004705802211490407,0.005173488062198717,0.04488826173867006,0.18018660383236332
S43A11T03,moving_support_variable_length,0.1,43014,1,0.0326946496418878,0.026769156180119703,0.05921832997035334,0.006557398415076115,0.0030047248912495324
S43A11T03,moving_support_variable_length,0.1,43014,50,0.0029904603357987815,0.0005804029324363112,0.02049298277232375,0.06734316171836907,0.3540248099582582
S43A11T03,moving_support_variable_length,0.1,43014,100,0.002248055489885954,0.0004574377144459252,0.012024888989332209,0.09152239166357634,0.5789766373404501
S43A11T03,moving_support_variable_length,0.1,43014,150,0.0021506263948147517,0.00047886901019944376,0.011443637053925461,0.08275963416225442,0.5191177158065367
S43A11T03,moving_support_variable_length,0.1,43014,200,0.0020042703093740995,0.00047365776301770045,0.010661755545737506,0.07302380376751218,0.45713461140589723
S43A11T03,moving_support_variable_length,0.1,43014,250,0.0014821077823594484,0.00041166391351280906,0.007831261004229725,0.049779403306777666,0.28233982809298896
S43A11T03,moving_support_variable_length,0.1,43014,300,0.0011151156687613396,0.00047336419103411804,0.004887078736289073,0.03640305418842501,0.14940329867947166
S43A11T03,moving_support_variable_length,1.0,43013,1,0.2889210341364734,0.01398196038057284,0.27493270767413486,0.05093525671554941,0.0012725560940930007
S43A11T03,moving_support_variable_length,1.0,43013,50,0.02851807055642086,0.017398083266326803,0.01111204528138342,0.026433536808126018,0.0052986550298278
S43A11T03,moving_support_variable_length,1.0,43013,100,0.019339551589829702,0.008206644514715927,0.011084130261192529,0.023953288353414686,0.04638148508590211
S43A11T03,moving_support_variable_length,1.0,43013,150,0.012645759390263436,0.0029528731283449752,0.009551000308571363,0.02999198450053479,0.13888675489704305
S43A11T03,moving_support_variable_length,1.0,43013,200,0.00933886373362716,0.001292480519527611,0.007779407693756607,0.0482449719762453,0.2621510231453182
S43A11T03,moving_support_variable_length,1.0,43013,250,0.004292676864871809,0.000685208315365099,0.0032485431055382145,0.07041042093966872,0.3518844018745298
S43A11T03,moving_support_variable_length,1.0,43013,300,0.0023720191378788866,0.0005548865483533534,0.0013456270541736563,0.09089601643161749,0.4624159337087153
S43A11T03,moving_support_variable_length,1.0,43014,1,0.0859911466152058,0.026769156180119703,0.05921832997035334,0.006557398415076115,0.0030047248912495324
S43A11T03,moving_support_variable_length,1.0,43014,50,0.022455800482605745,0.011441581138142849,0.010958814387288641,0.0324208933916795,0.05216286783508734
S43A11T03,moving_support_variable_length,1.0,43014,100,0.010993644683838117,0.002207120575928889,0.008360202837265119,0.07312504457416827,0.419008766186691
S43A11T03,moving_support_variable_length,1.0,43014,150,0.007490986484949019,0.0010414896423835234,0.005380563202121845,0.16414652581212705,1.0525189878624381
S43A11T03,moving_support_variable_length,1.0,43014,200,0.0015508907905488064,0.00045951466613253114,0.00029647836509879747,0.13036232997183525,0.7818615263202942
S43A11T03,moving_support_variable_length,1.0,43014,250,0.0009665464453665965,0.0003241208145023747,0.00014220319904943588,0.08410645800903675,0.49181178601388226
S43A11T03,moving_support_variable_length,1.0,43014,300,0.0007485047971402019,0.0003356363096092734,7.15651565954572e-05,0.061554609827837996,0.3351478699526876
S43A11T03,moving_support_variable_length,10.0,43013,1,2.763315403203687,0.01398196038057284,0.27493270767413486,0.05093525671554941,0.0012725560940930007
S43A11T03,moving_support_variable_length,10.0,43013,50,0.09098714507276903,0.03908444966465223,0.005190058292287133,0.017855804608055317,0.00032690478467855487
S43A11T03,moving_support_variable_length,10.0,43013,100,0.08634369989955049,0.03472644768962415,0.005161448790899959,0.017483628243684605,0.001015938102375615
S43A11T03,moving_support_variable_length,10.0,43013,150,0.08488320552984994,0.03390590773020123,0.0050972541008859175,0.01861050279233659,0.0028957405103024604
S43A11T03,moving_support_variable_length,10.0,43013,200,0.083247196886845,0.03307090041674114,0.0050167542509049305,0.02033665501231408,0.006720295553326047
S43A11T03,moving_support_variable_length,10.0,43013,250,0.08130084020452615,0.0320299422665983,0.004925477468779818,0.022796571935012735,0.013843592936160545
S43A11T03,moving_support_variable_length,10.0,43013,300,0.07872460671765051,0.03064114502488578,0.004805379063006445,0.026705013028304317,0.02700056139745273
S43A11T03,moving_support_variable_length,10.0,43014,1,0.6189561163483859,0.026769156180119703,0.05921832997035334,0.006557398415076115,0.0030047248912495324
S43A11T03,moving_support_variable_length,10.0,43014,50,0.0855241346560529,0.03374875771403623,0.005176838368022254,0.018448705246398998,0.005148391269479728
S43A11T03,moving_support_variable_length,10.0,43014,100,0.0821042083504311,0.031209676769605024,0.005088167856111185,0.021898054835523834,0.01066321423066463
S43A11T03,moving_support_variable_length,10.0,43014,150,0.07816052102651483,0.029719701180487283,0.004841054563882548,0.028100739849685665,0.027464133217089404
S43A11T03,moving_support_variable_length,10.0,43014,200,0.0709076531116749,0.028165402706819092,0.0042652196437828116,0.04350619044055056,0.0857033479836461
S43A11T03,moving_support_variable_length,10.0,43014,250,0.05036920813145127,0.02712212548846879,0.0022895229840530513,0.1009462556160225,0.34175817689036797
S43A11T03,moving_support_variable_length,10.0,43014,300,0.012408649609251471,0.00735444487486479,0.00040855723191474184,0.19199066404406706,0.949433348834854
S43A11T04,moving_support_variable_length,0.0,43013,1,0.03512332439861135,0.03512332439861135,0.08294971991260262,0.012133014268448863,0.0021182266518989363
S43A11T04,moving_support_variable_length,0.0,43013,50,0.0007184886004461339,0.0007184886004461339,0.19253071150060422,0.012133014268448863,0.0021182266518989363
S43A11T04,moving_support_variable_length,0.0,43013,100,0.0005538917780982088,0.0005538917780982088,0.19769666083890877,0.012133014268448863,0.0021182266518989363
S43A11T04,moving_support_variable_length,0.0,43013,150,0.00037489721752629414,0.00037489721752629414,0.2045572954372663,0.012133014268448863,0.0021182266518989363
S43A11T04,moving_support_variable_length,0.0,43013,200,0.0002997873692424154,0.0002997873692424154,0.22762590521314485,0.012133014268448863,0.0021182266518989363
S43A11T04,moving_support_variable_length,0.0,43013,250,0.0002754267908967538,0.0002754267908967538,0.24197531861770616,0.012133014268448863,0.0021182266518989363
S43A11T04,moving_support_variable_length,0.0,43013,300,0.0002541155169780828,0.0002541155169780828,0.24716226703236424,0.012133014268448863,0.0021182266518989363
S43A11T04,moving_support_variable_length,0.0,43014,1,0.02479930083549892,0.02479930083549892,0.1570155589352961,0.04541489294297232,0.0005099767773020235
S43A11T04,moving_support_variable_length,0.0,43014,50,0.0006218232985185744,0.0006218232985185744,0.3058337290195255,0.04541489294297232,0.0005099767773020235
S43A11T04,moving_support_variable_length,0.0,43014,100,0.00037681489664527604,0.00037681489664527604,0.3330896609715586,0.04541489294297232,0.0005099767773020235
S43A11T04,moving_support_variable_length,0.0,43014,150,0.0003035879783734843,0.0003035879783734843,0.3471492202962388,0.04541489294297232,0.0005099767773020235
S43A11T04,moving_support_variable_length,0.0,43014,200,0.0002778187674552691,0.0002778187674552691,0.34966471062580684,0.04541489294297232,0.0005099767773020235
S43A11T04,moving_support_variable_length,0.0,43014,250,0.0002488030838679712,0.0002488030838679712,0.35557374723628454,0.04541489294297232,0.0005099767773020235
S43A11T04,moving_support_variable_length,0.0,43014,300,0.00022677226667504433,0.00022677226667504433,0.3611879165998421,0.04541489294297232,0.0005099767773020235
S43A11T04,moving_support_variable_length,0.01,43013,1,0.03595615312581612,0.03512332439861135,0.08294971991260262,0.012133014268448863,0.0021182266518989363
S43A11T04,moving_support_variable_length,0.01,43013,50,0.0014502958898353839,0.0007315887472193323,0.05122189408370916,0.08705262883732268,0.19778293889522777
S43A11T04,moving_support_variable_length,0.01,43013,100,0.001198214402523049,0.0005350722387534513,0.04631473661506752,0.09023228849075961,0.19097156876984642
S43A11T04,moving_support_variable_length,0.01,43013,150,0.0009815344152512527,0.00041519552396873633,0.0371395349013284,0.08813970725262521,0.1861295715439697
S43A11T04,moving_support_variable_length,0.01,43013,200,0.0009569590098634782,0.00039090465789333846,0.03656739544829073,0.09054385286876132,0.19132601220035617
S43A11T04,moving_support_variable_length,0.01,43013,250,0.0009350743775266582,0.00037051818176442444,0.03628399607181237,0.09149196838577543,0.19256703820553256
S43A11T04,moving_support_variable_length,0.01,43013,300,0.000911551725634758,0.0003519970366551201,0.03580246942524207,0.09189622438890253,0.1923403722883269
S43A11T04,moving_support_variable_length,0.01,43014,1,0.02637450789092348,0.02479930083549892,0.1570155589352961,0.04541489294297232,0.0005099767773020235
S43A11T04,moving_support_variable_length,0.01,43014,50,0.0014055379895693075,0.0006522846198776102,0.06660265009300308,0.09291598705303482,0.0779352700563631
S43A11T04,moving_support_variable_length,0.01,43014,100,0.001008998571233486,0.00044438393663077247,0.03795762844732182,0.0843667446423188,0.17660167566526344
S43A11T04,moving_support_variable_length,0.01,43014,150,0.0009703900464998481,0.0004091999788718575,0.03611842681727349,0.09002680267107144,0.19100311918814863
S43A11T04,moving_support_variable_length,0.01,43014,200,0.0009458922461956386,0.0003978427408819557,0.03534480444930529,0.0886145610874145,0.18574000471188856
S43A11T04,moving_support_variable_length,0.01,43014,250,0.0009130831935720669,0.0003739804614391721,0.034651221337162585,0.08866626190372869,0.18372389257089614
S43A11T04,moving_support_variable_length,0.01,43014,300,0.0008704811297648422,0.0003464129083449946,0.03357185826023503,0.088670099595836,0.17948262885791366
S43A11T04,moving_support_variable_length,0.1,43013,1,0.04342162791795036,0.03512332439861135,0.08294971991260262,0.012133014268448863,0.0021182266518989363
S43A11T04,moving_support_variable_length,0.1,43013,50,0.003917354411827486,0.0011729240222224568,0.02389015334300482,0.0878482445421817,0.3466302308503289
S43A11T04,moving_support_variable_length,0.1,43013,100,0.00223499797368122,0.0006766609067038533,0.009430261383666991,0.10803885199973166,0.6045070434106942
S43A11T04,moving_support_variable_length,0.1,43013,150,0.002143067738349806,0.0006171881005976252,0.00880350012051877,0.11063591154325463,0.6344660345459784
S43A11T04,moving_support_variable_length,0.1,43013,200,0.002080214446208073,0.0006006907341373782,0.008574683228227393,0.10758824456803,0.6112965647911525
S43A11T04,moving_support_variable_length,0.1,43013,250,0.002002748306449727,0.0005849262387479653,0.008297077880002038,0.10375175955887321,0.5777391037456702
S43A11T04,moving_support_variable_length,0.1,43013,300,0.001875784729188343,0.000564121615313209,0.007772634398591952,0.09873824008061176,0.5245258500078778
S43A11T04,moving_support_variable_length,0.1,43014,1,0.04050590819510013,0.02479930083549892,0.1570155589352961,0.04541489294297232,0.0005099767773020235
S43A11T04,moving_support_variable_length,0.1,43014,50,0.003644378450899288,0.0017761546559734644,0.018243937419017794,0.025270113990661022,0.04130304162497803
S43A11T04,moving_support_variable_length,0.1,43014,100,0.002222924407133405,0.0009222850353819839,0.009905724129790062,0.06028074513752138,0.30403888425866293
S43A11T04,moving_support_variable_length,0.1,43014,150,0.0019456681224560206,0.000633138759845056,0.00821729929599929,0.09068062002989934,0.4817313710080457
S43A11T04,moving_support_variable_length,0.1,43014,200,0.0016318377448132128,0.0005581355106751394,0.006814345151102329,0.07924386226090953,0.38434333280174965
S43A11T04,moving_support_variable_length,0.1,43014,250,0.0011268286219207908,0.0005533195991346936,0.0030971755664995168,0.06600125029564945,0.25719134110658043
S43A11T04,moving_support_variable_length,0.1,43014,300,0.0010708588120860933,0.0005722250787862493,0.002603031777889115,0.06305890377628451,0.232024665133304
S43A11T04,moving_support_variable_length,1.0,43013,1,0.11807637583929272,0.03512332439861135,0.08294971991260262,0.012133014268448863,0.0021182266518989363
S43A11T04,moving_support_variable_length,1.0,43013,50,0.023143255373006235,0.012882659711282315,0.010203163641759525,0.040314645735815266,0.053400555390812066
S43A11T04,moving_support_variable_length,1.0,43013,100,0.009542660058997267,0.0019034387323827561,0.007230170620584481,0.0709289995647516,0.4019578060735541
S43A11T04,moving_support_variable_length,1.0,43013,150,0.007764837028152928,0.001017460938328913,0.005941074165632579,0.13139158063659626,0.7931627661277759
S43A11T04,moving_support_variable_length,1.0,43013,200,0.002402397290307926,0.0005489787467686608,0.0008395301871500647,0.16643811328974667,0.9972445450602255
S43A11T04,moving_support_variable_length,1.0,43013,250,0.0014731612941746572,0.00043361804151432337,0.0002974395678009888,0.12990100794752638,0.7291135840645925
S43A11T04,moving_support_variable_length,1.0,43013,300,0.0012168449812239752,0.0004517967278426026,0.0001831972013298668,0.1062631573141703,0.5712247363200887
S43A11T04,moving_support_variable_length,1.0,43014,1,0.1818199112368666,0.02479930083549892,0.1570155589352961,0.04541489294297232,0.0005099767773020235
S43A11T04,moving_support_variable_length,1.0,43014,50,0.026867021739268162,0.014860787766943039,0.011996695904024073,0.03197196296898754,0.006340872004152159
S43A11T04,moving_support_variable_length,1.0,43014,100,0.011243503516676273,0.0025565299550814415,0.008594088607615133,0.01811377564424788,0.09107357641527312
S43A11T04,moving_support_variable_length,1.0,43014,150,0.007516467332610445,0.0013527178700081515,0.005930958255742779,0.04889806219788023,0.22790140063972744
S43A11T04,moving_support_variable_length,1.0,43014,200,0.0033360633953013735,0.0006595957328660189,0.0023225739046672314,0.07290274749617819,0.34660348301850546
S43A11T04,moving_support_variable_length,1.0,43014,250,0.0025504262538534658,0.0005624556096348183,0.0014952107838783469,0.09684022288678916,0.4830758380516215
S43A11T04,moving_support_variable_length,1.0,43014,300,0.001716044178237036,0.00048026141006854715,0.0007035262191735571,0.10650693045424127,0.5216058559495075
S43A11T04,moving_support_variable_length,10.0,43013,1,0.8646238550527163,0.03512332439861135,0.08294971991260262,0.012133014268448863,0.0021182266518989363
S43A11T04,moving_support_variable_length,10.0,43013,50,0.07776678073908108,0.034384047135544875,0.0043377293498432145,0.02051013638277263,0.0033890914657818227
S43A11T04,moving_support_variable_length,10.0,43013,100,0.0730858973209142,0.03166918517871436,0.004140822995246886,0.023781323044400896,0.006104057426534505
S43A11T04,moving_support_variable_length,10.0,43013,150,0.06979722020631594,0.029290608314330866,0.00404853504395447,0.029809626971326105,0.01828048974324168
S43A11T04,moving_support_variable_length,10.0,43013,200,0.06474711351221807,0.025788721314207844,0.0038892086070946275,0.04123439395812557,0.062182687668139135
S43A11T04,moving_support_variable_length,10.0,43013,250,0.053141664486527754,0.019043969560854346,0.0033850076329255043,0.07779557014481721,0.23983903940388077
S43A11T04,moving_support_variable_length,10.0,43013,300,0.00979195804625585,0.003654508156113194,0.0005094649685176694,0.21253461603648974,1.0215467433623127
S43A11T04,moving_support_variable_length,10.0,43014,1,1.5949599416545315,0.02479930083549892,0.1570155589352961,0.04541489294297232,0.0005099767773020235
S43A11T04,moving_support_variable_length,10.0,43014,50,0.0788855812559873,0.03687136317887627,0.004201222266498452,0.019707875397021263,2.46245868006407e-05
S43A11T04,moving_support_variable_length,10.0,43014,100,0.07499085713381334,0.03421456998974775,0.004077383102423044,0.02154027547482423,0.00030209228767606424
S43A11T04,moving_support_variable_length,10.0,43014,150,0.07290540109554348,0.03265521920764972,0.004024502579839907,0.02460043586124638,0.0026960459085458906
S43A11T04,moving_support_variable_length,10.0,43014,200,0.06990828714940209,0.030791206742427576,0.003910243692256066,0.02899220388400812,0.01174426402544636
S43A11T04,moving_support_variable_length,10.0,43014,250,0.06428650316423237,0.027454035591060553,0.003678239043348009,0.03962530015844228,0.04611460967587813
S43A11T04,moving_support_variable_length,10.0,43014,300,0.04769440406041927,0.01940492509695133,0.002806657138817729,0.07727147894133685,0.21518042739651422
S43A11T05,moving_support_variable_length,0.0,43013,1,0.02557974241216909,0.02557974241216909,0.12373864498944487,0.023333040326110974,0.0009272630893341219
S43A11T05,moving_support_variable_length,0.0,43013,50,0.0008420166651359495,0.0008420166651359495,0.260557489961432,0.023333040326110974,0.0009272630893341219
S43A11T05,moving_support_variable_length,0.0,43013,100,0.00046837537888786855,0.00046837537888786855,0.2731186058231892,0.023333040326110974,0.0009272630893341219
S43A11T05,moving_support_variable_length,0.0,43013,150,0.0004260882639955808,0.0004260882639955808,0.26987032156594176,0.023333040326110974,0.0009272630893341219
S43A11T05,moving_support_variable_length,0.0,43013,200,0.0003733420344015897,0.0003733420344015897,0.2772341166470003,0.023333040326110974,0.0009272630893341219
S43A11T05,moving_support_variable_length,0.0,43013,250,0.00031702770783986924,0.00031702770783986924,0.2907104459569943,0.023333040326110974,0.0009272630893341219
S43A11T05,moving_support_variable_length,0.0,43013,300,0.00027333774813614485,0.00027333774813614485,0.31838637886626264,0.023333040326110974,0.0009272630893341219
S43A11T05,moving_support_variable_length,0.0,43014,1,0.04120494413824876,0.04120494413824876,0.20605667220219517,0.02027000533538217,7.934318469073596e-05
S43A11T05,moving_support_variable_length,0.0,43014,50,0.0009373618152768451,0.0009373618152768451,0.3465026084507998,0.02027000533538217,7.934318469073596e-05
S43A11T05,moving_support_variable_length,0.0,43014,100,0.0007263229367564852,0.0007263229367564852,0.3573865593525238,0.02027000533538217,7.934318469073596e-05
S43A11T05,moving_support_variable_length,0.0,43014,150,0.0004861942882366188,0.0004861942882366188,0.3481980853734969,0.02027000533538217,7.934318469073596e-05
S43A11T05,moving_support_variable_length,0.0,43014,200,0.00044262723084090115,0.00044262723084090115,0.3460717705594729,0.02027000533538217,7.934318469073596e-05
S43A11T05,moving_support_variable_length,0.0,43014,250,0.0004103284785196186,0.0004103284785196186,0.34988834661517204,0.02027000533538217,7.934318469073596e-05
S43A11T05,moving_support_variable_length,0.0,43014,300,0.0003796464613304183,0.0003796464613304183,0.3550326106795172,0.02027000533538217,7.934318469073596e-05
S43A11T05,moving_support_variable_length,0.01,43013,1,0.026820389429185482,0.02557974241216909,0.12373864498944487,0.023333040326110974,0.0009272630893341219
S43A11T05,moving_support_variable_length,0.01,43013,50,0.0015425032264674563,0.0008621082829981301,0.05168599765984072,0.13132125438830508,0.1504028414320885
S43A11T05,moving_support_variable_length,0.01,43013,100,0.0010587285355205802,0.0005443171244308888,0.03514618959934738,0.10692083492773723,0.152257431603444
S43A11T05,moving_support_variable_length,0.01,43013,150,0.0010268812677149517,0.0005011632675681816,0.03519599035836938,0.1089364107403119,0.16286445548904518
S43A11T05,moving_support_variable_length,0.01,43013,200,0.0009963948923242714,0.0004719366486861147,0.03508159760570718,0.10949150148118224,0.16269311743296663
S43A11T05,moving_support_variable_length,0.01,43013,250,0.0009632913363610736,0.00043968249742369625,0.03503624377221185,0.1099393665222888,0.16225246456302983
S43A11T05,moving_support_variable_length,0.01,43013,300,0.0009368570394320398,0.00041362319415842106,0.03503242453913185,0.1105819986091836,0.16185140002138182
S43A11T05,moving_support_variable_length,0.01,43014,1,0.04326761720398894,0.04120494413824876,0.20605667220219517,0.02027000533538217,7.934318469073596e-05
S43A11T05,moving_support_variable_length,0.01,43014,50,0.0017821825850618405,0.000977740862438975,0.07268514717380264,0.11165805876982131,0.06642444500785671
S43A11T05,moving_support_variable_length,0.01,43014,100,0.0013105077572109396,0.000647334094705704,0.04503732601561842,0.11927990934676676,0.20087241141437484
S43A11T05,moving_support_variable_length,0.01,43014,150,0.0010546975859422926,0.0005443776783849853,0.034307803059715314,0.1061830553623595,0.1566235714239182
S43A11T05,moving_support_variable_length,0.01,43014,200,0.001023050592743482,0.000507335829360277,0.034718798204017916,0.10683743384190376,0.15784303795883542
S43A11T05,moving_support_variable_length,0.01,43014,250,0.0009969540653970712,0.00048216847753883296,0.0345494277401928,0.10745934809962804,0.1585453756463475
S43A11T05,moving_support_variable_length,0.01,43014,300,0.0009724006092940662,0.0004587453415777591,0.03437230142719029,0.10787219269135945,0.1591450341752683
S43A11T05,moving_support_variable_length,0.1,43013,1,0.03795686747823552,0.02557974241216909,0.12373864498944487,0.023333040326110974,0.0009272630893341219
S43A11T05,moving_support_variable_length,0.1,43013,50,0.0032154744460067336,0.00116534345747873,0.019080989029221312,0.06126276979334128,0.13590580862653848
S43A11T05,moving_support_variable_length,0.1,43013,100,0.002537867536304592,0.0007805148894900472,0.012997218909192504,0.11586646796758415,0.4460441090985359
S43A11T05,moving_support_variable_length,0.1,43013,150,0.00243635483439068,0.0007090327312939,0.012229566877394593,0.12666088906565637,0.4916993264507549
S43A11T05,moving_support_variable_length,0.1,43013,200,0.0022475414201930887,0.0006722724504058578,0.011152877411367985,0.11821460461170268,0.4481597681892621
S43A11T05,moving_support_variable_length,0.1,43013,250,0.0013638296833021857,0.0006690680116029343,0.0038672284013169314,0.09306750534321012,0.2987320810332372
S43A11T05,moving_support_variable_length,0.1,43013,300,0.0009854649958739908,0.0006112598929124883,0.0014870287421097,0.0784451020653004,0.21765771854400248
S43A11T05,moving_support_variable_length,0.1,43014,1,0.061812717702186507,0.04120494413824876,0.20605667220219517,0.02027000533538217,7.934318469073596e-05
S43A11T05,moving_support_variable_length,0.1,43014,50,0.005801232668670079,0.0017179600203304465,0.040165265614337274,0.0741269943922358,0.05933338746668091
S43A11T05,moving_support_variable_length,0.1,43014,100,0.0027282959588945063,0.0009914373768135296,0.014865872921405862,0.0837340969954104,0.24189788024084927
S43A11T05,moving_support_variable_length,0.1,43014,150,0.0024857583449029693,0.0007628230036987646,0.012690388655145676,0.11692510731370544,0.4422039649582666
S43A11T05,moving_support_variable_length,0.1,43014,200,0.0023716905479162255,0.0007149645877169824,0.011969892732362056,0.11737438149322606,0.4479992488137148
S43A11T05,moving_support_variable_length,0.1,43014,250,0.0020408681676372985,0.0006568070420554193,0.00999826064789592,0.10393290278193824,0.3738417705140933
S43A11T05,moving_support_variable_length,0.1,43014,300,0.0013873106927233595,0.0006663640091346042,0.004392169584277112,0.09114870002784119,0.2726148551582598
S43A11T05,moving_support_variable_length,1.0,43013,1,0.1493216479687359,0.02557974241216909,0.12373864498944487,0.023333040326110974,0.0009272630893341219
S43A11T05,moving_support_variable_length,1.0,43013,50,0.027530781673850892,0.012824357120284102,0.01465873705172672,0.05412764289387905,0.04227473755068179
S43A11T05,moving_support_variable_length,1.0,43013,100,0.013037264140242468,0.0021133802151134967,0.01058612971889143,0.08997298871999325,0.3287569073655439
S43A11T05,moving_support_variable_length,1.0,43013,150,0.010080996076278834,0.0014132658383787678,0.00790450630555818,0.16836432294313217,0.7463875000475731
S43A11T05,moving_support_variable_length,1.0,43013,200,0.0026460874372112655,0.0008090526542406299,0.0008261879216920941,0.22444180339938954,0.9884026809386031
S43A11T05,moving_support_variable_length,1.0,43013,250,0.001445913146431562,0.0005569669427013271,0.000293709103018817,0.14418936305371863,0.5808181644060461
S43A11T05,moving_support_variable_length,1.0,43013,300,0.0011080569738018994,0.0005660981964226349,0.00011430904033254826,0.11198586799039827,0.4164511502476764
S43A11T05,moving_support_variable_length,1.0,43014,1,0.24726372268416216,0.04120494413824876,0.20605667220219517,0.02027000533538217,7.934318469073596e-05
S43A11T05,moving_support_variable_length,1.0,43014,50,0.032192312860451516,0.01829152370345692,0.013883394232539903,0.04232828816483999,0.013162095638209829
S43A11T05,moving_support_variable_length,1.0,43014,100,0.019814352852252443,0.006907280645034076,0.01284315251578301,0.04765352739591807,0.05915433869576514
S43A11T05,moving_support_variable_length,1.0,43014,150,0.013077975288059516,0.0019128877994327076,0.011014854883505199,0.05053422559726423,0.14517918256188203
S43A11T05,moving_support_variable_length,1.0,43014,200,0.007140399900569964,0.0011090334128226532,0.005750613670332995,0.08481785106942479,0.27227103230737326
S43A11T05,moving_support_variable_length,1.0,43014,250,0.0027749326530878814,0.0007636467032443962,0.0015571005025282175,0.12150759192583122,0.4420346881226847
S43A11T05,moving_support_variable_length,1.0,43014,300,0.0013070759095337912,0.000603260787983223,0.00026046106023206887,0.11648782508530352,0.4317052788099689
S43A11T05,moving_support_variable_length,10.0,43013,1,1.2629694528737399,0.02557974241216909,0.12373864498944487,0.023333040326110974,0.0009272630893341219
S43A11T05,moving_support_variable_length,10.0,43013,50,0.11252718891688993,0.042806130536803454,0.0069718225338116745,0.026294667313779708,0.00020357523833104959
S43A11T05,moving_support_variable_length,10.0,43013,100,0.10615414132800902,0.03679945810531726,0.006934747224373708,0.03188297376855953,0.004022681577811266
S43A11T05,moving_support_variable_length,10.0,43013,150,0.09850526816137561,0.03389381980158121,0.006457981135607603,0.04490016126449451,0.027146987591925794
S43A11T05,moving_support_variable_length,10.0,43013,200,0.0822834249209623,0.03070174348623304,0.0051419584656900025,0.08538651297373266,0.15355812653185094
S43A11T05,moving_support_variable_length,10.0,43013,250,0.03206801318163554,0.021059382090916883,0.001017423966875974,0.2413876899734698,0.8102526529615721
S43A11T05,moving_support_variable_length,10.0,43013,300,0.009128603504299006,0.005311778095308552,0.00024731589548113224,0.3175530967286409,1.3119111445062674
S43A11T05,moving_support_variable_length,10.0,43014,1,2.101773772503919,0.04120494413824876,0.20605667220219517,0.02027000533538217,7.934318469073596e-05
S43A11T05,moving_support_variable_length,10.0,43014,50,0.11488296629238513,0.046502160618970965,0.006837742554176567,0.02199747504324695,0.0011803841441820268
S43A11T05,moving_support_variable_length,10.0,43014,100,0.10657293894848525,0.03895649605120449,0.006761021480176742,0.031412982631126296,0.003086797250231335
S43A11T05,moving_support_variable_length,10.0,43014,150,0.10228348674993376,0.03771524735648923,0.006455682151172402,0.03787554388825861,0.007630327331687124
S43A11T05,moving_support_variable_length,10.0,43014,200,0.09537067114772467,0.03939629530196747,0.0055951623906903775,0.04735773173396649,0.01801616568003925
S43A11T05,moving_support_variable_length,10.0,43014,250,0.0709560915594077,0.045116063011008845,0.002579073493387016,0.06677924552842988,0.0426156899758478
S43A11T05,moving_support_variable_length,10.0,43014,300,0.03926226805502712,0.02674806232346738,0.0012407766730765347,0.07831390170809949,0.09860761062357919
